SUB,AREAkm2,PRECIPmm,SYLDt_ha,ORGNkg_ha,ORGPkg_ha,SOLPkg_ha,Area_ha,Slope_pct,Elev_m,AGRL_pct,FRST_pct,PAST_pct,URBN_pct,WATR_pct
1,1.14660E+03,0.7,0.0,0.0,0.0,0.0,14660,27.435247076317104,562.4830869533188,0.0,74.97482994867765,0.0,1.028288682071556,0.0509540063354859
2,1.81630E+00,0.6,0.0,0.0,0.0,0.0,82,12.954862920778917,339.04961411245864,41.12458654906284,34.619625137816975,0.0,16.5380374862183,0.0
3,1.50535E+02,0.6,0.0,0.0,0.0,0.0,5054,41.958584091155615,641.3518076580588,0.0,68.74977738201247,0.0,0.309884238646482,0.003561887800534
4,1.38595E+03,1.4,0.0,0.0,0.0,0.0,38595,35.874289922904694,809.4428144354899,0.0,64.04792552794568,0.0,0.282628162077457,0.665528691888665
5,1.26874E+03,1.9,0.0,0.0,0.0,0.0,26874,31.515515664452156,814.6438522696067,0.0,70.19102606179545,0.0,0.517752965525554,0.00971205433392
6,1.12990E+03,0.0,0.0,0.0,0.0,0.0,12990,25.634712806431136,491.1601676713088,0.0,62.08688422365413,0.0,2.404905425067553,0.016628559551029
7,1.12785E+03,0.8,0.0,0.0,0.0,0.0,12785,32.66128311418672,710.7400128117587,0.0,29.085507929915455,7.052098805409095,0.52021371702908,0.002815771134123
8,1.12233E+03,0.5,0.0,0.0,0.0,0.0,12233,30.18670878130093,625.6174932132689,0.0,77.79175586895907,0.0,0.680512333826246,0.0
9,1.19228E+03,0.8,0.0,0.0,0.0,0.0,19228,34.36246307511638,820.1150807395272,0.0,77.95459864263984,0.0,0.482096887432716,0.000936110461034
10,1.40616E+03,0.1,0.0,0.0,0.0,0.0,40616,29.691034248570336,755.0618521292485,0.0,67.4080294979237,0.0,0.742766228068233,0.010636270568996
11,1.16266E+03,0.4,0.0,0.0,0.0,0.0,16266,40.77669054742595,504.2856249654181,0.0,78.59071543185968,0.0,1.397665025175676,2.174514469097549
12,1.51207E+02,0.3,0.0,0.0,0.0,0.0,5121,33.58702833654999,483.4569660966308,0.0,80.6404555600471,0.0,2.052832311018156,0.147635200449936
13,1.22301E+03,0.4,0.0,0.0,0.0,0.0,22301,30.845331735862043,532.8902390791981,0.0,74.23037807122333,0.0,1.298308203919544,0.489539276143739
14,1.43711E+02,0.9,0.0,0.0,0.0,0.0,4371,12.39272077109365,134.60869296656236,15.959067698896392,33.112337341459394,0.0,42.79978586723769,0.422088618020096
15,1.87316E+02,0.2,0.0,0.0,0.0,0.0,8732,15.22976270305725,284.5455482487786,29.212104970211712,36.40973839905997,0.0,6.252447999340329,5.949411449421756
16,1.70627E+02,0.9,0.0,0.0,0.0,0.0,7063,4.208287025399914,72.89904936666922,42.26240538267452,0.0,0.0,26.963070571144584,0.047149374315059
17,1.35018E+03,0.7,0.0,0.0,0.0,0.0,35018,19.152642394642903,261.0541831153878,15.664322723908215,36.570133234641006,0.0,9.855868081256682,0.462620281273131
18,1.17507E+03,1.9,0.0,0.0,0.0,0.0,17507,27.858034110475717,391.41686244068944,13.32617066011402,57.47942445007634,0.0,3.693574670868311,1.801292365584211
19,1.35436E+03,4.8,0.0,0.0,0.0,0.0,35436,26.41756080268095,438.7000619717165,10.191553559817946,39.18237971391417,0.0,2.672657265929779,0.853634996749025
20,1.11300E+03,0.9,0.0,0.0,0.0,0.0,11300,32.057487961659845,489.7347021671432,0.0,70.59901080784027,0.0,7.1346081859235255,1.642281991446116
21,1.20005E+03,0.9,0.0,0.0,0.0,0.0,20005,25.025608937481863,330.604511386437,23.11838115546918,47.699318883220414,0.0,9.60086736667836,0.116068777498853
22,1.19905E+03,1.0,0.0,0.0,0.0,0.0,19905,26.86646520042202,412.7586980209883,11.108599228651132,41.351714284422464,0.0,3.86171785631932,1.5580704522744848
23,1.24503E+03,0.9,0.0,0.0,0.0,0.0,24502,34.75216078793627,721.3639816345271,0.0,74.36914600550963,0.0,0.606795224977044,0.01505968778696
24,1.12981E+03,0.2,0.0,0.0,0.0,0.0,12981,24.182426273681894,396.8857235957237,11.458145564969008,64.65217210443849,0.0,1.911424173934746,1.562001691648526
25,1.28206E+03,0.6,0.0,0.0,0.0,0.0,28206,32.08664439145956,629.6594161510898,3.73863683500158,30.325491459877536,0.0,1.154424175901316,0.066368222384597
26,1.14931E+03,0.0,0.0,0.0,0.0,0.0,14931,19.678815390948746,307.2944147749876,8.013164398259214,50.06811250015069,0.0,5.168111294619716,0.074140155031284
27,1.37620E+00,0.1,0.0,0.0,0.0,0.0,38,4.463205406326426,28.258373205741627,0.239234449760766,0.0,0.0,0.0,0.0
28,1.76990E+02,0.0,0.0,0.0,0.0,0.0,7699,2.927109847097829,33.73128448517722,38.02370709810156,0.0,0.0,39.22192088282053,8.569858786121761
29,1.10083E+03,0.3,0.0,0.0,0.0,0.0,10083,2.568417997307553,54.73326549375608,37.75718787099769,0.0,0.0,34.11973685385034,6.057360147818868
30,1.31632E+02,0.5,0.0,0.0,0.0,0.0,3163,2.552870526126334,40.06285031439384,46.60710729222978,0.0,0.0,33.90901072637779,2.728540131447918
31,1.28342E+03,0.1,0.0,0.0,0.0,0.0,28342,4.410624211260036,52.966508316556265,40.11380884940015,0.0,0.0,22.40992778980928,0.330566440361495
32,1.37645E+03,0.7,0.0,0.0,0.0,0.0,37645,11.57116200308904,221.8039844314069,8.30739364728721,23.717957913158237,0.0,5.579064641219476,31.17711187296487
1,2.14660E+03,1.0,0.0,0.0,0.0,0.0,14660,27.435247076317104,562.4830869533188,0.0,74.97482994867765,0.0,1.028288682071556,0.0509540063354859
2,2.81630E+00,1.2,0.0,0.0,0.0,0.0,82,12.954862920778917,339.04961411245864,41.12458654906284,34.619625137816975,0.0,16.5380374862183,0.0
3,2.50535E+02,1.2,0.0,0.0,0.0,0.0,5054,41.958584091155615,641.3518076580588,0.0,68.74977738201247,0.0,0.309884238646482,0.003561887800534
4,2.38595E+03,0.3,0.0,0.0,0.0,0.0,38595,35.874289922904694,809.4428144354899,0.0,64.04792552794568,0.0,0.282628162077457,0.665528691888665
5,2.26874E+03,2.2,0.0,0.0,0.0,0.0,26874,31.515515664452156,814.6438522696067,0.0,70.19102606179545,0.0,0.517752965525554,0.00971205433392
6,2.12990E+03,0.8,0.0,0.0,0.0,0.0,12990,25.634712806431136,491.1601676713088,0.0,62.08688422365413,0.0,2.404905425067553,0.016628559551029
7,2.12785E+03,1.3,0.0,0.0,0.0,0.0,12785,32.66128311418672,710.7400128117587,0.0,29.085507929915455,7.052098805409095,0.52021371702908,0.002815771134123
8,2.12233E+03,1.8,0.0,0.0,0.0,0.0,12233,30.18670878130093,625.6174932132689,0.0,77.79175586895907,0.0,0.680512333826246,0.0
9,2.19228E+03,1.3,0.0,0.0,0.0,0.0,19228,34.36246307511638,820.1150807395272,0.0,77.95459864263984,0.0,0.482096887432716,0.000936110461034
10,2.40616E+03,1.2,0.0,0.0,0.0,0.0,40616,29.691034248570336,755.0618521292485,0.0,67.4080294979237,0.0,0.742766228068233,0.010636270568996
11,2.16266E+03,2.6,0.0,0.0,0.0,0.0,16266,40.77669054742595,504.2856249654181,0.0,78.59071543185968,0.0,1.397665025175676,2.174514469097549
12,2.51207E+02,2.1,0.0,0.0,0.0,0.0,5121,33.58702833654999,483.4569660966308,0.0,80.6404555600471,0.0,2.052832311018156,0.147635200449936
13,2.22301E+03,3.0,0.0,0.0,0.0,0.0,22301,30.845331735862043,532.8902390791981,0.0,74.23037807122333,0.0,1.298308203919544,0.489539276143739
14,2.43711E+02,6.6,0.0,0.0,0.0,0.0,4371,12.39272077109365,134.60869296656236,15.959067698896392,33.112337341459394,0.0,42.79978586723769,0.422088618020096
15,2.87316E+02,3.0,0.0,0.0,0.0,0.0,8732,15.22976270305725,284.5455482487786,29.212104970211712,36.40973839905997,0.0,6.252447999340329,5.949411449421756
16,2.70627E+02,6.6,0.0,0.0,0.0,0.0,7063,4.208287025399914,72.89904936666922,42.26240538267452,0.0,0.0,26.963070571144584,0.047149374315059
17,2.35018E+03,7.7,0.0,0.0,0.0,0.0,35018,19.152642394642903,261.0541831153878,15.664322723908215,36.570133234641006,0.0,9.855868081256682,0.462620281273131
18,2.17507E+03,4.7,0.0,0.0,0.0,0.0,17507,27.858034110475717,391.41686244068944,13.32617066011402,57.47942445007634,0.0,3.693574670868311,1.801292365584211
19,2.35436E+03,4.0,0.0,0.0,0.0,0.0,35436,26.41756080268095,438.7000619717165,10.191553559817946,39.18237971391417,0.0,2.672657265929779,0.853634996749025
20,2.11300E+03,6.6,0.0,0.0,0.0,0.0,11300,32.057487961659845,489.7347021671432,0.0,70.59901080784027,0.0,7.1346081859235255,1.642281991446116
21,2.20005E+03,6.6,0.0,0.0,0.0,0.0,20005,25.025608937481863,330.604511386437,23.11838115546918,47.699318883220414,0.0,9.60086736667836,0.116068777498853
22,2.19905E+03,4.0,0.0,0.0,0.0,0.0,19905,26.86646520042202,412.7586980209883,11.108599228651132,41.351714284422464,0.0,3.86171785631932,1.5580704522744848
23,2.24503E+03,4.3,0.0,0.0,0.0,0.0,24502,34.75216078793627,721.3639816345271,0.0,74.36914600550963,0.0,0.606795224977044,0.01505968778696
24,2.12981E+03,3.0,0.0,0.0,0.0,0.0,12981,24.182426273681894,396.8857235957237,11.458145564969008,64.65217210443849,0.0,1.911424173934746,1.562001691648526
25,2.28206E+03,2.7,0.0,0.0,0.0,0.0,28206,32.08664439145956,629.6594161510898,3.73863683500158,30.325491459877536,0.0,1.154424175901316,0.066368222384597
26,2.14931E+03,3.0,0.0,0.0,0.0,0.0,14931,19.678815390948746,307.2944147749876,8.013164398259214,50.06811250015069,0.0,5.168111294619716,0.074140155031284
27,2.37620E+00,7.4,0.0,0.0,0.0,0.0,38,4.463205406326426,28.258373205741627,0.239234449760766,0.0,0.0,0.0,0.0
28,2.76990E+02,4.2,0.0,0.0,0.0,0.0,7699,2.927109847097829,33.73128448517722,38.02370709810156,0.0,0.0,39.22192088282053,8.569858786121761
29,2.10083E+03,7.0,0.0,0.0,0.0,0.0,10083,2.568417997307553,54.73326549375608,37.75718787099769,0.0,0.0,34.11973685385034,6.057360147818868
30,2.31632E+02,5.9,0.0,0.0,0.0,0.0,3163,2.552870526126334,40.06285031439384,46.60710729222978,0.0,0.0,33.90901072637779,2.728540131447918
31,2.28342E+03,7.1,0.0,0.0,0.0,0.0,28342,4.410624211260036,52.966508316556265,40.11380884940015,0.0,0.0,22.40992778980928,0.330566440361495
32,2.37645E+03,4.4,0.0,0.0,0.0,0.0,37645,11.57116200308904,221.8039844314069,8.30739364728721,23.717957913158237,0.0,5.579064641219476,31.17711187296487
1,3.14660E+03,0.2,0.0,0.0,0.0,0.0,14660,27.435247076317104,562.4830869533188,0.0,74.97482994867765,0.0,1.028288682071556,0.0509540063354859
2,3.81630E+00,0.1,0.0,0.0,0.0,0.0,82,12.954862920778917,339.04961411245864,41.12458654906284,34.619625137816975,0.0,16.5380374862183,0.0
3,3.50535E+02,0.1,0.0,0.0,0.0,0.0,5054,41.958584091155615,641.3518076580588,0.0,68.74977738201247,0.0,0.309884238646482,0.003561887800534
4,3.38595E+03,0.1,0.0,0.0,0.0,0.0,38595,35.874289922904694,809.4428144354899,0.0,64.04792552794568,0.0,0.282628162077457,0.665528691888665
5,3.26874E+03,0.0,0.0,0.0,0.0,0.0,26874,31.515515664452156,814.6438522696067,0.0,70.19102606179545,0.0,0.517752965525554,0.00971205433392
6,3.12990E+03,0.3,0.0,0.0,0.0,0.0,12990,25.634712806431136,491.1601676713088,0.0,62.08688422365413,0.0,2.404905425067553,0.016628559551029
7,3.12785E+03,0.1,0.0,0.0,0.0,0.0,12785,32.66128311418672,710.7400128117587,0.0,29.085507929915455,7.052098805409095,0.52021371702908,0.002815771134123
8,3.12233E+03,0.8,0.0,0.0,0.0,0.0,12233,30.18670878130093,625.6174932132689,0.0,77.79175586895907,0.0,0.680512333826246,0.0
9,3.19228E+03,0.1,0.0,0.0,0.0,0.0,19228,34.36246307511638,820.1150807395272,0.0,77.95459864263984,0.0,0.482096887432716,0.000936110461034
10,3.40616E+03,0.5,0.0,0.0,0.0,0.0,40616,29.691034248570336,755.0618521292485,0.0,67.4080294979237,0.0,0.742766228068233,0.010636270568996
11,3.16266E+03,0.3,0.0,0.0,0.0,0.0,16266,40.77669054742595,504.2856249654181,0.0,78.59071543185968,0.0,1.397665025175676,2.174514469097549
12,3.51207E+02,0.1,0.0,0.0,0.0,0.0,5121,33.58702833654999,483.4569660966308,0.0,80.6404555600471,0.0,2.052832311018156,0.147635200449936
13,3.22301E+03,1.1,0.0,0.0,0.0,0.0,22301,30.845331735862043,532.8902390791981,0.0,74.23037807122333,0.0,1.298308203919544,0.489539276143739
14,3.43711E+02,0.2,0.0,0.0,0.0,0.0,4371,12.39272077109365,134.60869296656236,15.959067698896392,33.112337341459394,0.0,42.79978586723769,0.422088618020096
15,3.87316E+02,1.6,0.0,0.0,0.0,0.0,8732,15.22976270305725,284.5455482487786,29.212104970211712,36.40973839905997,0.0,6.252447999340329,5.949411449421756
16,3.70627E+02,0.2,0.0,0.0,0.0,0.0,7063,4.208287025399914,72.89904936666922,42.26240538267452,0.0,0.0,26.963070571144584,0.047149374315059
17,3.35018E+03,2.3,0.0,0.0,0.0,0.0,35018,19.152642394642903,261.0541831153878,15.664322723908215,36.570133234641006,0.0,9.855868081256682,0.462620281273131
18,3.17507E+03,0.1,0.0,0.0,0.0,0.0,17507,27.858034110475717,391.41686244068944,13.32617066011402,57.47942445007634,0.0,3.693574670868311,1.801292365584211
19,3.35436E+03,0.0,0.0,0.0,0.0,0.0,35436,26.41756080268095,438.7000619717165,10.191553559817946,39.18237971391417,0.0,2.672657265929779,0.853634996749025
20,3.11300E+03,0.2,0.0,0.0,0.0,0.0,11300,32.057487961659845,489.7347021671432,0.0,70.59901080784027,0.0,7.1346081859235255,1.642281991446116
21,3.20005E+03,0.2,0.0,0.0,0.0,0.0,20005,25.025608937481863,330.604511386437,23.11838115546918,47.699318883220414,0.0,9.60086736667836,0.116068777498853
22,3.19905E+03,2.1,0.0,0.0,0.0,0.0,19905,26.86646520042202,412.7586980209883,11.108599228651132,41.351714284422464,0.0,3.86171785631932,1.5580704522744848
23,3.24503E+03,0.1,0.0,0.0,0.0,0.0,24502,34.75216078793627,721.3639816345271,0.0,74.36914600550963,0.0,0.606795224977044,0.01505968778696
24,3.12981E+03,1.6,0.0,0.0,0.0,0.0,12981,24.182426273681894,396.8857235957237,11.458145564969008,64.65217210443849,0.0,1.911424173934746,1.562001691648526
25,3.28206E+03,3.8,0.0,0.0,0.0,0.0,28206,32.08664439145956,629.6594161510898,3.73863683500158,30.325491459877536,0.0,1.154424175901316,0.066368222384597
26,3.14931E+03,1.8,0.0,0.0,0.0,0.0,14931,19.678815390948746,307.2944147749876,8.013164398259214,50.06811250015069,0.0,5.168111294619716,0.074140155031284
27,3.37620E+00,3.4,0.0,0.0,0.0,0.0,38,4.463205406326426,28.258373205741627,0.239234449760766,0.0,0.0,0.0,0.0
28,3.76990E+02,2.1,0.0,0.0,0.0,0.0,7699,2.927109847097829,33.73128448517722,38.02370709810156,0.0,0.0,39.22192088282053,8.569858786121761
29,3.10083E+03,1.8,0.0,0.0,0.0,0.0,10083,2.568417997307553,54.73326549375608,37.75718787099769,0.0,0.0,34.11973685385034,6.057360147818868
30,3.31632E+02,0.9,0.0,0.0,0.0,0.0,3163,2.552870526126334,40.06285031439384,46.60710729222978,0.0,0.0,33.90901072637779,2.728540131447918
31,3.28342E+03,2.8,0.0,0.0,0.0,0.0,28342,4.410624211260036,52.966508316556265,40.11380884940015,0.0,0.0,22.40992778980928,0.330566440361495
32,3.37645E+03,1.3,0.0,0.0,0.0,0.0,37645,11.57116200308904,221.8039844314069,8.30739364728721,23.717957913158237,0.0,5.579064641219476,31.17711187296487
1,4.14660E+03,241.6,0.011,0.019,0.003,0.016,14660,27.435247076317104,562.4830869533188,0.0,74.97482994867765,0.0,1.028288682071556,0.0509540063354859
2,4.81630E+00,112.3,0.021,0.093,0.015,0.01,82,12.954862920778917,339.04961411245864,41.12458654906284,34.619625137816975,0.0,16.5380374862183,0.0
3,4.50535E+02,112.3,0.0,0.002,0.0,0.001,5054,41.958584091155615,641.3518076580588,0.0,68.74977738201247,0.0,0.309884238646482,0.003561887800534
4,4.38595E+03,68.3,0.0,0.0,0.0,0.0,38595,35.874289922904694,809.4428144354899,0.0,64.04792552794568,0.0,0.282628162077457,0.665528691888665
5,4.26874E+03,59.2,0.0,0.0,0.0,0.0,26874,31.515515664452156,814.6438522696067,0.0,70.19102606179545,0.0,0.517752965525554,0.00971205433392
6,4.12990E+03,272.8,0.016,0.025,0.004,0.024,12990,25.634712806431136,491.1601676713088,0.0,62.08688422365413,0.0,2.404905425067553,0.016628559551029
7,4.12785E+03,94.8,0.033,0.045,0.007,0.001,12785,32.66128311418672,710.7400128117587,0.0,29.085507929915455,7.052098805409095,0.52021371702908,0.002815771134123
8,4.12233E+03,197.4,0.008,0.015,0.002,0.012,12233,30.18670878130093,625.6174932132689,0.0,77.79175586895907,0.0,0.680512333826246,0.0
9,4.19228E+03,94.8,0.0,0.001,0.0,0.001,19228,34.36246307511638,820.1150807395272,0.0,77.95459864263984,0.0,0.482096887432716,0.000936110461034
10,4.40616E+03,315.8,0.024,0.047,0.007,0.035,40616,29.691034248570336,755.0618521292485,0.0,67.4080294979237,0.0,0.742766228068233,0.010636270568996
11,4.16266E+03,129.8,0.0,0.002,0.0,0.001,16266,40.77669054742595,504.2856249654181,0.0,78.59071543185968,0.0,1.397665025175676,2.174514469097549
12,4.51207E+02,207.2,0.003,0.007,0.001,0.006,5121,33.58702833654999,483.4569660966308,0.0,80.6404555600471,0.0,2.052832311018156,0.147635200449936
13,4.22301E+03,89.9,0.0,0.001,0.0,0.0,22301,30.845331735862043,532.8902390791981,0.0,74.23037807122333,0.0,1.298308203919544,0.489539276143739
14,4.43711E+02,331.5,0.301,0.797,0.158,0.165,4371,12.39272077109365,134.60869296656236,15.959067698896392,33.112337341459394,0.0,42.79978586723769,0.422088618020096
15,4.87316E+02,129.1,0.023,0.066,0.014,0.007,8732,15.22976270305725,284.5455482487786,29.212104970211712,36.40973839905997,0.0,6.252447999340329,5.949411449421756
16,4.70627E+02,331.5,0.294,0.851,0.18,0.22,7063,4.208287025399914,72.89904936666922,42.26240538267452,0.0,0.0,26.963070571144584,0.047149374315059
17,4.35018E+03,143.6,0.108,0.208,0.047,0.019,35018,19.152642394642903,261.0541831153878,15.664322723908215,36.570133234641006,0.0,9.855868081256682,0.462620281273131
18,4.17507E+03,189.4,0.119,0.296,0.057,0.02,17507,27.858034110475717,391.41686244068944,13.32617066011402,57.47942445007634,0.0,3.693574670868311,1.801292365584211
19,4.35436E+03,76.9,0.0,0.002,0.0,0.001,35436,26.41756080268095,438.7000619717165,10.191553559817946,39.18237971391417,0.0,2.672657265929779,0.853634996749025
20,4.11300E+03,331.5,0.02,0.03,0.006,0.05,11300,32.057487961659845,489.7347021671432,0.0,70.59901080784027,0.0,7.1346081859235255,1.642281991446116
21,4.20005E+03,331.5,0.334,0.689,0.14,0.1,20005,25.025608937481863,330.604511386437,23.11838115546918,47.699318883220414,0.0,9.60086736667836,0.116068777498853
22,4.19905E+03,99.3,0.007,0.011,0.003,0.002,19905,26.86646520042202,412.7586980209883,11.108599228651132,41.351714284422464,0.0,3.86171785631932,1.5580704522744848
23,4.24503E+03,102.5,0.0,0.001,0.0,0.001,24502,34.75216078793627,721.3639816345271,0.0,74.36914600550963,0.0,0.606795224977044,0.01505968778696
24,4.12981E+03,129.1,0.009,0.027,0.006,0.003,12981,24.182426273681894,396.8857235957237,11.458145564969008,64.65217210443849,0.0,1.911424173934746,1.562001691648526
25,4.28206E+03,72.8,0.0,0.001,0.0,0.0,28206,32.08664439145956,629.6594161510898,3.73863683500158,30.325491459877536,0.0,1.154424175901316,0.066368222384597
26,4.14931E+03,209.5,0.123,0.274,0.053,0.024,14931,19.678815390948746,307.2944147749876,8.013164398259214,50.06811250015069,0.0,5.168111294619716,0.074140155031284
27,4.37620E+00,94.2,0.052,0.178,0.032,0.01,38,4.463205406326426,28.258373205741627,0.239234449760766,0.0,0.0,0.0,0.0
28,4.76990E+02,333.4,0.379,1.437,0.256,0.195,7699,2.927109847097829,33.73128448517722,38.02370709810156,0.0,0.0,39.22192088282053,8.569858786121761
29,4.10083E+03,332.8,0.241,0.786,0.156,0.246,10083,2.568417997307553,54.73326549375608,37.75718787099769,0.0,0.0,34.11973685385034,6.057360147818868
30,4.31632E+02,290.3,0.317,0.951,0.17,0.178,3163,2.552870526126334,40.06285031439384,46.60710729222978,0.0,0.0,33.90901072637779,2.728540131447918
31,4.28342E+03,173.7,0.157,0.647,0.11,0.069,28342,4.410624211260036,52.966508316556265,40.11380884940015,0.0,0.0,22.40992778980928,0.330566440361495
32,4.37645E+03,103.8,0.027,0.05,0.011,0.006,37645,11.57116200308904,221.8039844314069,8.30739364728721,23.717957913158237,0.0,5.579064641219476,31.17711187296487
1,5.14660E+03,32.5,0.0,0.001,0.0,0.0,14660,27.435247076317104,562.4830869533188,0.0,74.97482994867765,0.0,1.028288682071556,0.0509540063354859
2,5.81630E+00,33.6,0.001,0.013,0.001,0.002,82,12.954862920778917,339.04961411245864,41.12458654906284,34.619625137816975,0.0,16.5380374862183,0.0
3,5.50535E+02,33.6,0.0,0.0,0.0,0.0,5054,41.958584091155615,641.3518076580588,0.0,68.74977738201247,0.0,0.309884238646482,0.003561887800534
4,5.38595E+03,29.4,0.0,0.0,0.0,0.0,38595,35.874289922904694,809.4428144354899,0.0,64.04792552794568,0.0,0.282628162077457,0.665528691888665
5,5.26874E+03,44.3,0.0,0.0,0.0,0.0,26874,31.515515664452156,814.6438522696067,0.0,70.19102606179545,0.0,0.517752965525554,0.00971205433392
6,5.12990E+03,34.1,0.001,0.001,0.0,0.001,12990,25.634712806431136,491.1601676713088,0.0,62.08688422365413,0.0,2.404905425067553,0.016628559551029
7,5.12785E+03,26.4,0.0,0.0,0.0,0.0,12785,32.66128311418672,710.7400128117587,0.0,29.085507929915455,7.052098805409095,0.52021371702908,0.002815771134123
8,5.12233E+03,33.9,0.0,0.001,0.0,0.0,12233,30.18670878130093,625.6174932132689,0.0,77.79175586895907,0.0,0.680512333826246,0.0
9,5.19228E+03,26.4,0.0,0.0,0.0,0.0,19228,34.36246307511638,820.1150807395272,0.0,77.95459864263984,0.0,0.482096887432716,0.000936110461034
10,5.40616E+03,32.1,0.0,0.001,0.0,0.0,40616,29.691034248570336,755.0618521292485,0.0,67.4080294979237,0.0,0.742766228068233,0.010636270568996
11,5.16266E+03,38.4,0.0,0.001,0.0,0.0,16266,40.77669054742595,504.2856249654181,0.0,78.59071543185968,0.0,1.397665025175676,2.174514469097549
12,5.51207E+02,40.2,0.0,0.001,0.0,0.0,5121,33.58702833654999,483.4569660966308,0.0,80.6404555600471,0.0,2.052832311018156,0.147635200449936
13,5.22301E+03,35.3,0.0,0.0,0.0,0.0,22301,30.845331735862043,532.8902390791981,0.0,74.23037807122333,0.0,1.298308203919544,0.489539276143739
14,5.43711E+02,39.4,0.018,0.038,0.008,0.008,4371,12.39272077109365,134.60869296656236,15.959067698896392,33.112337341459394,0.0,42.79978586723769,0.422088618020096
15,5.87316E+02,33.0,0.002,0.004,0.001,0.001,8732,15.22976270305725,284.5455482487786,29.212104970211712,36.40973839905997,0.0,6.252447999340329,5.949411449421756
16,5.70627E+02,39.4,0.012,0.028,0.006,0.008,7063,4.208287025399914,72.89904936666922,42.26240538267452,0.0,0.0,26.963070571144584,0.047149374315059
17,5.35018E+03,35.3,0.012,0.02,0.005,0.003,35018,19.152642394642903,261.0541831153878,15.664322723908215,36.570133234641006,0.0,9.855868081256682,0.462620281273131
18,5.17507E+03,40.7,0.012,0.025,0.005,0.002,17507,27.858034110475717,391.41686244068944,13.32617066011402,57.47942445007634,0.0,3.693574670868311,1.801292365584211
19,5.35436E+03,47.5,0.003,0.005,0.001,0.001,35436,26.41756080268095,438.7000619717165,10.191553559817946,39.18237971391417,0.0,2.672657265929779,0.853634996749025
20,5.11300E+03,39.4,0.001,0.003,0.001,0.002,11300,32.057487961659845,489.7347021671432,0.0,70.59901080784027,0.0,7.1346081859235255,1.642281991446116
21,5.20005E+03,39.4,0.013,0.025,0.005,0.004,20005,25.025608937481863,330.604511386437,23.11838115546918,47.699318883220414,0.0,9.60086736667836,0.116068777498853
22,5.19905E+03,36.3,0.005,0.007,0.002,0.001,19905,26.86646520042202,412.7586980209883,11.108599228651132,41.351714284422464,0.0,3.86171785631932,1.5580704522744848
23,5.24503E+03,44.9,0.0,0.001,0.0,0.0,24502,34.75216078793627,721.3639816345271,0.0,74.36914600550963,0.0,0.606795224977044,0.01505968778696
24,5.12981E+03,33.0,0.001,0.002,0.0,0.0,12981,24.182426273681894,396.8857235957237,11.458145564969008,64.65217210443849,0.0,1.911424173934746,1.562001691648526
25,5.28206E+03,32.6,0.001,0.002,0.0,0.0,28206,32.08664439145956,629.6594161510898,3.73863683500158,30.325491459877536,0.0,1.154424175901316,0.066368222384597
26,5.14931E+03,33.6,0.005,0.012,0.002,0.001,14931,19.678815390948746,307.2944147749876,8.013164398259214,50.06811250015069,0.0,5.168111294619716,0.074140155031284
27,5.37620E+00,32.3,0.004,0.01,0.002,0.001,38,4.463205406326426,28.258373205741627,0.239234449760766,0.0,0.0,0.0,0.0
28,5.76990E+02,35.5,0.006,0.02,0.004,0.006,7699,2.927109847097829,33.73128448517722,38.02370709810156,0.0,0.0,39.22192088282053,8.569858786121761
29,5.10083E+03,31.6,0.003,0.007,0.002,0.006,10083,2.568417997307553,54.73326549375608,37.75718787099769,0.0,0.0,34.11973685385034,6.057360147818868
30,5.31632E+02,32.7,0.007,0.019,0.004,0.006,3163,2.552870526126334,40.06285031439384,46.60710729222978,0.0,0.0,33.90901072637779,2.728540131447918
31,5.28342E+03,24.3,0.003,0.009,0.002,0.003,28342,4.410624211260036,52.966508316556265,40.11380884940015,0.0,0.0,22.40992778980928,0.330566440361495
32,5.37645E+03,37.2,0.007,0.01,0.002,0.001,37645,11.57116200308904,221.8039844314069,8.30739364728721,23.717957913158237,0.0,5.579064641219476,31.17711187296487
1,6.14660E+03,73.1,0.0,0.001,0.0,0.0,14660,27.435247076317104,562.4830869533188,0.0,74.97482994867765,0.0,1.028288682071556,0.0509540063354859
2,6.81630E+00,71.1,0.001,0.027,0.003,0.002,82,12.954862920778917,339.04961411245864,41.12458654906284,34.619625137816975,0.0,16.5380374862183,0.0
3,6.50535E+02,71.1,0.0,0.001,0.0,0.0,5054,41.958584091155615,641.3518076580588,0.0,68.74977738201247,0.0,0.309884238646482,0.003561887800534
4,6.38595E+03,80.9,0.0,0.001,0.0,0.0,38595,35.874289922904694,809.4428144354899,0.0,64.04792552794568,0.0,0.282628162077457,0.665528691888665
5,6.26874E+03,77.5,0.0,0.001,0.0,0.0,26874,31.515515664452156,814.6438522696067,0.0,70.19102606179545,0.0,0.517752965525554,0.00971205433392
6,6.12990E+03,60.2,0.0,0.001,0.0,0.0,12990,25.634712806431136,491.1601676713088,0.0,62.08688422365413,0.0,2.404905425067553,0.016628559551029
7,6.12785E+03,95.5,0.005,0.007,0.001,0.0,12785,32.66128311418672,710.7400128117587,0.0,29.085507929915455,7.052098805409095,0.52021371702908,0.002815771134123
8,6.12233E+03,55.8,0.0,0.001,0.0,0.0,12233,30.18670878130093,625.6174932132689,0.0,77.79175586895907,0.0,0.680512333826246,0.0
9,6.19228E+03,95.5,0.0,0.001,0.0,0.0,19228,34.36246307511638,820.1150807395272,0.0,77.95459864263984,0.0,0.482096887432716,0.000936110461034
10,6.40616E+03,78.8,0.0,0.001,0.0,0.0,40616,29.691034248570336,755.0618521292485,0.0,67.4080294979237,0.0,0.742766228068233,0.010636270568996
11,6.16266E+03,69.1,0.0,0.001,0.0,0.0,16266,40.77669054742595,504.2856249654181,0.0,78.59071543185968,0.0,1.397665025175676,2.174514469097549
12,6.51207E+02,70.1,0.0,0.002,0.0,0.0,5121,33.58702833654999,483.4569660966308,0.0,80.6404555600471,0.0,2.052832311018156,0.147635200449936
13,6.22301E+03,71.0,0.0,0.001,0.0,0.0,22301,30.845331735862043,532.8902390791981,0.0,74.23037807122333,0.0,1.298308203919544,0.489539276143739
14,6.43711E+02,76.1,0.006,0.015,0.004,0.005,4371,12.39272077109365,134.60869296656236,15.959067698896392,33.112337341459394,0.0,42.79978586723769,0.422088618020096
15,6.87316E+02,69.2,0.0,0.003,0.001,0.001,8732,15.22976270305725,284.5455482487786,29.212104970211712,36.40973839905997,0.0,6.252447999340329,5.949411449421756
16,6.70627E+02,76.1,0.004,0.01,0.003,0.004,7063,4.208287025399914,72.89904936666922,42.26240538267452,0.0,0.0,26.963070571144584,0.047149374315059
17,6.35018E+03,75.9,0.007,0.012,0.003,0.002,35018,19.152642394642903,261.0541831153878,15.664322723908215,36.570133234641006,0.0,9.855868081256682,0.462620281273131
18,6.17507E+03,78.1,0.001,0.004,0.001,0.001,17507,27.858034110475717,391.41686244068944,13.32617066011402,57.47942445007634,0.0,3.693574670868311,1.801292365584211
19,6.35436E+03,73.9,0.0,0.001,0.0,0.0,35436,26.41756080268095,438.7000619717165,10.191553559817946,39.18237971391417,0.0,2.672657265929779,0.853634996749025
20,6.11300E+03,76.1,0.0,0.002,0.001,0.001,11300,32.057487961659845,489.7347021671432,0.0,70.59901080784027,0.0,7.1346081859235255,1.642281991446116
21,6.20005E+03,76.1,0.004,0.008,0.002,0.002,20005,25.025608937481863,330.604511386437,23.11838115546918,47.699318883220414,0.0,9.60086736667836,0.116068777498853
22,6.19905E+03,58.0,0.002,0.004,0.001,0.001,19905,26.86646520042202,412.7586980209883,11.108599228651132,41.351714284422464,0.0,3.86171785631932,1.5580704522744848
23,6.24503E+03,61.6,0.0,0.0,0.0,0.0,24502,34.75216078793627,721.3639816345271,0.0,74.36914600550963,0.0,0.606795224977044,0.01505968778696
24,6.12981E+03,69.2,0.0,0.001,0.0,0.0,12981,24.182426273681894,396.8857235957237,11.458145564969008,64.65217210443849,0.0,1.911424173934746,1.562001691648526
25,6.28206E+03,57.0,0.001,0.001,0.0,0.0,28206,32.08664439145956,629.6594161510898,3.73863683500158,30.325491459877536,0.0,1.154424175901316,0.066368222384597
26,6.14931E+03,60.5,0.0,0.003,0.001,0.0,14931,19.678815390948746,307.2944147749876,8.013164398259214,50.06811250015069,0.0,5.168111294619716,0.074140155031284
27,6.37620E+00,96.0,0.001,0.002,0.0,0.0,38,4.463205406326426,28.258373205741627,0.239234449760766,0.0,0.0,0.0,0.0
28,6.76990E+02,97.4,0.004,0.015,0.004,0.005,7699,2.927109847097829,33.73128448517722,38.02370709810156,0.0,0.0,39.22192088282053,8.569858786121761
29,6.10083E+03,76.2,0.002,0.006,0.002,0.005,10083,2.568417997307553,54.73326549375608,37.75718787099769,0.0,0.0,34.11973685385034,6.057360147818868
30,6.31632E+02,81.8,0.004,0.013,0.004,0.005,3163,2.552870526126334,40.06285031439384,46.60710729222978,0.0,0.0,33.90901072637779,2.728540131447918
31,6.28342E+03,83.0,0.003,0.007,0.002,0.004,28342,4.410624211260036,52.966508316556265,40.11380884940015,0.0,0.0,22.40992778980928,0.330566440361495
32,6.37645E+03,60.7,0.0,0.001,0.0,0.001,37645,11.57116200308904,221.8039844314069,8.30739364728721,23.717957913158237,0.0,5.579064641219476,31.17711187296487
1,7.14660E+03,129.4,0.0,0.002,0.0,0.0,14660,27.435247076317104,562.4830869533188,0.0,74.97482994867765,0.0,1.028288682071556,0.0509540063354859
2,7.81630E+00,146.3,0.01,0.081,0.01,0.004,82,12.954862920778917,339.04961411245864,41.12458654906284,34.619625137816975,0.0,16.5380374862183,0.0
3,7.50535E+02,146.3,0.0,0.002,0.0,0.0,5054,41.958584091155615,641.3518076580588,0.0,68.74977738201247,0.0,0.309884238646482,0.003561887800534
4,7.38595E+03,136.3,0.0,0.001,0.0,0.0,38595,35.874289922904694,809.4428144354899,0.0,64.04792552794568,0.0,0.282628162077457,0.665528691888665
5,7.26874E+03,204.4,0.001,0.003,0.0,0.002,26874,31.515515664452156,814.6438522696067,0.0,70.19102606179545,0.0,0.517752965525554,0.00971205433392
6,7.12990E+03,109.1,0.0,0.002,0.0,0.0,12990,25.634712806431136,491.1601676713088,0.0,62.08688422365413,0.0,2.404905425067553,0.016628559551029
7,7.12785E+03,127.9,0.012,0.017,0.002,0.0,12785,32.66128311418672,710.7400128117587,0.0,29.085507929915455,7.052098805409095,0.52021371702908,0.002815771134123
8,7.12233E+03,115.2,0.0,0.002,0.0,0.0,12233,30.18670878130093,625.6174932132689,0.0,77.79175586895907,0.0,0.680512333826246,0.0
9,7.19228E+03,127.9,0.0,0.001,0.0,0.0,19228,34.36246307511638,820.1150807395272,0.0,77.95459864263984,0.0,0.482096887432716,0.000936110461034
10,7.40616E+03,120.5,0.0,0.001,0.0,0.0,40616,29.691034248570336,755.0618521292485,0.0,67.4080294979237,0.0,0.742766228068233,0.010636270568996
11,7.16266E+03,140.0,0.0,0.002,0.0,0.0,16266,40.77669054742595,504.2856249654181,0.0,78.59071543185968,0.0,1.397665025175676,2.174514469097549
12,7.51207E+02,151.9,0.0,0.004,0.001,0.001,5121,33.58702833654999,483.4569660966308,0.0,80.6404555600471,0.0,2.052832311018156,0.147635200449936
13,7.22301E+03,143.1,0.0,0.002,0.0,0.001,22301,30.845331735862043,532.8902390791981,0.0,74.23037807122333,0.0,1.298308203919544,0.489539276143739
14,7.43711E+02,233.3,0.045,0.135,0.03,0.027,4371,12.39272077109365,134.60869296656236,15.959067698896392,33.112337341459394,0.0,42.79978586723769,0.422088618020096
15,7.87316E+02,133.0,0.029,0.049,0.011,0.002,8732,15.22976270305725,284.5455482487786,29.212104970211712,36.40973839905997,0.0,6.252447999340329,5.949411449421756
16,7.70627E+02,233.3,0.057,0.161,0.037,0.025,7063,4.208287025399914,72.89904936666922,42.26240538267452,0.0,0.0,26.963070571144584,0.047149374315059
17,7.35018E+03,220.7,0.157,0.293,0.063,0.009,35018,19.152642394642903,261.0541831153878,15.664322723908215,36.570133234641006,0.0,9.855868081256682,0.462620281273131
18,7.17507E+03,209.4,0.039,0.112,0.022,0.003,17507,27.858034110475717,391.41686244068944,13.32617066011402,57.47942445007634,0.0,3.693574670868311,1.801292365584211
19,7.35436E+03,194.8,0.021,0.051,0.01,0.001,35436,26.41756080268095,438.7000619717165,10.191553559817946,39.18237971391417,0.0,2.672657265929779,0.853634996749025
20,7.11300E+03,233.3,0.002,0.008,0.002,0.008,11300,32.057487961659845,489.7347021671432,0.0,70.59901080784027,0.0,7.1346081859235255,1.642281991446116
21,7.20005E+03,233.3,0.048,0.113,0.024,0.01,20005,25.025608937481863,330.604511386437,23.11838115546918,47.699318883220414,0.0,9.60086736667836,0.116068777498853
22,7.19905E+03,203.5,0.086,0.133,0.03,0.003,19905,26.86646520042202,412.7586980209883,11.108599228651132,41.351714284422464,0.0,3.86171785631932,1.5580704522744848
23,7.24503E+03,202.4,0.001,0.003,0.0,0.003,24502,34.75216078793627,721.3639816345271,0.0,74.36914600550963,0.0,0.606795224977044,0.01505968778696
24,7.12981E+03,133.0,0.012,0.02,0.004,0.001,12981,24.182426273681894,396.8857235957237,11.458145564969008,64.65217210443849,0.0,1.911424173934746,1.562001691648526
25,7.28206E+03,131.2,0.016,0.027,0.005,0.001,28206,32.08664439145956,629.6594161510898,3.73863683500158,30.325491459877536,0.0,1.154424175901316,0.066368222384597
26,7.14931E+03,141.9,0.014,0.027,0.006,0.002,14931,19.678815390948746,307.2944147749876,8.013164398259214,50.06811250015069,0.0,5.168111294619716,0.074140155031284
27,7.37620E+00,189.4,0.031,0.074,0.013,0.001,38,4.463205406326426,28.258373205741627,0.239234449760766,0.0,0.0,0.0,0.0
28,7.76990E+02,225.1,0.074,0.205,0.04,0.024,7699,2.927109847097829,33.73128448517722,38.02370709810156,0.0,0.0,39.22192088282053,8.569858786121761
29,7.10083E+03,217.3,0.033,0.083,0.02,0.026,10083,2.568417997307553,54.73326549375608,37.75718787099769,0.0,0.0,34.11973685385034,6.057360147818868
30,7.31632E+02,223.3,0.045,0.112,0.025,0.026,3163,2.552870526126334,40.06285031439384,46.60710729222978,0.0,0.0,33.90901072637779,2.728540131447918
31,7.28342E+03,215.3,0.088,0.254,0.045,0.019,28342,4.410624211260036,52.966508316556265,40.11380884940015,0.0,0.0,22.40992778980928,0.330566440361495
32,7.37645E+03,199.4,0.12,0.156,0.034,0.006,37645,11.57116200308904,221.8039844314069,8.30739364728721,23.717957913158237,0.0,5.579064641219476,31.17711187296487
1,8.14660E+03,73.0,0.0,0.001,0.0,0.0,14660,27.435247076317104,562.4830869533188,0.0,74.97482994867765,0.0,1.028288682071556,0.0509540063354859
2,8.81630E+00,53.2,0.001,0.018,0.002,0.001,82,12.954862920778917,339.04961411245864,41.12458654906284,34.619625137816975,0.0,16.5380374862183,0.0
3,8.50535E+02,53.2,0.0,0.001,0.0,0.0,5054,41.958584091155615,641.3518076580588,0.0,68.74977738201247,0.0,0.309884238646482,0.003561887800534
4,8.38595E+03,73.5,0.0,0.0,0.0,0.0,38595,35.874289922904694,809.4428144354899,0.0,64.04792552794568,0.0,0.282628162077457,0.665528691888665
5,8.26874E+03,55.6,0.0,0.0,0.0,0.0,26874,31.515515664452156,814.6438522696067,0.0,70.19102606179545,0.0,0.517752965525554,0.00971205433392
6,8.12990E+03,112.1,0.0,0.002,0.0,0.0,12990,25.634712806431136,491.1601676713088,0.0,62.08688422365413,0.0,2.404905425067553,0.016628559551029
7,8.12785E+03,52.9,0.0,0.001,0.0,0.0,12785,32.66128311418672,710.7400128117587,0.0,29.085507929915455,7.052098805409095,0.52021371702908,0.002815771134123
8,8.12233E+03,112.5,0.0,0.002,0.0,0.0,12233,30.18670878130093,625.6174932132689,0.0,77.79175586895907,0.0,0.680512333826246,0.0
9,8.19228E+03,52.9,0.0,0.0,0.0,0.0,19228,34.36246307511638,820.1150807395272,0.0,77.95459864263984,0.0,0.482096887432716,0.000936110461034
10,8.40616E+03,111.0,0.0,0.001,0.0,0.0,40616,29.691034248570336,755.0618521292485,0.0,67.4080294979237,0.0,0.742766228068233,0.010636270568996
11,8.16266E+03,90.8,0.0,0.001,0.0,0.0,16266,40.77669054742595,504.2856249654181,0.0,78.59071543185968,0.0,1.397665025175676,2.174514469097549
12,8.51207E+02,84.6,0.0,0.002,0.0,0.0,5121,33.58702833654999,483.4569660966308,0.0,80.6404555600471,0.0,2.052832311018156,0.147635200449936
13,8.22301E+03,100.8,0.0,0.001,0.0,0.0,22301,30.845331735862043,532.8902390791981,0.0,74.23037807122333,0.0,1.298308203919544,0.489539276143739
14,8.43711E+02,94.1,0.032,0.065,0.014,0.008,4371,12.39272077109365,134.60869296656236,15.959067698896392,33.112337341459394,0.0,42.79978586723769,0.422088618020096
15,8.87316E+02,91.5,0.008,0.017,0.004,0.001,8732,15.22976270305725,284.5455482487786,29.212104970211712,36.40973839905997,0.0,6.252447999340329,5.949411449421756
16,8.70627E+02,94.1,0.018,0.041,0.009,0.007,7063,4.208287025399914,72.89904936666922,42.26240538267452,0.0,0.0,26.963070571144584,0.047149374315059
17,8.35018E+03,85.2,0.014,0.022,0.005,0.002,35018,19.152642394642903,261.0541831153878,15.664322723908215,36.570133234641006,0.0,9.855868081256682,0.462620281273131
18,8.17507E+03,79.6,0.01,0.022,0.004,0.001,17507,27.858034110475717,391.41686244068944,13.32617066011402,57.47942445007634,0.0,3.693574670868311,1.801292365584211
19,8.35436E+03,60.4,0.001,0.003,0.001,0.0,35436,26.41756080268095,438.7000619717165,10.191553559817946,39.18237971391417,0.0,2.672657265929779,0.853634996749025
20,8.11300E+03,94.1,0.001,0.003,0.001,0.003,11300,32.057487961659845,489.7347021671432,0.0,70.59901080784027,0.0,7.1346081859235255,1.642281991446116
21,8.20005E+03,94.1,0.021,0.038,0.008,0.003,20005,25.025608937481863,330.604511386437,23.11838115546918,47.699318883220414,0.0,9.60086736667836,0.116068777498853
22,8.19905E+03,76.5,0.004,0.007,0.002,0.001,19905,26.86646520042202,412.7586980209883,11.108599228651132,41.351714284422464,0.0,3.86171785631932,1.5580704522744848
23,8.24503E+03,88.4,0.0,0.001,0.0,0.001,24502,34.75216078793627,721.3639816345271,0.0,74.36914600550963,0.0,0.606795224977044,0.01505968778696
24,8.12981E+03,91.5,0.003,0.007,0.001,0.0,12981,24.182426273681894,396.8857235957237,11.458145564969008,64.65217210443849,0.0,1.911424173934746,1.562001691648526
25,8.28206E+03,80.4,0.0,0.001,0.0,0.0,28206,32.08664439145956,629.6594161510898,3.73863683500158,30.325491459877536,0.0,1.154424175901316,0.066368222384597
26,8.14931E+03,76.9,0.0,0.003,0.001,0.001,14931,19.678815390948746,307.2944147749876,8.013164398259214,50.06811250015069,0.0,5.168111294619716,0.074140155031284
27,8.37620E+00,96.9,0.034,0.078,0.014,0.001,38,4.463205406326426,28.258373205741627,0.239234449760766,0.0,0.0,0.0,0.0
28,8.76990E+02,105.0,0.013,0.042,0.009,0.007,7699,2.927109847097829,33.73128448517722,38.02370709810156,0.0,0.0,39.22192088282053,8.569858786121761
29,8.10083E+03,109.2,0.005,0.012,0.004,0.009,10083,2.568417997307553,54.73326549375608,37.75718787099769,0.0,0.0,34.11973685385034,6.057360147818868
30,8.31632E+02,96.8,0.008,0.022,0.006,0.008,3163,2.552870526126334,40.06285031439384,46.60710729222978,0.0,0.0,33.90901072637779,2.728540131447918
31,8.28342E+03,148.8,0.044,0.129,0.023,0.011,28342,4.410624211260036,52.966508316556265,40.11380884940015,0.0,0.0,22.40992778980928,0.330566440361495
32,8.37645E+03,95.9,0.014,0.02,0.004,0.001,37645,11.57116200308904,221.8039844314069,8.30739364728721,23.717957913158237,0.0,5.579064641219476,31.17711187296487
1,9.14660E+03,101.9,0.0,0.001,0.0,0.0,14660,27.435247076317104,562.4830869533188,0.0,74.97482994867765,0.0,1.028288682071556,0.0509540063354859
2,9.81630E+00,113.3,0.003,0.046,0.005,0.003,82,12.954862920778917,339.04961411245864,41.12458654906284,34.619625137816975,0.0,16.5380374862183,0.0
3,9.50535E+02,113.3,0.0,0.002,0.0,0.0,5054,41.958584091155615,641.3518076580588,0.0,68.74977738201247,0.0,0.309884238646482,0.003561887800534
4,9.38595E+03,107.4,0.0,0.001,0.0,0.0,38595,35.874289922904694,809.4428144354899,0.0,64.04792552794568,0.0,0.282628162077457,0.665528691888665
5,9.26874E+03,139.2,0.001,0.002,0.0,0.003,26874,31.515515664452156,814.6438522696067,0.0,70.19102606179545,0.0,0.517752965525554,0.00971205433392
6,9.12990E+03,116.3,0.0,0.002,0.0,0.001,12990,25.634712806431136,491.1601676713088,0.0,62.08688422365413,0.0,2.404905425067553,0.016628559551029
7,9.12785E+03,81.8,0.003,0.005,0.001,0.0,12785,32.66128311418672,710.7400128117587,0.0,29.085507929915455,7.052098805409095,0.52021371702908,0.002815771134123
8,9.12233E+03,110.7,0.0,0.002,0.0,0.0,12233,30.18670878130093,625.6174932132689,0.0,77.79175586895907,0.0,0.680512333826246,0.0
9,9.19228E+03,81.8,0.0,0.0,0.0,0.0,19228,34.36246307511638,820.1150807395272,0.0,77.95459864263984,0.0,0.482096887432716,0.000936110461034
10,9.40616E+03,114.6,0.0,0.001,0.0,0.001,40616,29.691034248570336,755.0618521292485,0.0,67.4080294979237,0.0,0.742766228068233,0.010636270568996
11,9.16266E+03,116.6,0.0,0.002,0.0,0.0,16266,40.77669054742595,504.2856249654181,0.0,78.59071543185968,0.0,1.397665025175676,2.174514469097549
12,9.51207E+02,121.1,0.0,0.003,0.0,0.0,5121,33.58702833654999,483.4569660966308,0.0,80.6404555600471,0.0,2.052832311018156,0.147635200449936
13,9.22301E+03,98.2,0.0,0.001,0.0,0.0,22301,30.845331735862043,532.8902390791981,0.0,74.23037807122333,0.0,1.298308203919544,0.489539276143739
14,9.43711E+02,111.1,0.01,0.025,0.007,0.009,4371,12.39272077109365,134.60869296656236,15.959067698896392,33.112337341459394,0.0,42.79978586723769,0.422088618020096
15,9.87316E+02,79.5,0.0,0.003,0.001,0.001,8732,15.22976270305725,284.5455482487786,29.212104970211712,36.40973839905997,0.0,6.252447999340329,5.949411449421756
16,9.70627E+02,111.1,0.006,0.015,0.005,0.008,7063,4.208287025399914,72.89904936666922,42.26240538267452,0.0,0.0,26.963070571144584,0.047149374315059
17,9.35018E+03,109.2,0.01,0.018,0.004,0.003,35018,19.152642394642903,261.0541831153878,15.664322723908215,36.570133234641006,0.0,9.855868081256682,0.462620281273131
18,9.17507E+03,151.3,0.056,0.104,0.02,0.003,17507,27.858034110475717,391.41686244068944,13.32617066011402,57.47942445007634,0.0,3.693574670868311,1.801292365584211
19,9.35436E+03,154.8,0.02,0.039,0.007,0.001,35436,26.41756080268095,438.7000619717165,10.191553559817946,39.18237971391417,0.0,2.672657265929779,0.853634996749025
20,9.11300E+03,111.1,0.001,0.003,0.001,0.002,11300,32.057487961659845,489.7347021671432,0.0,70.59901080784027,0.0,7.1346081859235255,1.642281991446116
21,9.20005E+03,111.1,0.006,0.012,0.003,0.003,20005,25.025608937481863,330.604511386437,23.11838115546918,47.699318883220414,0.0,9.60086736667836,0.116068777498853
22,9.19905E+03,89.8,0.001,0.003,0.001,0.001,19905,26.86646520042202,412.7586980209883,11.108599228651132,41.351714284422464,0.0,3.86171785631932,1.5580704522744848
23,9.24503E+03,135.8,0.001,0.002,0.0,0.002,24502,34.75216078793627,721.3639816345271,0.0,74.36914600550963,0.0,0.606795224977044,0.01505968778696
24,9.12981E+03,79.5,0.0,0.001,0.0,0.0,12981,24.182426273681894,396.8857235957237,11.458145564969008,64.65217210443849,0.0,1.911424173934746,1.562001691648526
25,9.28206E+03,65.2,0.0,0.001,0.0,0.0,28206,32.08664439145956,629.6594161510898,3.73863683500158,30.325491459877536,0.0,1.154424175901316,0.066368222384597
26,9.14931E+03,74.1,0.0,0.003,0.001,0.001,14931,19.678815390948746,307.2944147749876,8.013164398259214,50.06811250015069,0.0,5.168111294619716,0.074140155031284
27,9.37620E+00,105.8,0.052,0.117,0.02,0.001,38,4.463205406326426,28.258373205741627,0.239234449760766,0.0,0.0,0.0,0.0
28,9.76990E+02,101.5,0.015,0.047,0.01,0.009,7699,2.927109847097829,33.73128448517722,38.02370709810156,0.0,0.0,39.22192088282053,8.569858786121761
29,9.10083E+03,99.5,0.006,0.015,0.005,0.008,10083,2.568417997307553,54.73326549375608,37.75718787099769,0.0,0.0,34.11973685385034,6.057360147818868
30,9.31632E+02,99.2,0.011,0.027,0.007,0.008,3163,2.552870526126334,40.06285031439384,46.60710729222978,0.0,0.0,33.90901072637779,2.728540131447918
31,9.28342E+03,98.8,0.034,0.106,0.019,0.008,28342,4.410624211260036,52.966508316556265,40.11380884940015,0.0,0.0,22.40992778980928,0.330566440361495
32,9.37645E+03,91.8,0.002,0.003,0.001,0.001,37645,11.57116200308904,221.8039844314069,8.30739364728721,23.717957913158237,0.0,5.579064641219476,31.17711187296487
1,10.14660E+03,6.1,0.0,0.0,0.0,0.0,14660,27.435247076317104,562.4830869533188,0.0,74.97482994867765,0.0,1.028288682071556,0.0509540063354859
2,10.81630E+00,5.9,0.0,0.002,0.0,0.0,82,12.954862920778917,339.04961411245864,41.12458654906284,34.619625137816975,0.0,16.5380374862183,0.0
3,10.50535E+02,5.9,0.0,0.0,0.0,0.0,5054,41.958584091155615,641.3518076580588,0.0,68.74977738201247,0.0,0.309884238646482,0.003561887800534
4,10.38595E+03,7.6,0.0,0.0,0.0,0.0,38595,35.874289922904694,809.4428144354899,0.0,64.04792552794568,0.0,0.282628162077457,0.665528691888665
5,10.26874E+03,7.4,0.0,0.0,0.0,0.0,26874,31.515515664452156,814.6438522696067,0.0,70.19102606179545,0.0,0.517752965525554,0.00971205433392
6,10.12990E+03,5.2,0.0,0.0,0.0,0.0,12990,25.634712806431136,491.1601676713088,0.0,62.08688422365413,0.0,2.404905425067553,0.016628559551029
7,10.12785E+03,5.9,0.0,0.0,0.0,0.0,12785,32.66128311418672,710.7400128117587,0.0,29.085507929915455,7.052098805409095,0.52021371702908,0.002815771134123
8,10.12233E+03,4.4,0.0,0.0,0.0,0.0,12233,30.18670878130093,625.6174932132689,0.0,77.79175586895907,0.0,0.680512333826246,0.0
9,10.19228E+03,5.9,0.0,0.0,0.0,0.0,19228,34.36246307511638,820.1150807395272,0.0,77.95459864263984,0.0,0.482096887432716,0.000936110461034
10,10.40616E+03,4.8,0.0,0.0,0.0,0.0,40616,29.691034248570336,755.0618521292485,0.0,67.4080294979237,0.0,0.742766228068233,0.010636270568996
11,10.16266E+03,5.0,0.0,0.0,0.0,0.0,16266,40.77669054742595,504.2856249654181,0.0,78.59071543185968,0.0,1.397665025175676,2.174514469097549
12,10.51207E+02,5.9,0.0,0.0,0.0,0.0,5121,33.58702833654999,483.4569660966308,0.0,80.6404555600471,0.0,2.052832311018156,0.147635200449936
13,10.22301E+03,2.9,0.0,0.0,0.0,0.0,22301,30.845331735862043,532.8902390791981,0.0,74.23037807122333,0.0,1.298308203919544,0.489539276143739
14,10.43711E+02,7.1,0.0,0.001,0.0,0.0,4371,12.39272077109365,134.60869296656236,15.959067698896392,33.112337341459394,0.0,42.79978586723769,0.422088618020096
15,10.87316E+02,3.0,0.0,0.0,0.0,0.0,8732,15.22976270305725,284.5455482487786,29.212104970211712,36.40973839905997,0.0,6.252447999340329,5.949411449421756
16,10.70627E+02,7.1,0.0,0.0,0.0,0.0,7063,4.208287025399914,72.89904936666922,42.26240538267452,0.0,0.0,26.963070571144584,0.047149374315059
17,10.35018E+03,5.6,0.0,0.0,0.0,0.0,35018,19.152642394642903,261.0541831153878,15.664322723908215,36.570133234641006,0.0,9.855868081256682,0.462620281273131
18,10.17507E+03,7.7,0.0,0.0,0.0,0.0,17507,27.858034110475717,391.41686244068944,13.32617066011402,57.47942445007634,0.0,3.693574670868311,1.801292365584211
19,10.35436E+03,9.3,0.0,0.0,0.0,0.0,35436,26.41756080268095,438.7000619717165,10.191553559817946,39.18237971391417,0.0,2.672657265929779,0.853634996749025
20,10.11300E+03,7.1,0.0,0.0,0.0,0.0,11300,32.057487961659845,489.7347021671432,0.0,70.59901080784027,0.0,7.1346081859235255,1.642281991446116
21,10.20005E+03,7.1,0.0,0.0,0.0,0.0,20005,25.025608937481863,330.604511386437,23.11838115546918,47.699318883220414,0.0,9.60086736667836,0.116068777498853
22,10.19905E+03,4.8,0.0,0.0,0.0,0.0,19905,26.86646520042202,412.7586980209883,11.108599228651132,41.351714284422464,0.0,3.86171785631932,1.5580704522744848
23,10.24503E+03,8.5,0.0,0.0,0.0,0.0,24502,34.75216078793627,721.3639816345271,0.0,74.36914600550963,0.0,0.606795224977044,0.01505968778696
24,10.12981E+03,3.0,0.0,0.0,0.0,0.0,12981,24.182426273681894,396.8857235957237,11.458145564969008,64.65217210443849,0.0,1.911424173934746,1.562001691648526
25,10.28206E+03,5.4,0.0,0.0,0.0,0.0,28206,32.08664439145956,629.6594161510898,3.73863683500158,30.325491459877536,0.0,1.154424175901316,0.066368222384597
26,10.14931E+03,3.5,0.0,0.0,0.0,0.0,14931,19.678815390948746,307.2944147749876,8.013164398259214,50.06811250015069,0.0,5.168111294619716,0.074140155031284
27,10.37620E+00,11.0,0.0,0.0,0.0,0.0,38,4.463205406326426,28.258373205741627,0.239234449760766,0.0,0.0,0.0,0.0
28,10.76990E+02,7.6,0.0,0.002,0.001,0.001,7699,2.927109847097829,33.73128448517722,38.02370709810156,0.0,0.0,39.22192088282053,8.569858786121761
29,10.10083E+03,6.3,0.0,0.001,0.0,0.0,10083,2.568417997307553,54.73326549375608,37.75718787099769,0.0,0.0,34.11973685385034,6.057360147818868
30,10.31632E+02,6.3,0.0,0.001,0.0,0.0,3163,2.552870526126334,40.06285031439384,46.60710729222978,0.0,0.0,33.90901072637779,2.728540131447918
31,10.28342E+03,7.8,0.0,0.001,0.0,0.0,28342,4.410624211260036,52.966508316556265,40.11380884940015,0.0,0.0,22.40992778980928,0.330566440361495
32,10.37645E+03,3.0,0.0,0.0,0.0,0.0,37645,11.57116200308904,221.8039844314069,8.30739364728721,23.717957913158237,0.0,5.579064641219476,31.17711187296487
1,11.14660E+03,33.3,0.0,0.0,0.0,0.0,14660,27.435247076317104,562.4830869533188,0.0,74.97482994867765,0.0,1.028288682071556,0.0509540063354859
2,11.81630E+00,39.9,0.0,0.012,0.001,0.001,82,12.954862920778917,339.04961411245864,41.12458654906284,34.619625137816975,0.0,16.5380374862183,0.0
3,11.50535E+02,39.9,0.0,0.0,0.0,0.0,5054,41.958584091155615,641.3518076580588,0.0,68.74977738201247,0.0,0.309884238646482,0.003561887800534
4,11.38595E+03,42.2,0.0,0.0,0.0,0.0,38595,35.874289922904694,809.4428144354899,0.0,64.04792552794568,0.0,0.282628162077457,0.665528691888665
5,11.26874E+03,47.4,0.0,0.0,0.0,0.0,26874,31.515515664452156,814.6438522696067,0.0,70.19102606179545,0.0,0.517752965525554,0.00971205433392
6,11.12990E+03,29.3,0.0,0.0,0.0,0.0,12990,25.634712806431136,491.1601676713088,0.0,62.08688422365413,0.0,2.404905425067553,0.016628559551029
7,11.12785E+03,35.3,0.0,0.001,0.0,0.0,12785,32.66128311418672,710.7400128117587,0.0,29.085507929915455,7.052098805409095,0.52021371702908,0.002815771134123
8,11.12233E+03,28.0,0.0,0.0,0.0,0.0,12233,30.18670878130093,625.6174932132689,0.0,77.79175586895907,0.0,0.680512333826246,0.0
9,11.19228E+03,35.3,0.0,0.0,0.0,0.0,19228,34.36246307511638,820.1150807395272,0.0,77.95459864263984,0.0,0.482096887432716,0.000936110461034
10,11.40616E+03,28.7,0.0,0.0,0.0,0.0,40616,29.691034248570336,755.0618521292485,0.0,67.4080294979237,0.0,0.742766228068233,0.010636270568996
11,11.16266E+03,38.2,0.0,0.0,0.0,0.0,16266,40.77669054742595,504.2856249654181,0.0,78.59071543185968,0.0,1.397665025175676,2.174514469097549
12,11.51207E+02,38.2,0.0,0.001,0.0,0.0,5121,33.58702833654999,483.4569660966308,0.0,80.6404555600471,0.0,2.052832311018156,0.147635200449936
13,11.22301E+03,38.4,0.0,0.0,0.0,0.0,22301,30.845331735862043,532.8902390791981,0.0,74.23037807122333,0.0,1.298308203919544,0.489539276143739
14,11.43711E+02,43.5,0.001,0.003,0.001,0.002,4371,12.39272077109365,134.60869296656236,15.959067698896392,33.112337341459394,0.0,42.79978586723769,0.422088618020096
15,11.87316E+02,37.3,0.0,0.001,0.0,0.0,8732,15.22976270305725,284.5455482487786,29.212104970211712,36.40973839905997,0.0,6.252447999340329,5.949411449421756
16,11.70627E+02,43.5,0.001,0.002,0.001,0.002,7063,4.208287025399914,72.89904936666922,42.26240538267452,0.0,0.0,26.963070571144584,0.047149374315059
17,11.35018E+03,44.4,0.0,0.001,0.0,0.001,35018,19.152642394642903,261.0541831153878,15.664322723908215,36.570133234641006,0.0,9.855868081256682,0.462620281273131
18,11.17507E+03,46.8,0.0,0.001,0.0,0.0,17507,27.858034110475717,391.41686244068944,13.32617066011402,57.47942445007634,0.0,3.693574670868311,1.801292365584211
19,11.35436E+03,49.8,0.0,0.0,0.0,0.0,35436,26.41756080268095,438.7000619717165,10.191553559817946,39.18237971391417,0.0,2.672657265929779,0.853634996749025
20,11.11300E+03,43.5,0.0,0.001,0.0,0.0,11300,32.057487961659845,489.7347021671432,0.0,70.59901080784027,0.0,7.1346081859235255,1.642281991446116
21,11.20005E+03,43.5,0.0,0.001,0.0,0.001,20005,25.025608937481863,330.604511386437,23.11838115546918,47.699318883220414,0.0,9.60086736667836,0.116068777498853
22,11.19905E+03,33.2,0.0,0.001,0.0,0.0,19905,26.86646520042202,412.7586980209883,11.108599228651132,41.351714284422464,0.0,3.86171785631932,1.5580704522744848
23,11.24503E+03,41.5,0.0,0.0,0.0,0.0,24502,34.75216078793627,721.3639816345271,0.0,74.36914600550963,0.0,0.606795224977044,0.01505968778696
24,11.12981E+03,37.3,0.0,0.0,0.0,0.0,12981,24.182426273681894,396.8857235957237,11.458145564969008,64.65217210443849,0.0,1.911424173934746,1.562001691648526
25,11.28206E+03,18.6,0.0,0.0,0.0,0.0,28206,32.08664439145956,629.6594161510898,3.73863683500158,30.325491459877536,0.0,1.154424175901316,0.066368222384597
26,11.14931E+03,33.0,0.0,0.001,0.0,0.0,14931,19.678815390948746,307.2944147749876,8.013164398259214,50.06811250015069,0.0,5.168111294619716,0.074140155031284
27,11.37620E+00,40.3,0.004,0.008,0.001,0.0,38,4.463205406326426,28.258373205741627,0.239234449760766,0.0,0.0,0.0,0.0
28,11.76990E+02,38.5,0.001,0.003,0.001,0.001,7699,2.927109847097829,33.73128448517722,38.02370709810156,0.0,0.0,39.22192088282053,8.569858786121761
29,11.10083E+03,44.1,0.001,0.003,0.001,0.003,10083,2.568417997307553,54.73326549375608,37.75718787099769,0.0,0.0,34.11973685385034,6.057360147818868
30,11.31632E+02,45.0,0.001,0.005,0.002,0.003,3163,2.552870526126334,40.06285031439384,46.60710729222978,0.0,0.0,33.90901072637779,2.728540131447918
31,11.28342E+03,42.1,0.003,0.007,0.002,0.002,28342,4.410624211260036,52.966508316556265,40.11380884940015,0.0,0.0,22.40992778980928,0.330566440361495
32,11.37645E+03,42.5,0.0,0.001,0.0,0.0,37645,11.57116200308904,221.8039844314069,8.30739364728721,23.717957913158237,0.0,5.579064641219476,31.17711187296487
1,12.14660E+03,0.9,0.0,0.0,0.0,0.0,14660,27.435247076317104,562.4830869533188,0.0,74.97482994867765,0.0,1.028288682071556,0.0509540063354859
2,12.81630E+00,1.3,0.0,0.003,0.0,0.0,82,12.954862920778917,339.04961411245864,41.12458654906284,34.619625137816975,0.0,16.5380374862183,0.0
3,12.50535E+02,1.3,0.0,0.0,0.0,0.0,5054,41.958584091155615,641.3518076580588,0.0,68.74977738201247,0.0,0.309884238646482,0.003561887800534
4,12.38595E+03,1.3,0.0,0.0,0.0,0.0,38595,35.874289922904694,809.4428144354899,0.0,64.04792552794568,0.0,0.282628162077457,0.665528691888665
5,12.26874E+03,2.2,0.0,0.0,0.0,0.0,26874,31.515515664452156,814.6438522696067,0.0,70.19102606179545,0.0,0.517752965525554,0.00971205433392
6,12.12990E+03,1.1,0.0,0.0,0.0,0.0,12990,25.634712806431136,491.1601676713088,0.0,62.08688422365413,0.0,2.404905425067553,0.016628559551029
7,12.12785E+03,0.8,0.0,0.0,0.0,0.0,12785,32.66128311418672,710.7400128117587,0.0,29.085507929915455,7.052098805409095,0.52021371702908,0.002815771134123
8,12.12233E+03,0.8,0.0,0.0,0.0,0.0,12233,30.18670878130093,625.6174932132689,0.0,77.79175586895907,0.0,0.680512333826246,0.0
9,12.19228E+03,0.8,0.0,0.0,0.0,0.0,19228,34.36246307511638,820.1150807395272,0.0,77.95459864263984,0.0,0.482096887432716,0.000936110461034
10,12.40616E+03,1.0,0.0,0.0,0.0,0.0,40616,29.691034248570336,755.0618521292485,0.0,67.4080294979237,0.0,0.742766228068233,0.010636270568996
11,12.16266E+03,1.4,0.0,0.0,0.0,0.0,16266,40.77669054742595,504.2856249654181,0.0,78.59071543185968,0.0,1.397665025175676,2.174514469097549
12,12.51207E+02,1.3,0.0,0.0,0.0,0.0,5121,33.58702833654999,483.4569660966308,0.0,80.6404555600471,0.0,2.052832311018156,0.147635200449936
13,12.22301E+03,1.2,0.0,0.0,0.0,0.0,22301,30.845331735862043,532.8902390791981,0.0,74.23037807122333,0.0,1.298308203919544,0.489539276143739
14,12.43711E+02,1.9,0.0,0.0,0.0,0.0,4371,12.39272077109365,134.60869296656236,15.959067698896392,33.112337341459394,0.0,42.79978586723769,0.422088618020096
15,12.87316E+02,1.1,0.0,0.001,0.0,0.0,8732,15.22976270305725,284.5455482487786,29.212104970211712,36.40973839905997,0.0,6.252447999340329,5.949411449421756
16,12.70627E+02,1.9,0.0,0.0,0.0,0.0,7063,4.208287025399914,72.89904936666922,42.26240538267452,0.0,0.0,26.963070571144584,0.047149374315059
17,12.35018E+03,1.1,0.0,0.0,0.0,0.0,35018,19.152642394642903,261.0541831153878,15.664322723908215,36.570133234641006,0.0,9.855868081256682,0.462620281273131
18,12.17507E+03,2.4,0.0,0.0,0.0,0.0,17507,27.858034110475717,391.41686244068944,13.32617066011402,57.47942445007634,0.0,3.693574670868311,1.801292365584211
19,12.35436E+03,2.6,0.0,0.0,0.0,0.0,35436,26.41756080268095,438.7000619717165,10.191553559817946,39.18237971391417,0.0,2.672657265929779,0.853634996749025
20,12.11300E+03,1.9,0.0,0.0,0.0,0.0,11300,32.057487961659845,489.7347021671432,0.0,70.59901080784027,0.0,7.1346081859235255,1.642281991446116
21,12.20005E+03,1.9,0.0,0.0,0.0,0.0,20005,25.025608937481863,330.604511386437,23.11838115546918,47.699318883220414,0.0,9.60086736667836,0.116068777498853
22,12.19905E+03,0.7,0.0,0.0,0.0,0.0,19905,26.86646520042202,412.7586980209883,11.108599228651132,41.351714284422464,0.0,3.86171785631932,1.5580704522744848
23,12.24503E+03,1.7,0.0,0.0,0.0,0.0,24502,34.75216078793627,721.3639816345271,0.0,74.36914600550963,0.0,0.606795224977044,0.01505968778696
24,12.12981E+03,1.1,0.0,0.0,0.0,0.0,12981,24.182426273681894,396.8857235957237,11.458145564969008,64.65217210443849,0.0,1.911424173934746,1.562001691648526
25,12.28206E+03,0.4,0.0,0.0,0.0,0.0,28206,32.08664439145956,629.6594161510898,3.73863683500158,30.325491459877536,0.0,1.154424175901316,0.066368222384597
26,12.14931E+03,1.3,0.0,0.0,0.0,0.0,14931,19.678815390948746,307.2944147749876,8.013164398259214,50.06811250015069,0.0,5.168111294619716,0.074140155031284
27,12.37620E+00,1.4,0.0,0.0,0.0,0.0,38,4.463205406326426,28.258373205741627,0.239234449760766,0.0,0.0,0.0,0.0
28,12.76990E+02,2.1,0.0,0.001,0.0,0.0,7699,2.927109847097829,33.73128448517722,38.02370709810156,0.0,0.0,39.22192088282053,8.569858786121761
29,12.10083E+03,1.7,0.0,0.0,0.0,0.0,10083,2.568417997307553,54.73326549375608,37.75718787099769,0.0,0.0,34.11973685385034,6.057360147818868
30,12.31632E+02,2.0,0.0,0.0,0.0,0.0,3163,2.552870526126334,40.06285031439384,46.60710729222978,0.0,0.0,33.90901072637779,2.728540131447918
31,12.28342E+03,1.6,0.0,0.0,0.0,0.0,28342,4.410624211260036,52.966508316556265,40.11380884940015,0.0,0.0,22.40992778980928,0.330566440361495
32,12.37645E+03,1.6,0.0,0.0,0.0,0.0,37645,11.57116200308904,221.8039844314069,8.30739364728721,23.717957913158237,0.0,5.579064641219476,31.17711187296487
1,2015.14660E+03,693.7,0.012,0.026,0.004,0.017,14660,27.435247076317104,562.4830869533188,0.0,74.97482994867765,0.0,1.028288682071556,0.0509540063354859
2,2015.81630E+00,578.8,0.036,0.294,0.036,0.025,82,12.954862920778917,339.04961411245864,41.12458654906284,34.619625137816975,0.0,16.5380374862183,0.0
3,2015.50535E+02,578.8,0.001,0.008,0.001,0.001,5054,41.958584091155615,641.3518076580588,0.0,68.74977738201247,0.0,0.309884238646482,0.003561887800534
4,2015.38595E+03,548.7,0.0,0.003,0.0,0.0,38595,35.874289922904694,809.4428144354899,0.0,64.04792552794568,0.0,0.282628162077457,0.665528691888665
5,2015.26874E+03,641.3,0.002,0.007,0.001,0.005,26874,31.515515664452156,814.6438522696067,0.0,70.19102606179545,0.0,0.517752965525554,0.00971205433392
6,2015.12990E+03,741.3,0.017,0.034,0.006,0.026,12990,25.634712806431136,491.1601676713088,0.0,62.08688422365413,0.0,2.404905425067553,0.016628559551029
7,2015.12785E+03,523.5,0.053,0.075,0.011,0.002,12785,32.66128311418672,710.7400128117587,0.0,29.085507929915455,7.052098805409095,0.52021371702908,0.002815771134123
8,2015.12233E+03,661.8,0.009,0.021,0.003,0.013,12233,30.18670878130093,625.6174932132689,0.0,77.79175586895907,0.0,0.680512333826246,0.0
9,2015.19228E+03,523.5,0.0,0.003,0.001,0.001,19228,34.36246307511638,820.1150807395272,0.0,77.95459864263984,0.0,0.482096887432716,0.000936110461034
10,2015.40616E+03,809.1,0.025,0.05,0.007,0.036,40616,29.691034248570336,755.0618521292485,0.0,67.4080294979237,0.0,0.742766228068233,0.010636270568996
11,2015.16266E+03,632.6,0.001,0.008,0.002,0.003,16266,40.77669054742595,504.2856249654181,0.0,78.59071543185968,0.0,1.397665025175676,2.174514469097549
12,2015.51207E+02,723.0,0.004,0.02,0.003,0.008,5121,33.58702833654999,483.4569660966308,0.0,80.6404555600471,0.0,2.052832311018156,0.147635200449936
13,2015.22301E+03,585.3,0.001,0.007,0.001,0.002,22301,30.845331735862043,532.8902390791981,0.0,74.23037807122333,0.0,1.298308203919544,0.489539276143739
14,2015.43711E+02,945.7,0.412,1.079,0.222,0.223,4371,12.39272077109365,134.60869296656236,15.959067698896392,33.112337341459394,0.0,42.79978586723769,0.422088618020096
15,2015.87316E+02,581.5,0.063,0.143,0.031,0.012,8732,15.22976270305725,284.5455482487786,29.212104970211712,36.40973839905997,0.0,6.252447999340329,5.949411449421756
16,2015.70627E+02,945.7,0.391,1.109,0.242,0.275,7063,4.208287025399914,72.89904936666922,42.26240538267452,0.0,0.0,26.963070571144584,0.047149374315059
17,2015.35018E+03,731.7,0.309,0.575,0.127,0.038,35018,19.152642394642903,261.0541831153878,15.664322723908215,36.570133234641006,0.0,9.855868081256682,0.462620281273131
18,2015.17507E+03,812.1,0.237,0.563,0.109,0.03,17507,27.858034110475717,391.41686244068944,13.32617066011402,57.47942445007634,0.0,3.693574670868311,1.801292365584211
19,2015.35436E+03,678.8,0.046,0.102,0.02,0.004,35436,26.41756080268095,438.7000619717165,10.191553559817946,39.18237971391417,0.0,2.672657265929779,0.853634996749025
20,2015.11300E+03,945.7,0.025,0.048,0.012,0.066,11300,32.057487961659845,489.7347021671432,0.0,70.59901080784027,0.0,7.1346081859235255,1.642281991446116
21,2015.20005E+03,945.7,0.426,0.886,0.183,0.122,20005,25.025608937481863,330.604511386437,23.11838115546918,47.699318883220414,0.0,9.60086736667836,0.116068777498853
22,2015.19905E+03,609.2,0.105,0.168,0.038,0.009,19905,26.86646520042202,412.7586980209883,11.108599228651132,41.351714284422464,0.0,3.86171785631932,1.5580704522744848
23,2015.24503E+03,692.6,0.002,0.008,0.001,0.007,24502,34.75216078793627,721.3639816345271,0.0,74.36914600550963,0.0,0.606795224977044,0.01505968778696
24,2015.12981E+03,581.5,0.026,0.059,0.013,0.005,12981,24.182426273681894,396.8857235957237,11.458145564969008,64.65217210443849,0.0,1.911424173934746,1.562001691648526
25,2015.28206E+03,470.7,0.018,0.034,0.007,0.002,28206,32.08664439145956,629.6594161510898,3.73863683500158,30.325491459877536,0.0,1.154424175901316,0.066368222384597
26,2015.14931E+03,639.1,0.144,0.322,0.063,0.028,14931,19.678815390948746,307.2944147749876,8.013164398259214,50.06811250015069,0.0,5.168111294619716,0.074140155031284
27,2015.37620E+00,678.2,0.176,0.466,0.082,0.014,38,4.463205406326426,28.258373205741627,0.239234449760766,0.0,0.0,0.0,0.0
28,2015.76990E+02,952.4,0.493,1.77,0.326,0.248,7699,2.927109847097829,33.73128448517722,38.02370709810156,0.0,0.0,39.22192088282053,8.569858786121761
29,2015.10083E+03,927.8,0.291,0.912,0.191,0.303,10083,2.568417997307553,54.73326549375608,37.75718787099769,0.0,0.0,34.11973685385034,6.057360147818868
30,2015.31632E+02,884.7,0.393,1.151,0.216,0.234,3163,2.552870526126334,40.06285031439384,46.60710729222978,0.0,0.0,33.90901072637779,2.728540131447918
31,2015.28342E+03,805.4,0.332,1.163,0.204,0.115,28342,4.410624211260036,52.966508316556265,40.11380884940015,0.0,0.0,22.40992778980928,0.330566440361495
32,2015.37645E+03,642.3,0.17,0.241,0.053,0.017,37645,11.57116200308904,221.8039844314069,8.30739364728721,23.717957913158237,0.0,5.579064641219476,31.17711187296487
1,1.14660E+03,1.4,0.0,0.0,0.0,0.0,14660,27.435247076317104,562.4830869533188,0.0,74.97482994867765,0.0,1.028288682071556,0.0509540063354859
2,1.81630E+00,2.2,0.0,0.0,0.0,0.0,82,12.954862920778917,339.04961411245864,41.12458654906284,34.619625137816975,0.0,16.5380374862183,0.0
3,1.50535E+02,2.2,0.0,0.0,0.0,0.0,5054,41.958584091155615,641.3518076580588,0.0,68.74977738201247,0.0,0.309884238646482,0.003561887800534
4,1.38595E+03,1.4,0.0,0.0,0.0,0.0,38595,35.874289922904694,809.4428144354899,0.0,64.04792552794568,0.0,0.282628162077457,0.665528691888665
5,1.26874E+03,3.0,0.0,0.0,0.0,0.0,26874,31.515515664452156,814.6438522696067,0.0,70.19102606179545,0.0,0.517752965525554,0.00971205433392
6,1.12990E+03,1.6,0.0,0.0,0.0,0.0,12990,25.634712806431136,491.1601676713088,0.0,62.08688422365413,0.0,2.404905425067553,0.016628559551029
7,1.12785E+03,1.1,0.0,0.0,0.0,0.0,12785,32.66128311418672,710.7400128117587,0.0,29.085507929915455,7.052098805409095,0.52021371702908,0.002815771134123
8,1.12233E+03,1.3,0.0,0.0,0.0,0.0,12233,30.18670878130093,625.6174932132689,0.0,77.79175586895907,0.0,0.680512333826246,0.0
9,1.19228E+03,1.1,0.0,0.0,0.0,0.0,19228,34.36246307511638,820.1150807395272,0.0,77.95459864263984,0.0,0.482096887432716,0.000936110461034
10,1.40616E+03,1.7,0.0,0.0,0.0,0.0,40616,29.691034248570336,755.0618521292485,0.0,67.4080294979237,0.0,0.742766228068233,0.010636270568996
11,1.16266E+03,2.3,0.0,0.0,0.0,0.0,16266,40.77669054742595,504.2856249654181,0.0,78.59071543185968,0.0,1.397665025175676,2.174514469097549
12,1.51207E+02,2.1,0.0,0.0,0.0,0.0,5121,33.58702833654999,483.4569660966308,0.0,80.6404555600471,0.0,2.052832311018156,0.147635200449936
13,1.22301E+03,1.7,0.0,0.0,0.0,0.0,22301,30.845331735862043,532.8902390791981,0.0,74.23037807122333,0.0,1.298308203919544,0.489539276143739
14,1.43711E+02,1.7,0.0,0.0,0.0,0.0,4371,12.39272077109365,134.60869296656236,15.959067698896392,33.112337341459394,0.0,42.79978586723769,0.422088618020096
15,1.87316E+02,1.4,0.0,0.0,0.0,0.0,8732,15.22976270305725,284.5455482487786,29.212104970211712,36.40973839905997,0.0,6.252447999340329,5.949411449421756
16,1.70627E+02,1.7,0.0,0.0,0.0,0.0,7063,4.208287025399914,72.89904936666922,42.26240538267452,0.0,0.0,26.963070571144584,0.047149374315059
17,1.35018E+03,0.8,0.0,0.0,0.0,0.0,35018,19.152642394642903,261.0541831153878,15.664322723908215,36.570133234641006,0.0,9.855868081256682,0.462620281273131
18,1.17507E+03,2.9,0.0,0.0,0.0,0.0,17507,27.858034110475717,391.41686244068944,13.32617066011402,57.47942445007634,0.0,3.693574670868311,1.801292365584211
19,1.35436E+03,3.4,0.0,0.0,0.0,0.0,35436,26.41756080268095,438.7000619717165,10.191553559817946,39.18237971391417,0.0,2.672657265929779,0.853634996749025
20,1.11300E+03,1.7,0.0,0.0,0.0,0.0,11300,32.057487961659845,489.7347021671432,0.0,70.59901080784027,0.0,7.1346081859235255,1.642281991446116
21,1.20005E+03,1.7,0.0,0.0,0.0,0.0,20005,25.025608937481863,330.604511386437,23.11838115546918,47.699318883220414,0.0,9.60086736667836,0.116068777498853
22,1.19905E+03,0.9,0.0,0.0,0.0,0.0,19905,26.86646520042202,412.7586980209883,11.108599228651132,41.351714284422464,0.0,3.86171785631932,1.5580704522744848
23,1.24503E+03,2.4,0.0,0.0,0.0,0.0,24502,34.75216078793627,721.3639816345271,0.0,74.36914600550963,0.0,0.606795224977044,0.01505968778696
24,1.12981E+03,1.4,0.0,0.0,0.0,0.0,12981,24.182426273681894,396.8857235957237,11.458145564969008,64.65217210443849,0.0,1.911424173934746,1.562001691648526
25,1.28206E+03,0.2,0.0,0.0,0.0,0.0,28206,32.08664439145956,629.6594161510898,3.73863683500158,30.325491459877536,0.0,1.154424175901316,0.066368222384597
26,1.14931E+03,1.8,0.0,0.0,0.0,0.0,14931,19.678815390948746,307.2944147749876,8.013164398259214,50.06811250015069,0.0,5.168111294619716,0.074140155031284
27,1.37620E+00,0.2,0.0,0.0,0.0,0.0,38,4.463205406326426,28.258373205741627,0.239234449760766,0.0,0.0,0.0,0.0
28,1.76990E+02,0.7,0.0,0.0,0.0,0.0,7699,2.927109847097829,33.73128448517722,38.02370709810156,0.0,0.0,39.22192088282053,8.569858786121761
29,1.10083E+03,0.7,0.0,0.0,0.0,0.0,10083,2.568417997307553,54.73326549375608,37.75718787099769,0.0,0.0,34.11973685385034,6.057360147818868
30,1.31632E+02,0.9,0.0,0.0,0.0,0.0,3163,2.552870526126334,40.06285031439384,46.60710729222978,0.0,0.0,33.90901072637779,2.728540131447918
31,1.28342E+03,0.7,0.0,0.0,0.0,0.0,28342,4.410624211260036,52.966508316556265,40.11380884940015,0.0,0.0,22.40992778980928,0.330566440361495
32,1.37645E+03,2.0,0.0,0.0,0.0,0.0,37645,11.57116200308904,221.8039844314069,8.30739364728721,23.717957913158237,0.0,5.579064641219476,31.17711187296487
1,2.14660E+03,8.3,0.0,0.0,0.0,0.0,14660,27.435247076317104,562.4830869533188,0.0,74.97482994867765,0.0,1.028288682071556,0.0509540063354859
2,2.81630E+00,9.0,0.0,0.004,0.0,0.0,82,12.954862920778917,339.04961411245864,41.12458654906284,34.619625137816975,0.0,16.5380374862183,0.0
3,2.50535E+02,9.0,0.0,0.0,0.0,0.0,5054,41.958584091155615,641.3518076580588,0.0,68.74977738201247,0.0,0.309884238646482,0.003561887800534
4,2.38595E+03,10.7,0.0,0.0,0.0,0.0,38595,35.874289922904694,809.4428144354899,0.0,64.04792552794568,0.0,0.282628162077457,0.665528691888665
5,2.26874E+03,8.2,0.0,0.001,0.0,0.001,26874,31.515515664452156,814.6438522696067,0.0,70.19102606179545,0.0,0.517752965525554,0.00971205433392
6,2.12990E+03,8.7,0.0,0.0,0.0,0.0,12990,25.634712806431136,491.1601676713088,0.0,62.08688422365413,0.0,2.404905425067553,0.016628559551029
7,2.12785E+03,8.0,0.0,0.0,0.0,0.0,12785,32.66128311418672,710.7400128117587,0.0,29.085507929915455,7.052098805409095,0.52021371702908,0.002815771134123
8,2.12233E+03,8.2,0.0,0.0,0.0,0.0,12233,30.18670878130093,625.6174932132689,0.0,77.79175586895907,0.0,0.680512333826246,0.0
9,2.19228E+03,8.0,0.0,0.0,0.0,0.0,19228,34.36246307511638,820.1150807395272,0.0,77.95459864263984,0.0,0.482096887432716,0.000936110461034
10,2.40616E+03,6.9,0.0,0.0,0.0,0.0,40616,29.691034248570336,755.0618521292485,0.0,67.4080294979237,0.0,0.742766228068233,0.010636270568996
11,2.16266E+03,9.3,0.0,0.0,0.0,0.0,16266,40.77669054742595,504.2856249654181,0.0,78.59071543185968,0.0,1.397665025175676,2.174514469097549
12,2.51207E+02,10.0,0.0,0.0,0.0,0.0,5121,33.58702833654999,483.4569660966308,0.0,80.6404555600471,0.0,2.052832311018156,0.147635200449936
13,2.22301E+03,9.2,0.0,0.0,0.0,0.0,22301,30.845331735862043,532.8902390791981,0.0,74.23037807122333,0.0,1.298308203919544,0.489539276143739
14,2.43711E+02,10.0,0.001,0.002,0.001,0.001,4371,12.39272077109365,134.60869296656236,15.959067698896392,33.112337341459394,0.0,42.79978586723769,0.422088618020096
15,2.87316E+02,10.8,0.0,0.0,0.0,0.0,8732,15.22976270305725,284.5455482487786,29.212104970211712,36.40973839905997,0.0,6.252447999340329,5.949411449421756
16,2.70627E+02,10.0,0.0,0.001,0.0,0.001,7063,4.208287025399914,72.89904936666922,42.26240538267452,0.0,0.0,26.963070571144584,0.047149374315059
17,2.35018E+03,12.0,0.0,0.0,0.0,0.001,35018,19.152642394642903,261.0541831153878,15.664322723908215,36.570133234641006,0.0,9.855868081256682,0.462620281273131
18,2.17507E+03,10.3,0.0,0.0,0.0,0.0,17507,27.858034110475717,391.41686244068944,13.32617066011402,57.47942445007634,0.0,3.693574670868311,1.801292365584211
19,2.35436E+03,9.5,0.0,0.0,0.0,0.0,35436,26.41756080268095,438.7000619717165,10.191553559817946,39.18237971391417,0.0,2.672657265929779,0.853634996749025
20,2.11300E+03,10.0,0.0,0.0,0.0,0.0,11300,32.057487961659845,489.7347021671432,0.0,70.59901080784027,0.0,7.1346081859235255,1.642281991446116
21,2.20005E+03,10.0,0.0,0.001,0.0,0.0,20005,25.025608937481863,330.604511386437,23.11838115546918,47.699318883220414,0.0,9.60086736667836,0.116068777498853
22,2.19905E+03,11.6,0.0,0.0,0.0,0.0,19905,26.86646520042202,412.7586980209883,11.108599228651132,41.351714284422464,0.0,3.86171785631932,1.5580704522744848
23,2.24503E+03,8.4,0.0,0.0,0.0,0.001,24502,34.75216078793627,721.3639816345271,0.0,74.36914600550963,0.0,0.606795224977044,0.01505968778696
24,2.12981E+03,10.8,0.0,0.0,0.0,0.0,12981,24.182426273681894,396.8857235957237,11.458145564969008,64.65217210443849,0.0,1.911424173934746,1.562001691648526
25,2.28206E+03,8.2,0.0,0.0,0.0,0.0,28206,32.08664439145956,629.6594161510898,3.73863683500158,30.325491459877536,0.0,1.154424175901316,0.066368222384597
26,2.14931E+03,10.5,0.0,0.0,0.0,0.0,14931,19.678815390948746,307.2944147749876,8.013164398259214,50.06811250015069,0.0,5.168111294619716,0.074140155031284
27,2.37620E+00,10.1,0.001,0.001,0.0,0.0,38,4.463205406326426,28.258373205741627,0.239234449760766,0.0,0.0,0.0,0.0
28,2.76990E+02,10.8,0.0,0.002,0.001,0.002,7699,2.927109847097829,33.73128448517722,38.02370709810156,0.0,0.0,39.22192088282053,8.569858786121761
29,2.10083E+03,10.7,0.0,0.001,0.0,0.002,10083,2.568417997307553,54.73326549375608,37.75718787099769,0.0,0.0,34.11973685385034,6.057360147818868
30,2.31632E+02,10.6,0.0,0.002,0.0,0.001,3163,2.552870526126334,40.06285031439384,46.60710729222978,0.0,0.0,33.90901072637779,2.728540131447918
31,2.28342E+03,10.6,0.001,0.003,0.001,0.001,28342,4.410624211260036,52.966508316556265,40.11380884940015,0.0,0.0,22.40992778980928,0.330566440361495
32,2.37645E+03,10.7,0.0,0.0,0.0,0.0,37645,11.57116200308904,221.8039844314069,8.30739364728721,23.717957913158237,0.0,5.579064641219476,31.17711187296487
1,3.14660E+03,0.3,0.0,0.0,0.0,0.0,14660,27.435247076317104,562.4830869533188,0.0,74.97482994867765,0.0,1.028288682071556,0.0509540063354859
2,3.81630E+00,0.1,0.0,0.0,0.0,0.0,82,12.954862920778917,339.04961411245864,41.12458654906284,34.619625137816975,0.0,16.5380374862183,0.0
3,3.50535E+02,0.1,0.0,0.0,0.0,0.0,5054,41.958584091155615,641.3518076580588,0.0,68.74977738201247,0.0,0.309884238646482,0.003561887800534
4,3.38595E+03,0.7,0.0,0.0,0.0,0.0,38595,35.874289922904694,809.4428144354899,0.0,64.04792552794568,0.0,0.282628162077457,0.665528691888665
5,3.26874E+03,0.1,0.0,0.0,0.0,0.0,26874,31.515515664452156,814.6438522696067,0.0,70.19102606179545,0.0,0.517752965525554,0.00971205433392
6,3.12990E+03,0.1,0.0,0.0,0.0,0.0,12990,25.634712806431136,491.1601676713088,0.0,62.08688422365413,0.0,2.404905425067553,0.016628559551029
7,3.12785E+03,0.4,0.0,0.0,0.0,0.0,12785,32.66128311418672,710.7400128117587,0.0,29.085507929915455,7.052098805409095,0.52021371702908,0.002815771134123
8,3.12233E+03,0.6,0.0,0.0,0.0,0.0,12233,30.18670878130093,625.6174932132689,0.0,77.79175586895907,0.0,0.680512333826246,0.0
9,3.19228E+03,0.4,0.0,0.0,0.0,0.0,19228,34.36246307511638,820.1150807395272,0.0,77.95459864263984,0.0,0.482096887432716,0.000936110461034
10,3.40616E+03,0.4,0.0,0.0,0.0,0.0,40616,29.691034248570336,755.0618521292485,0.0,67.4080294979237,0.0,0.742766228068233,0.010636270568996
11,3.16266E+03,0.7,0.0,0.0,0.0,0.0,16266,40.77669054742595,504.2856249654181,0.0,78.59071543185968,0.0,1.397665025175676,2.174514469097549
12,3.51207E+02,0.6,0.0,0.0,0.0,0.0,5121,33.58702833654999,483.4569660966308,0.0,80.6404555600471,0.0,2.052832311018156,0.147635200449936
13,3.22301E+03,1.3,0.0,0.0,0.0,0.0,22301,30.845331735862043,532.8902390791981,0.0,74.23037807122333,0.0,1.298308203919544,0.489539276143739
14,3.43711E+02,0.4,0.0,0.0,0.0,0.0,4371,12.39272077109365,134.60869296656236,15.959067698896392,33.112337341459394,0.0,42.79978586723769,0.422088618020096
15,3.87316E+02,1.5,0.0,0.0,0.0,0.0,8732,15.22976270305725,284.5455482487786,29.212104970211712,36.40973839905997,0.0,6.252447999340329,5.949411449421756
16,3.70627E+02,0.4,0.0,0.0,0.0,0.0,7063,4.208287025399914,72.89904936666922,42.26240538267452,0.0,0.0,26.963070571144584,0.047149374315059
17,3.35018E+03,0.5,0.0,0.0,0.0,0.0,35018,19.152642394642903,261.0541831153878,15.664322723908215,36.570133234641006,0.0,9.855868081256682,0.462620281273131
18,3.17507E+03,0.2,0.0,0.0,0.0,0.0,17507,27.858034110475717,391.41686244068944,13.32617066011402,57.47942445007634,0.0,3.693574670868311,1.801292365584211
19,3.35436E+03,0.1,0.0,0.0,0.0,0.0,35436,26.41756080268095,438.7000619717165,10.191553559817946,39.18237971391417,0.0,2.672657265929779,0.853634996749025
20,3.11300E+03,0.4,0.0,0.0,0.0,0.0,11300,32.057487961659845,489.7347021671432,0.0,70.59901080784027,0.0,7.1346081859235255,1.642281991446116
21,3.20005E+03,0.4,0.0,0.0,0.0,0.0,20005,25.025608937481863,330.604511386437,23.11838115546918,47.699318883220414,0.0,9.60086736667836,0.116068777498853
22,3.19905E+03,0.7,0.0,0.0,0.0,0.0,19905,26.86646520042202,412.7586980209883,11.108599228651132,41.351714284422464,0.0,3.86171785631932,1.5580704522744848
23,3.24503E+03,0.4,0.0,0.0,0.0,0.0,24502,34.75216078793627,721.3639816345271,0.0,74.36914600550963,0.0,0.606795224977044,0.01505968778696
24,3.12981E+03,1.5,0.0,0.0,0.0,0.0,12981,24.182426273681894,396.8857235957237,11.458145564969008,64.65217210443849,0.0,1.911424173934746,1.562001691648526
25,3.28206E+03,1.2,0.0,0.0,0.0,0.0,28206,32.08664439145956,629.6594161510898,3.73863683500158,30.325491459877536,0.0,1.154424175901316,0.066368222384597
26,3.14931E+03,1.0,0.0,0.0,0.0,0.0,14931,19.678815390948746,307.2944147749876,8.013164398259214,50.06811250015069,0.0,5.168111294619716,0.074140155031284
27,3.37620E+00,0.0,0.0,0.0,0.0,0.0,38,4.463205406326426,28.258373205741627,0.239234449760766,0.0,0.0,0.0,0.0
28,3.76990E+02,0.0,0.0,0.0,0.0,0.0,7699,2.927109847097829,33.73128448517722,38.02370709810156,0.0,0.0,39.22192088282053,8.569858786121761
29,3.10083E+03,0.1,0.0,0.0,0.0,0.0,10083,2.568417997307553,54.73326549375608,37.75718787099769,0.0,0.0,34.11973685385034,6.057360147818868
30,3.31632E+02,0.2,0.0,0.0,0.0,0.0,3163,2.552870526126334,40.06285031439384,46.60710729222978,0.0,0.0,33.90901072637779,2.728540131447918
31,3.28342E+03,0.0,0.0,0.0,0.0,0.0,28342,4.410624211260036,52.966508316556265,40.11380884940015,0.0,0.0,22.40992778980928,0.330566440361495
32,3.37645E+03,1.3,0.0,0.0,0.0,0.0,37645,11.57116200308904,221.8039844314069,8.30739364728721,23.717957913158237,0.0,5.579064641219476,31.17711187296487
1,4.14660E+03,3.6,0.0,0.0,0.0,0.0,14660,27.435247076317104,562.4830869533188,0.0,74.97482994867765,0.0,1.028288682071556,0.0509540063354859
2,4.81630E+00,4.8,0.0,0.002,0.0,0.0,82,12.954862920778917,339.04961411245864,41.12458654906284,34.619625137816975,0.0,16.5380374862183,0.0
3,4.50535E+02,4.8,0.0,0.0,0.0,0.0,5054,41.958584091155615,641.3518076580588,0.0,68.74977738201247,0.0,0.309884238646482,0.003561887800534
4,4.38595E+03,6.0,0.0,0.0,0.0,0.0,38595,35.874289922904694,809.4428144354899,0.0,64.04792552794568,0.0,0.282628162077457,0.665528691888665
5,4.26874E+03,6.6,0.0,0.0,0.0,0.0,26874,31.515515664452156,814.6438522696067,0.0,70.19102606179545,0.0,0.517752965525554,0.00971205433392
6,4.12990E+03,2.1,0.0,0.0,0.0,0.0,12990,25.634712806431136,491.1601676713088,0.0,62.08688422365413,0.0,2.404905425067553,0.016628559551029
7,4.12785E+03,4.4,0.0,0.0,0.0,0.0,12785,32.66128311418672,710.7400128117587,0.0,29.085507929915455,7.052098805409095,0.52021371702908,0.002815771134123
8,4.12233E+03,3.3,0.0,0.0,0.0,0.0,12233,30.18670878130093,625.6174932132689,0.0,77.79175586895907,0.0,0.680512333826246,0.0
9,4.19228E+03,4.4,0.0,0.0,0.0,0.0,19228,34.36246307511638,820.1150807395272,0.0,77.95459864263984,0.0,0.482096887432716,0.000936110461034
10,4.40616E+03,3.6,0.0,0.0,0.0,0.0,40616,29.691034248570336,755.0618521292485,0.0,67.4080294979237,0.0,0.742766228068233,0.010636270568996
11,4.16266E+03,6.2,0.0,0.0,0.0,0.0,16266,40.77669054742595,504.2856249654181,0.0,78.59071543185968,0.0,1.397665025175676,2.174514469097549
12,4.51207E+02,6.1,0.0,0.0,0.0,0.0,5121,33.58702833654999,483.4569660966308,0.0,80.6404555600471,0.0,2.052832311018156,0.147635200449936
13,4.22301E+03,6.9,0.0,0.0,0.0,0.0,22301,30.845331735862043,532.8902390791981,0.0,74.23037807122333,0.0,1.298308203919544,0.489539276143739
14,4.43711E+02,11.8,0.0,0.001,0.0,0.001,4371,12.39272077109365,134.60869296656236,15.959067698896392,33.112337341459394,0.0,42.79978586723769,0.422088618020096
15,4.87316E+02,6.9,0.0,0.0,0.0,0.0,8732,15.22976270305725,284.5455482487786,29.212104970211712,36.40973839905997,0.0,6.252447999340329,5.949411449421756
16,4.70627E+02,11.8,0.0,0.001,0.0,0.001,7063,4.208287025399914,72.89904936666922,42.26240538267452,0.0,0.0,26.963070571144584,0.047149374315059
17,4.35018E+03,9.6,0.0,0.0,0.0,0.0,35018,19.152642394642903,261.0541831153878,15.664322723908215,36.570133234641006,0.0,9.855868081256682,0.462620281273131
18,4.17507E+03,10.3,0.0,0.0,0.0,0.0,17507,27.858034110475717,391.41686244068944,13.32617066011402,57.47942445007634,0.0,3.693574670868311,1.801292365584211
19,4.35436E+03,9.0,0.0,0.0,0.0,0.0,35436,26.41756080268095,438.7000619717165,10.191553559817946,39.18237971391417,0.0,2.672657265929779,0.853634996749025
20,4.11300E+03,11.8,0.0,0.0,0.0,0.0,11300,32.057487961659845,489.7347021671432,0.0,70.59901080784027,0.0,7.1346081859235255,1.642281991446116
21,4.20005E+03,11.8,0.0,0.0,0.0,0.0,20005,25.025608937481863,330.604511386437,23.11838115546918,47.699318883220414,0.0,9.60086736667836,0.116068777498853
22,4.19905E+03,8.4,0.0,0.0,0.0,0.0,19905,26.86646520042202,412.7586980209883,11.108599228651132,41.351714284422464,0.0,3.86171785631932,1.5580704522744848
23,4.24503E+03,9.4,0.0,0.0,0.0,0.0,24502,34.75216078793627,721.3639816345271,0.0,74.36914600550963,0.0,0.606795224977044,0.01505968778696
24,4.12981E+03,6.9,0.0,0.0,0.0,0.0,12981,24.182426273681894,396.8857235957237,11.458145564969008,64.65217210443849,0.0,1.911424173934746,1.562001691648526
25,4.28206E+03,10.1,0.0,0.0,0.0,0.0,28206,32.08664439145956,629.6594161510898,3.73863683500158,30.325491459877536,0.0,1.154424175901316,0.066368222384597
26,4.14931E+03,8.2,0.0,0.0,0.0,0.0,14931,19.678815390948746,307.2944147749876,8.013164398259214,50.06811250015069,0.0,5.168111294619716,0.074140155031284
27,4.37620E+00,5.0,0.0,0.0,0.0,0.0,38,4.463205406326426,28.258373205741627,0.239234449760766,0.0,0.0,0.0,0.0
28,4.76990E+02,6.5,0.0,0.0,0.0,0.0,7699,2.927109847097829,33.73128448517722,38.02370709810156,0.0,0.0,39.22192088282053,8.569858786121761
29,4.10083E+03,10.4,0.0,0.0,0.0,0.001,10083,2.568417997307553,54.73326549375608,37.75718787099769,0.0,0.0,34.11973685385034,6.057360147818868
30,4.31632E+02,9.7,0.0,0.001,0.0,0.001,3163,2.552870526126334,40.06285031439384,46.60710729222978,0.0,0.0,33.90901072637779,2.728540131447918
31,4.28342E+03,5.6,0.0,0.0,0.0,0.0,28342,4.410624211260036,52.966508316556265,40.11380884940015,0.0,0.0,22.40992778980928,0.330566440361495
32,4.37645E+03,7.5,0.0,0.0,0.0,0.0,37645,11.57116200308904,221.8039844314069,8.30739364728721,23.717957913158237,0.0,5.579064641219476,31.17711187296487
1,5.14660E+03,51.4,0.0,0.001,0.0,0.0,14660,27.435247076317104,562.4830869533188,0.0,74.97482994867765,0.0,1.028288682071556,0.0509540063354859
2,5.81630E+00,60.8,0.001,0.021,0.002,0.004,82,12.954862920778917,339.04961411245864,41.12458654906284,34.619625137816975,0.0,16.5380374862183,0.0
3,5.50535E+02,60.8,0.0,0.001,0.0,0.0,5054,41.958584091155615,641.3518076580588,0.0,68.74977738201247,0.0,0.309884238646482,0.003561887800534
4,5.38595E+03,46.3,0.0,0.0,0.0,0.0,38595,35.874289922904694,809.4428144354899,0.0,64.04792552794568,0.0,0.282628162077457,0.665528691888665
5,5.26874E+03,63.9,0.0,0.001,0.0,0.0,26874,31.515515664452156,814.6438522696067,0.0,70.19102606179545,0.0,0.517752965525554,0.00971205433392
6,5.12990E+03,57.5,0.0,0.001,0.0,0.0,12990,25.634712806431136,491.1601676713088,0.0,62.08688422365413,0.0,2.404905425067553,0.016628559551029
7,5.12785E+03,39.8,0.0,0.001,0.0,0.0,12785,32.66128311418672,710.7400128117587,0.0,29.085507929915455,7.052098805409095,0.52021371702908,0.002815771134123
8,5.12233E+03,59.7,0.0,0.001,0.0,0.0,12233,30.18670878130093,625.6174932132689,0.0,77.79175586895907,0.0,0.680512333826246,0.0
9,5.19228E+03,39.8,0.0,0.0,0.0,0.0,19228,34.36246307511638,820.1150807395272,0.0,77.95459864263984,0.0,0.482096887432716,0.000936110461034
10,5.40616E+03,53.6,0.0,0.0,0.0,0.0,40616,29.691034248570336,755.0618521292485,0.0,67.4080294979237,0.0,0.742766228068233,0.010636270568996
11,5.16266E+03,49.5,0.0,0.001,0.0,0.0,16266,40.77669054742595,504.2856249654181,0.0,78.59071543185968,0.0,1.397665025175676,2.174514469097549
12,5.51207E+02,58.1,0.0,0.002,0.0,0.0,5121,33.58702833654999,483.4569660966308,0.0,80.6404555600471,0.0,2.052832311018156,0.147635200449936
13,5.22301E+03,49.9,0.0,0.001,0.0,0.0,22301,30.845331735862043,532.8902390791981,0.0,74.23037807122333,0.0,1.298308203919544,0.489539276143739
14,5.43711E+02,45.7,0.001,0.005,0.002,0.007,4371,12.39272077109365,134.60869296656236,15.959067698896392,33.112337341459394,0.0,42.79978586723769,0.422088618020096
15,5.87316E+02,53.6,0.0,0.002,0.0,0.001,8732,15.22976270305725,284.5455482487786,29.212104970211712,36.40973839905997,0.0,6.252447999340329,5.949411449421756
16,5.70627E+02,45.7,0.001,0.003,0.001,0.006,7063,4.208287025399914,72.89904936666922,42.26240538267452,0.0,0.0,26.963070571144584,0.047149374315059
17,5.35018E+03,69.5,0.005,0.008,0.002,0.004,35018,19.152642394642903,261.0541831153878,15.664322723908215,36.570133234641006,0.0,9.855868081256682,0.462620281273131
18,5.17507E+03,49.0,0.0,0.001,0.0,0.001,17507,27.858034110475717,391.41686244068944,13.32617066011402,57.47942445007634,0.0,3.693574670868311,1.801292365584211
19,5.35436E+03,49.2,0.0,0.001,0.0,0.001,35436,26.41756080268095,438.7000619717165,10.191553559817946,39.18237971391417,0.0,2.672657265929779,0.853634996749025
20,5.11300E+03,45.7,0.0,0.001,0.0,0.001,11300,32.057487961659845,489.7347021671432,0.0,70.59901080784027,0.0,7.1346081859235255,1.642281991446116
21,5.20005E+03,45.7,0.0,0.002,0.001,0.002,20005,25.025608937481863,330.604511386437,23.11838115546918,47.699318883220414,0.0,9.60086736667836,0.116068777498853
22,5.19905E+03,65.7,0.0,0.002,0.0,0.001,19905,26.86646520042202,412.7586980209883,11.108599228651132,41.351714284422464,0.0,3.86171785631932,1.5580704522744848
23,5.24503E+03,51.7,0.0,0.0,0.0,0.0,24502,34.75216078793627,721.3639816345271,0.0,74.36914600550963,0.0,0.606795224977044,0.01505968778696
24,5.12981E+03,53.6,0.0,0.001,0.0,0.0,12981,24.182426273681894,396.8857235957237,11.458145564969008,64.65217210443849,0.0,1.911424173934746,1.562001691648526
25,5.28206E+03,69.5,0.001,0.002,0.0,0.001,28206,32.08664439145956,629.6594161510898,3.73863683500158,30.325491459877536,0.0,1.154424175901316,0.066368222384597
26,5.14931E+03,60.4,0.0,0.002,0.001,0.001,14931,19.678815390948746,307.2944147749876,8.013164398259214,50.06811250015069,0.0,5.168111294619716,0.074140155031284
27,5.37620E+00,43.1,0.002,0.005,0.001,0.0,38,4.463205406326426,28.258373205741627,0.239234449760766,0.0,0.0,0.0,0.0
28,5.76990E+02,48.3,0.006,0.018,0.005,0.01,7699,2.927109847097829,33.73128448517722,38.02370709810156,0.0,0.0,39.22192088282053,8.569858786121761
29,5.10083E+03,57.2,0.002,0.006,0.002,0.011,10083,2.568417997307553,54.73326549375608,37.75718787099769,0.0,0.0,34.11973685385034,6.057360147818868
30,5.31632E+02,43.6,0.001,0.006,0.002,0.007,3163,2.552870526126334,40.06285031439384,46.60710729222978,0.0,0.0,33.90901072637779,2.728540131447918
31,5.28342E+03,55.4,0.011,0.034,0.007,0.011,28342,4.410624211260036,52.966508316556265,40.11380884940015,0.0,0.0,22.40992778980928,0.330566440361495
32,5.37645E+03,44.3,0.0,0.001,0.0,0.001,37645,11.57116200308904,221.8039844314069,8.30739364728721,23.717957913158237,0.0,5.579064641219476,31.17711187296487
1,6.14660E+03,62.8,0.0,0.001,0.0,0.0,14660,27.435247076317104,562.4830869533188,0.0,74.97482994867765,0.0,1.028288682071556,0.0509540063354859
2,6.81630E+00,73.8,0.002,0.032,0.004,0.003,82,12.954862920778917,339.04961411245864,41.12458654906284,34.619625137816975,0.0,16.5380374862183,0.0
3,6.50535E+02,73.8,0.0,0.001,0.0,0.0,5054,41.958584091155615,641.3518076580588,0.0,68.74977738201247,0.0,0.309884238646482,0.003561887800534
4,6.38595E+03,99.2,0.0,0.001,0.0,0.0,38595,35.874289922904694,809.4428144354899,0.0,64.04792552794568,0.0,0.282628162077457,0.665528691888665
5,6.26874E+03,90.4,0.0,0.001,0.0,0.001,26874,31.515515664452156,814.6438522696067,0.0,70.19102606179545,0.0,0.517752965525554,0.00971205433392
6,6.12990E+03,62.1,0.0,0.001,0.0,0.0,12990,25.634712806431136,491.1601676713088,0.0,62.08688422365413,0.0,2.404905425067553,0.016628559551029
7,6.12785E+03,62.7,0.0,0.001,0.0,0.0,12785,32.66128311418672,710.7400128117587,0.0,29.085507929915455,7.052098805409095,0.52021371702908,0.002815771134123
8,6.12233E+03,63.4,0.0,0.001,0.0,0.0,12233,30.18670878130093,625.6174932132689,0.0,77.79175586895907,0.0,0.680512333826246,0.0
9,6.19228E+03,62.7,0.0,0.0,0.0,0.0,19228,34.36246307511638,820.1150807395272,0.0,77.95459864263984,0.0,0.482096887432716,0.000936110461034
10,6.40616E+03,76.0,0.0,0.001,0.0,0.0,40616,29.691034248570336,755.0618521292485,0.0,67.4080294979237,0.0,0.742766228068233,0.010636270568996
11,6.16266E+03,55.0,0.0,0.001,0.0,0.0,16266,40.77669054742595,504.2856249654181,0.0,78.59071543185968,0.0,1.397665025175676,2.174514469097549
12,6.51207E+02,71.5,0.0,0.002,0.0,0.0,5121,33.58702833654999,483.4569660966308,0.0,80.6404555600471,0.0,2.052832311018156,0.147635200449936
13,6.22301E+03,70.5,0.0,0.001,0.0,0.0,22301,30.845331735862043,532.8902390791981,0.0,74.23037807122333,0.0,1.298308203919544,0.489539276143739
14,6.43711E+02,96.0,0.002,0.01,0.004,0.011,4371,12.39272077109365,134.60869296656236,15.959067698896392,33.112337341459394,0.0,42.79978586723769,0.422088618020096
15,6.87316E+02,110.0,0.004,0.009,0.002,0.001,8732,15.22976270305725,284.5455482487786,29.212104970211712,36.40973839905997,0.0,6.252447999340329,5.949411449421756
16,6.70627E+02,96.0,0.002,0.006,0.003,0.009,7063,4.208287025399914,72.89904936666922,42.26240538267452,0.0,0.0,26.963070571144584,0.047149374315059
17,6.35018E+03,124.5,0.008,0.014,0.004,0.004,35018,19.152642394642903,261.0541831153878,15.664322723908215,36.570133234641006,0.0,9.855868081256682,0.462620281273131
18,6.17507E+03,100.5,0.001,0.004,0.001,0.001,17507,27.858034110475717,391.41686244068944,13.32617066011402,57.47942445007634,0.0,3.693574670868311,1.801292365584211
19,6.35436E+03,76.5,0.0,0.001,0.0,0.001,35436,26.41756080268095,438.7000619717165,10.191553559817946,39.18237971391417,0.0,2.672657265929779,0.853634996749025
20,6.11300E+03,96.0,0.0,0.002,0.001,0.002,11300,32.057487961659845,489.7347021671432,0.0,70.59901080784027,0.0,7.1346081859235255,1.642281991446116
21,6.20005E+03,96.0,0.001,0.003,0.001,0.003,20005,25.025608937481863,330.604511386437,23.11838115546918,47.699318883220414,0.0,9.60086736667836,0.116068777498853
22,6.19905E+03,142.7,0.01,0.018,0.005,0.002,19905,26.86646520042202,412.7586980209883,11.108599228651132,41.351714284422464,0.0,3.86171785631932,1.5580704522744848
23,6.24503E+03,77.4,0.0,0.001,0.0,0.0,24502,34.75216078793627,721.3639816345271,0.0,74.36914600550963,0.0,0.606795224977044,0.01505968778696
24,6.12981E+03,110.0,0.001,0.004,0.001,0.001,12981,24.182426273681894,396.8857235957237,11.458145564969008,64.65217210443849,0.0,1.911424173934746,1.562001691648526
25,6.28206E+03,137.1,0.007,0.017,0.004,0.001,28206,32.08664439145956,629.6594161510898,3.73863683500158,30.325491459877536,0.0,1.154424175901316,0.066368222384597
26,6.14931E+03,134.0,0.005,0.012,0.003,0.002,14931,19.678815390948746,307.2944147749876,8.013164398259214,50.06811250015069,0.0,5.168111294619716,0.074140155031284
27,6.37620E+00,98.7,0.002,0.004,0.001,0.0,38,4.463205406326426,28.258373205741627,0.239234449760766,0.0,0.0,0.0,0.0
28,6.76990E+02,104.7,0.003,0.012,0.004,0.011,7699,2.927109847097829,33.73128448517722,38.02370709810156,0.0,0.0,39.22192088282053,8.569858786121761
29,6.10083E+03,105.6,0.002,0.006,0.003,0.011,10083,2.568417997307553,54.73326549375608,37.75718787099769,0.0,0.0,34.11973685385034,6.057360147818868
30,6.31632E+02,93.5,0.002,0.009,0.003,0.01,3163,2.552870526126334,40.06285031439384,46.60710729222978,0.0,0.0,33.90901072637779,2.728540131447918
31,6.28342E+03,103.3,0.004,0.011,0.003,0.008,28342,4.410624211260036,52.966508316556265,40.11380884940015,0.0,0.0,22.40992778980928,0.330566440361495
32,6.37645E+03,85.7,0.001,0.002,0.001,0.002,37645,11.57116200308904,221.8039844314069,8.30739364728721,23.717957913158237,0.0,5.579064641219476,31.17711187296487
1,7.14660E+03,228.2,0.001,0.004,0.001,0.005,14660,27.435247076317104,562.4830869533188,0.0,74.97482994867765,0.0,1.028288682071556,0.0509540063354859
2,7.81630E+00,284.7,0.585,1.632,0.31,0.044,82,12.954862920778917,339.04961411245864,41.12458654906284,34.619625137816975,0.0,16.5380374862183,0.0
3,7.50535E+02,284.7,0.004,0.008,0.001,0.018,5054,41.958584091155615,641.3518076580588,0.0,68.74977738201247,0.0,0.309884238646482,0.003561887800534
4,7.38595E+03,238.0,0.003,0.006,0.001,0.011,38595,35.874289922904694,809.4428144354899,0.0,64.04792552794568,0.0,0.282628162077457,0.665528691888665
5,7.26874E+03,338.6,0.016,0.025,0.003,0.032,26874,31.515515664452156,814.6438522696067,0.0,70.19102606179545,0.0,0.517752965525554,0.00971205433392
6,7.12990E+03,207.2,0.002,0.006,0.001,0.005,12990,25.634712806431136,491.1601676713088,0.0,62.08688422365413,0.0,2.404905425067553,0.016628559551029
7,7.12785E+03,217.2,0.476,0.512,0.074,0.007,12785,32.66128311418672,710.7400128117587,0.0,29.085507929915455,7.052098805409095,0.52021371702908,0.002815771134123
8,7.12233E+03,202.8,0.002,0.005,0.001,0.006,12233,30.18670878130093,625.6174932132689,0.0,77.79175586895907,0.0,0.680512333826246,0.0
9,7.19228E+03,217.2,0.001,0.002,0.0,0.003,19228,34.36246307511638,820.1150807395272,0.0,77.95459864263984,0.0,0.482096887432716,0.000936110461034
10,7.40616E+03,190.1,0.001,0.003,0.001,0.005,40616,29.691034248570336,755.0618521292485,0.0,67.4080294979237,0.0,0.742766228068233,0.010636270568996
11,7.16266E+03,246.7,0.001,0.004,0.001,0.005,16266,40.77669054742595,504.2856249654181,0.0,78.59071543185968,0.0,1.397665025175676,2.174514469097549
12,7.51207E+02,268.6,0.002,0.007,0.001,0.007,5121,33.58702833654999,483.4569660966308,0.0,80.6404555600471,0.0,2.052832311018156,0.147635200449936
13,7.22301E+03,203.7,0.001,0.003,0.001,0.003,22301,30.845331735862043,532.8902390791981,0.0,74.23037807122333,0.0,1.298308203919544,0.489539276143739
14,7.43711E+02,279.3,0.242,0.473,0.102,0.056,4371,12.39272077109365,134.60869296656236,15.959067698896392,33.112337341459394,0.0,42.79978586723769,0.422088618020096
15,7.87316E+02,172.5,0.199,0.365,0.082,0.007,8732,15.22976270305725,284.5455482487786,29.212104970211712,36.40973839905997,0.0,6.252447999340329,5.949411449421756
16,7.70627E+02,279.3,0.197,0.416,0.094,0.051,7063,4.208287025399914,72.89904936666922,42.26240538267452,0.0,0.0,26.963070571144584,0.047149374315059
17,7.35018E+03,195.6,0.151,0.217,0.052,0.011,35018,19.152642394642903,261.0541831153878,15.664322723908215,36.570133234641006,0.0,9.855868081256682,0.462620281273131
18,7.17507E+03,324.1,0.445,0.76,0.169,0.023,17507,27.858034110475717,391.41686244068944,13.32617066011402,57.47942445007634,0.0,3.693574670868311,1.801292365584211
19,7.35436E+03,358.4,0.458,0.818,0.175,0.026,35436,26.41756080268095,438.7000619717165,10.191553559817946,39.18237971391417,0.0,2.672657265929779,0.853634996749025
20,7.11300E+03,279.3,0.004,0.01,0.003,0.017,11300,32.057487961659845,489.7347021671432,0.0,70.59901080784027,0.0,7.1346081859235255,1.642281991446116
21,7.20005E+03,279.3,0.197,0.332,0.072,0.021,20005,25.025608937481863,330.604511386437,23.11838115546918,47.699318883220414,0.0,9.60086736667836,0.116068777498853
22,7.19905E+03,165.2,0.077,0.123,0.029,0.004,19905,26.86646520042202,412.7586980209883,11.108599228651132,41.351714284422464,0.0,3.86171785631932,1.5580704522744848
23,7.24503E+03,337.5,0.009,0.014,0.002,0.028,24502,34.75216078793627,721.3639816345271,0.0,74.36914600550963,0.0,0.606795224977044,0.01505968778696
24,7.12981E+03,172.5,0.079,0.14,0.032,0.003,12981,24.182426273681894,396.8857235957237,11.458145564969008,64.65217210443849,0.0,1.911424173934746,1.562001691648526
25,7.28206E+03,156.5,0.052,0.095,0.019,0.002,28206,32.08664439145956,629.6594161510898,3.73863683500158,30.325491459877536,0.0,1.154424175901316,0.066368222384597
26,7.14931E+03,141.0,0.033,0.061,0.013,0.003,14931,19.678815390948746,307.2944147749876,8.013164398259214,50.06811250015069,0.0,5.168111294619716,0.074140155031284
27,7.37620E+00,257.2,0.366,0.951,0.18,0.008,38,4.463205406326426,28.258373205741627,0.239234449760766,0.0,0.0,0.0,0.0
28,7.76990E+02,203.5,0.062,0.18,0.038,0.037,7699,2.927109847097829,33.73128448517722,38.02370709810156,0.0,0.0,39.22192088282053,8.569858786121761
29,7.10083E+03,231.6,0.047,0.109,0.027,0.043,10083,2.568417997307553,54.73326549375608,37.75718787099769,0.0,0.0,34.11973685385034,6.057360147818868
30,7.31632E+02,229.6,0.1,0.222,0.047,0.043,3163,2.552870526126334,40.06285031439384,46.60710729222978,0.0,0.0,33.90901072637779,2.728540131447918
31,7.28342E+03,229.7,0.15,0.457,0.086,0.035,28342,4.410624211260036,52.966508316556265,40.11380884940015,0.0,0.0,22.40992778980928,0.330566440361495
32,7.37645E+03,179.8,0.068,0.102,0.023,0.006,37645,11.57116200308904,221.8039844314069,8.30739364728721,23.717957913158237,0.0,5.579064641219476,31.17711187296487
1,8.14660E+03,57.0,0.0,0.001,0.0,0.0,14660,27.435247076317104,562.4830869533188,0.0,74.97482994867765,0.0,1.028288682071556,0.0509540063354859
2,8.81630E+00,67.1,0.058,0.175,0.032,0.006,82,12.954862920778917,339.04961411245864,41.12458654906284,34.619625137816975,0.0,16.5380374862183,0.0
3,8.50535E+02,67.1,0.0,0.001,0.0,0.003,5054,41.958584091155615,641.3518076580588,0.0,68.74977738201247,0.0,0.309884238646482,0.003561887800534
4,8.38595E+03,67.0,0.0,0.001,0.0,0.001,38595,35.874289922904694,809.4428144354899,0.0,64.04792552794568,0.0,0.282628162077457,0.665528691888665
5,8.26874E+03,68.9,0.001,0.001,0.0,0.002,26874,31.515515664452156,814.6438522696067,0.0,70.19102606179545,0.0,0.517752965525554,0.00971205433392
6,8.12990E+03,63.8,0.0,0.001,0.0,0.001,12990,25.634712806431136,491.1601676713088,0.0,62.08688422365413,0.0,2.404905425067553,0.016628559551029
7,8.12785E+03,51.2,0.01,0.014,0.002,0.0,12785,32.66128311418672,710.7400128117587,0.0,29.085507929915455,7.052098805409095,0.52021371702908,0.002815771134123
8,8.12233E+03,66.0,0.0,0.001,0.0,0.0,12233,30.18670878130093,625.6174932132689,0.0,77.79175586895907,0.0,0.680512333826246,0.0
9,8.19228E+03,51.2,0.0,0.0,0.0,0.0,19228,34.36246307511638,820.1150807395272,0.0,77.95459864263984,0.0,0.482096887432716,0.000936110461034
10,8.40616E+03,56.6,0.0,0.0,0.0,0.0,40616,29.691034248570336,755.0618521292485,0.0,67.4080294979237,0.0,0.742766228068233,0.010636270568996
11,8.16266E+03,90.3,0.0,0.001,0.0,0.001,16266,40.77669054742595,504.2856249654181,0.0,78.59071543185968,0.0,1.397665025175676,2.174514469097549
12,8.51207E+02,80.3,0.0,0.002,0.0,0.001,5121,33.58702833654999,483.4569660966308,0.0,80.6404555600471,0.0,2.052832311018156,0.147635200449936
13,8.22301E+03,94.2,0.0,0.001,0.0,0.001,22301,30.845331735862043,532.8902390791981,0.0,74.23037807122333,0.0,1.298308203919544,0.489539276143739
14,8.43711E+02,84.8,0.074,0.134,0.028,0.012,4371,12.39272077109365,134.60869296656236,15.959067698896392,33.112337341459394,0.0,42.79978586723769,0.422088618020096
15,8.87316E+02,86.3,0.026,0.052,0.011,0.002,8732,15.22976270305725,284.5455482487786,29.212104970211712,36.40973839905997,0.0,6.252447999340329,5.949411449421756
16,8.70627E+02,84.8,0.033,0.075,0.017,0.011,7063,4.208287025399914,72.89904936666922,42.26240538267452,0.0,0.0,26.963070571144584,0.047149374315059
17,8.35018E+03,129.2,0.192,0.252,0.059,0.01,35018,19.152642394642903,261.0541831153878,15.664322723908215,36.570133234641006,0.0,9.855868081256682,0.462620281273131
18,8.17507E+03,77.4,0.029,0.051,0.011,0.002,17507,27.858034110475717,391.41686244068944,13.32617066011402,57.47942445007634,0.0,3.693574670868311,1.801292365584211
19,8.35436E+03,72.5,0.022,0.041,0.008,0.001,35436,26.41756080268095,438.7000619717165,10.191553559817946,39.18237971391417,0.0,2.672657265929779,0.853634996749025
20,8.11300E+03,84.8,0.001,0.002,0.001,0.004,11300,32.057487961659845,489.7347021671432,0.0,70.59901080784027,0.0,7.1346081859235255,1.642281991446116
21,8.20005E+03,84.8,0.048,0.08,0.017,0.005,20005,25.025608937481863,330.604511386437,23.11838115546918,47.699318883220414,0.0,9.60086736667836,0.116068777498853
22,8.19905E+03,90.5,0.035,0.06,0.013,0.002,19905,26.86646520042202,412.7586980209883,11.108599228651132,41.351714284422464,0.0,3.86171785631932,1.5580704522744848
23,8.24503E+03,88.5,0.001,0.001,0.0,0.004,24502,34.75216078793627,721.3639816345271,0.0,74.36914600550963,0.0,0.606795224977044,0.01505968778696
24,8.12981E+03,86.3,0.01,0.019,0.004,0.001,12981,24.182426273681894,396.8857235957237,11.458145564969008,64.65217210443849,0.0,1.911424173934746,1.562001691648526
25,8.28206E+03,77.5,0.031,0.057,0.011,0.002,28206,32.08664439145956,629.6594161510898,3.73863683500158,30.325491459877536,0.0,1.154424175901316,0.066368222384597
26,8.14931E+03,70.3,0.004,0.009,0.002,0.001,14931,19.678815390948746,307.2944147749876,8.013164398259214,50.06811250015069,0.0,5.168111294619716,0.074140155031284
27,8.37620E+00,73.0,0.057,0.128,0.024,0.001,38,4.463205406326426,28.258373205741627,0.239234449760766,0.0,0.0,0.0,0.0
28,8.76990E+02,53.4,0.002,0.007,0.002,0.005,7699,2.927109847097829,33.73128448517722,38.02370709810156,0.0,0.0,39.22192088282053,8.569858786121761
29,8.10083E+03,73.9,0.005,0.012,0.004,0.009,10083,2.568417997307553,54.73326549375608,37.75718787099769,0.0,0.0,34.11973685385034,6.057360147818868
30,8.31632E+02,73.0,0.016,0.038,0.009,0.01,3163,2.552870526126334,40.06285031439384,46.60710729222978,0.0,0.0,33.90901072637779,2.728540131447918
31,8.28342E+03,67.8,0.012,0.037,0.008,0.006,28342,4.410624211260036,52.966508316556265,40.11380884940015,0.0,0.0,22.40992778980928,0.330566440361495
32,8.37645E+03,113.7,0.05,0.067,0.015,0.003,37645,11.57116200308904,221.8039844314069,8.30739364728721,23.717957913158237,0.0,5.579064641219476,31.17711187296487
1,9.14660E+03,53.3,0.0,0.001,0.0,0.0,14660,27.435247076317104,562.4830869533188,0.0,74.97482994867765,0.0,1.028288682071556,0.0509540063354859
2,9.81630E+00,37.3,0.0,0.013,0.001,0.001,82,12.954862920778917,339.04961411245864,41.12458654906284,34.619625137816975,0.0,16.5380374862183,0.0
3,9.50535E+02,37.3,0.0,0.0,0.0,0.0,5054,41.958584091155615,641.3518076580588,0.0,68.74977738201247,0.0,0.309884238646482,0.003561887800534
4,9.38595E+03,30.6,0.0,0.0,0.0,0.0,38595,35.874289922904694,809.4428144354899,0.0,64.04792552794568,0.0,0.282628162077457,0.665528691888665
5,9.26874E+03,44.1,0.0,0.0,0.0,0.0,26874,31.515515664452156,814.6438522696067,0.0,70.19102606179545,0.0,0.517752965525554,0.00971205433392
6,9.12990E+03,44.1,0.0,0.001,0.0,0.0,12990,25.634712806431136,491.1601676713088,0.0,62.08688422365413,0.0,2.404905425067553,0.016628559551029
7,9.12785E+03,45.0,0.0,0.0,0.0,0.0,12785,32.66128311418672,710.7400128117587,0.0,29.085507929915455,7.052098805409095,0.52021371702908,0.002815771134123
8,9.12233E+03,37.6,0.0,0.0,0.0,0.0,12233,30.18670878130093,625.6174932132689,0.0,77.79175586895907,0.0,0.680512333826246,0.0
9,9.19228E+03,45.0,0.0,0.0,0.0,0.0,19228,34.36246307511638,820.1150807395272,0.0,77.95459864263984,0.0,0.482096887432716,0.000936110461034
10,9.40616E+03,57.5,0.0,0.0,0.0,0.0,40616,29.691034248570336,755.0618521292485,0.0,67.4080294979237,0.0,0.742766228068233,0.010636270568996
11,9.16266E+03,38.0,0.0,0.0,0.0,0.0,16266,40.77669054742595,504.2856249654181,0.0,78.59071543185968,0.0,1.397665025175676,2.174514469097549
12,9.51207E+02,43.2,0.0,0.001,0.0,0.0,5121,33.58702833654999,483.4569660966308,0.0,80.6404555600471,0.0,2.052832311018156,0.147635200449936
13,9.22301E+03,52.7,0.0,0.001,0.0,0.0,22301,30.845331735862043,532.8902390791981,0.0,74.23037807122333,0.0,1.298308203919544,0.489539276143739
14,9.43711E+02,49.4,0.001,0.004,0.001,0.002,4371,12.39272077109365,134.60869296656236,15.959067698896392,33.112337341459394,0.0,42.79978586723769,0.422088618020096
15,9.87316E+02,65.0,0.003,0.009,0.002,0.001,8732,15.22976270305725,284.5455482487786,29.212104970211712,36.40973839905997,0.0,6.252447999340329,5.949411449421756
16,9.70627E+02,49.4,0.001,0.002,0.001,0.002,7063,4.208287025399914,72.89904936666922,42.26240538267452,0.0,0.0,26.963070571144584,0.047149374315059
17,9.35018E+03,73.7,0.009,0.016,0.004,0.002,35018,19.152642394642903,261.0541831153878,15.664322723908215,36.570133234641006,0.0,9.855868081256682,0.462620281273131
18,9.17507E+03,53.5,0.0,0.001,0.0,0.0,17507,27.858034110475717,391.41686244068944,13.32617066011402,57.47942445007634,0.0,3.693574670868311,1.801292365584211
19,9.35436E+03,47.5,0.0,0.001,0.0,0.0,35436,26.41756080268095,438.7000619717165,10.191553559817946,39.18237971391417,0.0,2.672657265929779,0.853634996749025
20,9.11300E+03,49.4,0.0,0.001,0.0,0.0,11300,32.057487961659845,489.7347021671432,0.0,70.59901080784027,0.0,7.1346081859235255,1.642281991446116
21,9.20005E+03,49.4,0.0,0.001,0.0,0.001,20005,25.025608937481863,330.604511386437,23.11838115546918,47.699318883220414,0.0,9.60086736667836,0.116068777498853
22,9.19905E+03,85.3,0.018,0.034,0.008,0.002,19905,26.86646520042202,412.7586980209883,11.108599228651132,41.351714284422464,0.0,3.86171785631932,1.5580704522744848
23,9.24503E+03,49.2,0.0,0.0,0.0,0.0,24502,34.75216078793627,721.3639816345271,0.0,74.36914600550963,0.0,0.606795224977044,0.01505968778696
24,9.12981E+03,65.0,0.001,0.003,0.001,0.0,12981,24.182426273681894,396.8857235957237,11.458145564969008,64.65217210443849,0.0,1.911424173934746,1.562001691648526
25,9.28206E+03,40.2,0.001,0.002,0.0,0.0,28206,32.08664439145956,629.6594161510898,3.73863683500158,30.325491459877536,0.0,1.154424175901316,0.066368222384597
26,9.14931E+03,41.3,0.0,0.001,0.0,0.0,14931,19.678815390948746,307.2944147749876,8.013164398259214,50.06811250015069,0.0,5.168111294619716,0.074140155031284
27,9.37620E+00,101.3,0.161,0.358,0.067,0.002,38,4.463205406326426,28.258373205741627,0.239234449760766,0.0,0.0,0.0,0.0
28,9.76990E+02,66.0,0.002,0.007,0.002,0.006,7699,2.927109847097829,33.73128448517722,38.02370709810156,0.0,0.0,39.22192088282053,8.569858786121761
29,9.10083E+03,75.2,0.002,0.004,0.002,0.006,10083,2.568417997307553,54.73326549375608,37.75718787099769,0.0,0.0,34.11973685385034,6.057360147818868
30,9.31632E+02,53.7,0.001,0.006,0.002,0.004,3163,2.552870526126334,40.06285031439384,46.60710729222978,0.0,0.0,33.90901072637779,2.728540131447918
31,9.28342E+03,88.4,0.023,0.067,0.013,0.007,28342,4.410624211260036,52.966508316556265,40.11380884940015,0.0,0.0,22.40992778980928,0.330566440361495
32,9.37645E+03,73.1,0.004,0.007,0.002,0.001,37645,11.57116200308904,221.8039844314069,8.30739364728721,23.717957913158237,0.0,5.579064641219476,31.17711187296487
1,10.14660E+03,48.4,0.0,0.001,0.0,0.0,14660,27.435247076317104,562.4830869533188,0.0,74.97482994867765,0.0,1.028288682071556,0.0509540063354859
2,10.81630E+00,56.5,0.0,0.023,0.002,0.002,82,12.954862920778917,339.04961411245864,41.12458654906284,34.619625137816975,0.0,16.5380374862183,0.0
3,10.50535E+02,56.5,0.0,0.001,0.0,0.0,5054,41.958584091155615,641.3518076580588,0.0,68.74977738201247,0.0,0.309884238646482,0.003561887800534
4,10.38595E+03,63.8,0.0,0.0,0.0,0.0,38595,35.874289922904694,809.4428144354899,0.0,64.04792552794568,0.0,0.282628162077457,0.665528691888665
5,10.26874E+03,77.1,0.0,0.001,0.0,0.0,26874,31.515515664452156,814.6438522696067,0.0,70.19102606179545,0.0,0.517752965525554,0.00971205433392
6,10.12990E+03,47.8,0.0,0.001,0.0,0.0,12990,25.634712806431136,491.1601676713088,0.0,62.08688422365413,0.0,2.404905425067553,0.016628559551029
7,10.12785E+03,40.7,0.0,0.001,0.0,0.0,12785,32.66128311418672,710.7400128117587,0.0,29.085507929915455,7.052098805409095,0.52021371702908,0.002815771134123
8,10.12233E+03,44.7,0.0,0.001,0.0,0.0,12233,30.18670878130093,625.6174932132689,0.0,77.79175586895907,0.0,0.680512333826246,0.0
9,10.19228E+03,40.7,0.0,0.0,0.0,0.0,19228,34.36246307511638,820.1150807395272,0.0,77.95459864263984,0.0,0.482096887432716,0.000936110461034
10,10.40616E+03,53.7,0.0,0.0,0.0,0.0,40616,29.691034248570336,755.0618521292485,0.0,67.4080294979237,0.0,0.742766228068233,0.010636270568996
11,10.16266E+03,57.6,0.0,0.001,0.0,0.0,16266,40.77669054742595,504.2856249654181,0.0,78.59071543185968,0.0,1.397665025175676,2.174514469097549
12,10.51207E+02,58.5,0.0,0.002,0.0,0.0,5121,33.58702833654999,483.4569660966308,0.0,80.6404555600471,0.0,2.052832311018156,0.147635200449936
13,10.22301E+03,58.1,0.0,0.001,0.0,0.0,22301,30.845331735862043,532.8902390791981,0.0,74.23037807122333,0.0,1.298308203919544,0.489539276143739
14,10.43711E+02,68.9,0.007,0.017,0.005,0.006,4371,12.39272077109365,134.60869296656236,15.959067698896392,33.112337341459394,0.0,42.79978586723769,0.422088618020096
15,10.87316E+02,53.7,0.0,0.002,0.0,0.0,8732,15.22976270305725,284.5455482487786,29.212104970211712,36.40973839905997,0.0,6.252447999340329,5.949411449421756
16,10.70627E+02,68.9,0.003,0.009,0.003,0.005,7063,4.208287025399914,72.89904936666922,42.26240538267452,0.0,0.0,26.963070571144584,0.047149374315059
17,10.35018E+03,53.2,0.0,0.002,0.001,0.001,35018,19.152642394642903,261.0541831153878,15.664322723908215,36.570133234641006,0.0,9.855868081256682,0.462620281273131
18,10.17507E+03,83.8,0.002,0.005,0.001,0.001,17507,27.858034110475717,391.41686244068944,13.32617066011402,57.47942445007634,0.0,3.693574670868311,1.801292365584211
19,10.35436E+03,83.7,0.001,0.004,0.001,0.001,35436,26.41756080268095,438.7000619717165,10.191553559817946,39.18237971391417,0.0,2.672657265929779,0.853634996749025
20,10.11300E+03,68.9,0.0,0.002,0.001,0.001,11300,32.057487961659845,489.7347021671432,0.0,70.59901080784027,0.0,7.1346081859235255,1.642281991446116
21,10.20005E+03,68.9,0.003,0.007,0.002,0.002,20005,25.025608937481863,330.604511386437,23.11838115546918,47.699318883220414,0.0,9.60086736667836,0.116068777498853
22,10.19905E+03,49.5,0.0,0.001,0.0,0.0,19905,26.86646520042202,412.7586980209883,11.108599228651132,41.351714284422464,0.0,3.86171785631932,1.5580704522744848
23,10.24503E+03,72.9,0.0,0.001,0.0,0.0,24502,34.75216078793627,721.3639816345271,0.0,74.36914600550963,0.0,0.606795224977044,0.01505968778696
24,10.12981E+03,53.7,0.0,0.001,0.0,0.0,12981,24.182426273681894,396.8857235957237,11.458145564969008,64.65217210443849,0.0,1.911424173934746,1.562001691648526
25,10.28206E+03,48.3,0.0,0.001,0.0,0.0,28206,32.08664439145956,629.6594161510898,3.73863683500158,30.325491459877536,0.0,1.154424175901316,0.066368222384597
26,10.14931E+03,50.9,0.0,0.002,0.0,0.0,14931,19.678815390948746,307.2944147749876,8.013164398259214,50.06811250015069,0.0,5.168111294619716,0.074140155031284
27,10.37620E+00,60.1,0.019,0.044,0.008,0.001,38,4.463205406326426,28.258373205741627,0.239234449760766,0.0,0.0,0.0,0.0
28,10.76990E+02,68.8,0.003,0.01,0.003,0.006,7699,2.927109847097829,33.73128448517722,38.02370709810156,0.0,0.0,39.22192088282053,8.569858786121761
29,10.10083E+03,61.2,0.003,0.007,0.003,0.006,10083,2.568417997307553,54.73326549375608,37.75718787099769,0.0,0.0,34.11973685385034,6.057360147818868
30,10.31632E+02,64.2,0.005,0.014,0.004,0.006,3163,2.552870526126334,40.06285031439384,46.60710729222978,0.0,0.0,33.90901072637779,2.728540131447918
31,10.28342E+03,63.7,0.009,0.026,0.005,0.005,28342,4.410624211260036,52.966508316556265,40.11380884940015,0.0,0.0,22.40992778980928,0.330566440361495
32,10.37645E+03,56.1,0.001,0.001,0.0,0.001,37645,11.57116200308904,221.8039844314069,8.30739364728721,23.717957913158237,0.0,5.579064641219476,31.17711187296487
1,11.14660E+03,9.6,0.0,0.0,0.0,0.0,14660,27.435247076317104,562.4830869533188,0.0,74.97482994867765,0.0,1.028288682071556,0.0509540063354859
2,11.81630E+00,11.1,0.0,0.005,0.0,0.0,82,12.954862920778917,339.04961411245864,41.12458654906284,34.619625137816975,0.0,16.5380374862183,0.0
3,11.50535E+02,11.1,0.0,0.0,0.0,0.0,5054,41.958584091155615,641.3518076580588,0.0,68.74977738201247,0.0,0.309884238646482,0.003561887800534
4,11.38595E+03,9.4,0.0,0.0,0.0,0.0,38595,35.874289922904694,809.4428144354899,0.0,64.04792552794568,0.0,0.282628162077457,0.665528691888665
5,11.26874E+03,10.1,0.0,0.0,0.0,0.0,26874,31.515515664452156,814.6438522696067,0.0,70.19102606179545,0.0,0.517752965525554,0.00971205433392
6,11.12990E+03,10.0,0.0,0.0,0.0,0.0,12990,25.634712806431136,491.1601676713088,0.0,62.08688422365413,0.0,2.404905425067553,0.016628559551029
7,11.12785E+03,8.4,0.0,0.0,0.0,0.0,12785,32.66128311418672,710.7400128117587,0.0,29.085507929915455,7.052098805409095,0.52021371702908,0.002815771134123
8,11.12233E+03,9.3,0.0,0.0,0.0,0.0,12233,30.18670878130093,625.6174932132689,0.0,77.79175586895907,0.0,0.680512333826246,0.0
9,11.19228E+03,8.4,0.0,0.0,0.0,0.0,19228,34.36246307511638,820.1150807395272,0.0,77.95459864263984,0.0,0.482096887432716,0.000936110461034
10,11.40616E+03,8.9,0.0,0.0,0.0,0.0,40616,29.691034248570336,755.0618521292485,0.0,67.4080294979237,0.0,0.742766228068233,0.010636270568996
11,11.16266E+03,11.2,0.0,0.0,0.0,0.0,16266,40.77669054742595,504.2856249654181,0.0,78.59071543185968,0.0,1.397665025175676,2.174514469097549
12,11.51207E+02,11.4,0.0,0.0,0.0,0.0,5121,33.58702833654999,483.4569660966308,0.0,80.6404555600471,0.0,2.052832311018156,0.147635200449936
13,11.22301E+03,10.2,0.0,0.0,0.0,0.0,22301,30.845331735862043,532.8902390791981,0.0,74.23037807122333,0.0,1.298308203919544,0.489539276143739
14,11.43711E+02,12.0,0.0,0.001,0.0,0.0,4371,12.39272077109365,134.60869296656236,15.959067698896392,33.112337341459394,0.0,42.79978586723769,0.422088618020096
15,11.87316E+02,9.6,0.0,0.0,0.0,0.0,8732,15.22976270305725,284.5455482487786,29.212104970211712,36.40973839905997,0.0,6.252447999340329,5.949411449421756
16,11.70627E+02,12.0,0.0,0.0,0.0,0.0,7063,4.208287025399914,72.89904936666922,42.26240538267452,0.0,0.0,26.963070571144584,0.047149374315059
17,11.35018E+03,15.0,0.0,0.001,0.0,0.0,35018,19.152642394642903,261.0541831153878,15.664322723908215,36.570133234641006,0.0,9.855868081256682,0.462620281273131
18,11.17507E+03,11.0,0.0,0.0,0.0,0.0,17507,27.858034110475717,391.41686244068944,13.32617066011402,57.47942445007634,0.0,3.693574670868311,1.801292365584211
19,11.35436E+03,10.8,0.0,0.0,0.0,0.0,35436,26.41756080268095,438.7000619717165,10.191553559817946,39.18237971391417,0.0,2.672657265929779,0.853634996749025
20,11.11300E+03,12.0,0.0,0.0,0.0,0.0,11300,32.057487961659845,489.7347021671432,0.0,70.59901080784027,0.0,7.1346081859235255,1.642281991446116
21,11.20005E+03,12.0,0.0,0.0,0.0,0.0,20005,25.025608937481863,330.604511386437,23.11838115546918,47.699318883220414,0.0,9.60086736667836,0.116068777498853
22,11.19905E+03,11.3,0.0,0.0,0.0,0.0,19905,26.86646520042202,412.7586980209883,11.108599228651132,41.351714284422464,0.0,3.86171785631932,1.5580704522744848
23,11.24503E+03,11.2,0.0,0.0,0.0,0.0,24502,34.75216078793627,721.3639816345271,0.0,74.36914600550963,0.0,0.606795224977044,0.01505968778696
24,11.12981E+03,9.6,0.0,0.0,0.0,0.0,12981,24.182426273681894,396.8857235957237,11.458145564969008,64.65217210443849,0.0,1.911424173934746,1.562001691648526
25,11.28206E+03,2.5,0.0,0.0,0.0,0.0,28206,32.08664439145956,629.6594161510898,3.73863683500158,30.325491459877536,0.0,1.154424175901316,0.066368222384597
26,11.14931E+03,8.5,0.0,0.0,0.0,0.0,14931,19.678815390948746,307.2944147749876,8.013164398259214,50.06811250015069,0.0,5.168111294619716,0.074140155031284
27,11.37620E+00,5.5,0.0,0.0,0.0,0.0,38,4.463205406326426,28.258373205741627,0.239234449760766,0.0,0.0,0.0,0.0
28,11.76990E+02,6.7,0.0,0.001,0.0,0.0,7699,2.927109847097829,33.73128448517722,38.02370709810156,0.0,0.0,39.22192088282053,8.569858786121761
29,11.10083E+03,10.7,0.0,0.0,0.0,0.001,10083,2.568417997307553,54.73326549375608,37.75718787099769,0.0,0.0,34.11973685385034,6.057360147818868
30,11.31632E+02,10.5,0.0,0.001,0.0,0.001,3163,2.552870526126334,40.06285031439384,46.60710729222978,0.0,0.0,33.90901072637779,2.728540131447918
31,11.28342E+03,6.9,0.0,0.0,0.0,0.0,28342,4.410624211260036,52.966508316556265,40.11380884940015,0.0,0.0,22.40992778980928,0.330566440361495
32,11.37645E+03,13.4,0.0,0.0,0.0,0.0,37645,11.57116200308904,221.8039844314069,8.30739364728721,23.717957913158237,0.0,5.579064641219476,31.17711187296487
1,12.14660E+03,0.2,0.0,0.0,0.0,0.0,14660,27.435247076317104,562.4830869533188,0.0,74.97482994867765,0.0,1.028288682071556,0.0509540063354859
2,12.81630E+00,0.1,0.0,0.0,0.0,0.0,82,12.954862920778917,339.04961411245864,41.12458654906284,34.619625137816975,0.0,16.5380374862183,0.0
3,12.50535E+02,0.1,0.0,0.0,0.0,0.0,5054,41.958584091155615,641.3518076580588,0.0,68.74977738201247,0.0,0.309884238646482,0.003561887800534
4,12.38595E+03,0.0,0.0,0.0,0.0,0.0,38595,35.874289922904694,809.4428144354899,0.0,64.04792552794568,0.0,0.282628162077457,0.665528691888665
5,12.26874E+03,0.0,0.0,0.0,0.0,0.0,26874,31.515515664452156,814.6438522696067,0.0,70.19102606179545,0.0,0.517752965525554,0.00971205433392
6,12.12990E+03,0.4,0.0,0.0,0.0,0.0,12990,25.634712806431136,491.1601676713088,0.0,62.08688422365413,0.0,2.404905425067553,0.016628559551029
7,12.12785E+03,0.1,0.0,0.0,0.0,0.0,12785,32.66128311418672,710.7400128117587,0.0,29.085507929915455,7.052098805409095,0.52021371702908,0.002815771134123
8,12.12233E+03,0.6,0.0,0.0,0.0,0.0,12233,30.18670878130093,625.6174932132689,0.0,77.79175586895907,0.0,0.680512333826246,0.0
9,12.19228E+03,0.1,0.0,0.0,0.0,0.0,19228,34.36246307511638,820.1150807395272,0.0,77.95459864263984,0.0,0.482096887432716,0.000936110461034
10,12.40616E+03,0.4,0.0,0.0,0.0,0.0,40616,29.691034248570336,755.0618521292485,0.0,67.4080294979237,0.0,0.742766228068233,0.010636270568996
11,12.16266E+03,0.3,0.0,0.0,0.0,0.0,16266,40.77669054742595,504.2856249654181,0.0,78.59071543185968,0.0,1.397665025175676,2.174514469097549
12,12.51207E+02,0.2,0.0,0.0,0.0,0.0,5121,33.58702833654999,483.4569660966308,0.0,80.6404555600471,0.0,2.052832311018156,0.147635200449936
13,12.22301E+03,0.3,0.0,0.0,0.0,0.0,22301,30.845331735862043,532.8902390791981,0.0,74.23037807122333,0.0,1.298308203919544,0.489539276143739
14,12.43711E+02,0.1,0.0,0.0,0.0,0.0,4371,12.39272077109365,134.60869296656236,15.959067698896392,33.112337341459394,0.0,42.79978586723769,0.422088618020096
15,12.87316E+02,0.2,0.0,0.0,0.0,0.0,8732,15.22976270305725,284.5455482487786,29.212104970211712,36.40973839905997,0.0,6.252447999340329,5.949411449421756
16,12.70627E+02,0.1,0.0,0.0,0.0,0.0,7063,4.208287025399914,72.89904936666922,42.26240538267452,0.0,0.0,26.963070571144584,0.047149374315059
17,12.35018E+03,0.2,0.0,0.0,0.0,0.0,35018,19.152642394642903,261.0541831153878,15.664322723908215,36.570133234641006,0.0,9.855868081256682,0.462620281273131
18,12.17507E+03,0.0,0.0,0.0,0.0,0.0,17507,27.858034110475717,391.41686244068944,13.32617066011402,57.47942445007634,0.0,3.693574670868311,1.801292365584211
19,12.35436E+03,0.0,0.0,0.0,0.0,0.0,35436,26.41756080268095,438.7000619717165,10.191553559817946,39.18237971391417,0.0,2.672657265929779,0.853634996749025
20,12.11300E+03,0.1,0.0,0.0,0.0,0.0,11300,32.057487961659845,489.7347021671432,0.0,70.59901080784027,0.0,7.1346081859235255,1.642281991446116
21,12.20005E+03,0.1,0.0,0.0,0.0,0.0,20005,25.025608937481863,330.604511386437,23.11838115546918,47.699318883220414,0.0,9.60086736667836,0.116068777498853
22,12.19905E+03,0.1,0.0,0.0,0.0,0.0,19905,26.86646520042202,412.7586980209883,11.108599228651132,41.351714284422464,0.0,3.86171785631932,1.5580704522744848
23,12.24503E+03,0.1,0.0,0.0,0.0,0.0,24502,34.75216078793627,721.3639816345271,0.0,74.36914600550963,0.0,0.606795224977044,0.01505968778696
24,12.12981E+03,0.2,0.0,0.0,0.0,0.0,12981,24.182426273681894,396.8857235957237,11.458145564969008,64.65217210443849,0.0,1.911424173934746,1.562001691648526
25,12.28206E+03,0.0,0.0,0.0,0.0,0.0,28206,32.08664439145956,629.6594161510898,3.73863683500158,30.325491459877536,0.0,1.154424175901316,0.066368222384597
26,12.14931E+03,0.0,0.0,0.0,0.0,0.0,14931,19.678815390948746,307.2944147749876,8.013164398259214,50.06811250015069,0.0,5.168111294619716,0.074140155031284
27,12.37620E+00,0.0,0.0,0.0,0.0,0.0,38,4.463205406326426,28.258373205741627,0.239234449760766,0.0,0.0,0.0,0.0
28,12.76990E+02,0.0,0.0,0.0,0.0,0.0,7699,2.927109847097829,33.73128448517722,38.02370709810156,0.0,0.0,39.22192088282053,8.569858786121761
29,12.10083E+03,0.0,0.0,0.0,0.0,0.0,10083,2.568417997307553,54.73326549375608,37.75718787099769,0.0,0.0,34.11973685385034,6.057360147818868
30,12.31632E+02,0.0,0.0,0.0,0.0,0.0,3163,2.552870526126334,40.06285031439384,46.60710729222978,0.0,0.0,33.90901072637779,2.728540131447918
31,12.28342E+03,0.0,0.0,0.0,0.0,0.0,28342,4.410624211260036,52.966508316556265,40.11380884940015,0.0,0.0,22.40992778980928,0.330566440361495
32,12.37645E+03,0.2,0.0,0.0,0.0,0.0,37645,11.57116200308904,221.8039844314069,8.30739364728721,23.717957913158237,0.0,5.579064641219476,31.17711187296487
1,2016.14660E+03,524.5,0.002,0.008,0.001,0.006,14660,27.435247076317104,562.4830869533188,0.0,74.97482994867765,0.0,1.028288682071556,0.0509540063354859
2,2016.81630E+00,607.5,0.647,1.907,0.351,0.061,82,12.954862920778917,339.04961411245864,41.12458654906284,34.619625137816975,0.0,16.5380374862183,0.0
3,2016.50535E+02,607.5,0.004,0.014,0.001,0.021,5054,41.958584091155615,641.3518076580588,0.0,68.74977738201247,0.0,0.309884238646482,0.003561887800534
4,2016.38595E+03,573.1,0.003,0.008,0.001,0.012,38595,35.874289922904694,809.4428144354899,0.0,64.04792552794568,0.0,0.282628162077457,0.665528691888665
5,2016.26874E+03,711.0,0.018,0.03,0.004,0.037,26874,31.515515664452156,814.6438522696067,0.0,70.19102606179545,0.0,0.517752965525554,0.00971205433392
6,2016.12990E+03,505.4,0.003,0.011,0.002,0.007,12990,25.634712806431136,491.1601676713088,0.0,62.08688422365413,0.0,2.404905425067553,0.016628559551029
7,2016.12785E+03,479.0,0.486,0.528,0.076,0.007,12785,32.66128311418672,710.7400128117587,0.0,29.085507929915455,7.052098805409095,0.52021371702908,0.002815771134123
8,2016.12233E+03,497.5,0.002,0.009,0.001,0.007,12233,30.18670878130093,625.6174932132689,0.0,77.79175586895907,0.0,0.680512333826246,0.0
9,2016.19228E+03,479.0,0.001,0.003,0.001,0.003,19228,34.36246307511638,820.1150807395272,0.0,77.95459864263984,0.0,0.482096887432716,0.000936110461034
10,2016.40616E+03,509.4,0.001,0.005,0.001,0.005,40616,29.691034248570336,755.0618521292485,0.0,67.4080294979237,0.0,0.742766228068233,0.010636270568996
11,2016.16266E+03,567.1,0.002,0.009,0.002,0.007,16266,40.77669054742595,504.2856249654181,0.0,78.59071543185968,0.0,1.397665025175676,2.174514469097549
12,2016.51207E+02,610.6,0.003,0.016,0.003,0.01,5121,33.58702833654999,483.4569660966308,0.0,80.6404555600471,0.0,2.052832311018156,0.147635200449936
13,2016.22301E+03,558.7,0.001,0.007,0.002,0.004,22301,30.845331735862043,532.8902390791981,0.0,74.23037807122333,0.0,1.298308203919544,0.489539276143739
14,2016.43711E+02,660.1,0.328,0.646,0.143,0.097,4371,12.39272077109365,134.60869296656236,15.959067698896392,33.112337341459394,0.0,42.79978586723769,0.422088618020096
15,2016.87316E+02,571.5,0.232,0.44,0.099,0.013,8732,15.22976270305725,284.5455482487786,29.212104970211712,36.40973839905997,0.0,6.252447999340329,5.949411449421756
16,2016.70627E+02,660.1,0.237,0.514,0.12,0.086,7063,4.208287025399914,72.89904936666922,42.26240538267452,0.0,0.0,26.963070571144584,0.047149374315059
17,2016.35018E+03,683.8,0.366,0.51,0.122,0.033,35018,19.152642394642903,261.0541831153878,15.664322723908215,36.570133234641006,0.0,9.855868081256682,0.462620281273131
18,2016.17507E+03,723.0,0.478,0.823,0.183,0.029,17507,27.858034110475717,391.41686244068944,13.32617066011402,57.47942445007634,0.0,3.693574670868311,1.801292365584211
19,2016.35436E+03,720.6,0.481,0.865,0.185,0.029,35436,26.41756080268095,438.7000619717165,10.191553559817946,39.18237971391417,0.0,2.672657265929779,0.853634996749025
20,2016.11300E+03,660.1,0.006,0.019,0.006,0.027,11300,32.057487961659845,489.7347021671432,0.0,70.59901080784027,0.0,7.1346081859235255,1.642281991446116
21,2016.20005E+03,660.1,0.25,0.426,0.094,0.034,20005,25.025608937481863,330.604511386437,23.11838115546918,47.699318883220414,0.0,9.60086736667836,0.116068777498853
22,2016.19905E+03,631.9,0.141,0.239,0.055,0.012,19905,26.86646520042202,412.7586980209883,11.108599228651132,41.351714284422464,0.0,3.86171785631932,1.5580704522744848
23,2016.24503E+03,709.1,0.01,0.018,0.003,0.034,24502,34.75216078793627,721.3639816345271,0.0,74.36914600550963,0.0,0.606795224977044,0.01505968778696
24,2016.12981E+03,571.5,0.092,0.169,0.038,0.006,12981,24.182426273681894,396.8857235957237,11.458145564969008,64.65217210443849,0.0,1.911424173934746,1.562001691648526
25,2016.28206E+03,551.3,0.092,0.174,0.035,0.006,28206,32.08664439145956,629.6594161510898,3.73863683500158,30.325491459877536,0.0,1.154424175901316,0.066368222384597
26,2016.14931E+03,527.9,0.043,0.088,0.02,0.009,14931,19.678815390948746,307.2944147749876,8.013164398259214,50.06811250015069,0.0,5.168111294619716,0.074140155031284
27,2016.37620E+00,654.2,0.607,1.491,0.281,0.013,38,4.463205406326426,28.258373205741627,0.239234449760766,0.0,0.0,0.0,0.0
28,2016.76990E+02,569.4,0.078,0.237,0.056,0.078,7699,2.927109847097829,33.73128448517722,38.02370709810156,0.0,0.0,39.22192088282053,8.569858786121761
29,2016.10083E+03,637.3,0.061,0.146,0.042,0.09,10083,2.568417997307553,54.73326549375608,37.75718787099769,0.0,0.0,34.11973685385034,6.057360147818868
30,2016.31632E+02,589.5,0.126,0.298,0.067,0.082,3163,2.552870526126334,40.06285031439384,46.60710729222978,0.0,0.0,33.90901072637779,2.728540131447918
31,2016.28342E+03,632.1,0.21,0.635,0.123,0.073,28342,4.410624211260036,52.966508316556265,40.11380884940015,0.0,0.0,22.40992778980928,0.330566440361495
32,2016.37645E+03,587.8,0.124,0.181,0.041,0.014,37645,11.57116200308904,221.8039844314069,8.30739364728721,23.717957913158237,0.0,5.579064641219476,31.17711187296487
1,1.14660E+03,1.1,0.0,0.0,0.0,0.0,14660,27.435247076317104,562.4830869533188,0.0,74.97482994867765,0.0,1.028288682071556,0.0509540063354859
2,1.81630E+00,0.8,0.0,0.0,0.0,0.0,82,12.954862920778917,339.04961411245864,41.12458654906284,34.619625137816975,0.0,16.5380374862183,0.0
3,1.50535E+02,0.8,0.0,0.0,0.0,0.0,5054,41.958584091155615,641.3518076580588,0.0,68.74977738201247,0.0,0.309884238646482,0.003561887800534
4,1.38595E+03,0.4,0.0,0.0,0.0,0.0,38595,35.874289922904694,809.4428144354899,0.0,64.04792552794568,0.0,0.282628162077457,0.665528691888665
5,1.26874E+03,0.3,0.0,0.0,0.0,0.0,26874,31.515515664452156,814.6438522696067,0.0,70.19102606179545,0.0,0.517752965525554,0.00971205433392
6,1.12990E+03,1.5,0.0,0.0,0.0,0.0,12990,25.634712806431136,491.1601676713088,0.0,62.08688422365413,0.0,2.404905425067553,0.016628559551029
7,1.12785E+03,0.8,0.0,0.0,0.0,0.0,12785,32.66128311418672,710.7400128117587,0.0,29.085507929915455,7.052098805409095,0.52021371702908,0.002815771134123
8,1.12233E+03,1.1,0.0,0.0,0.0,0.0,12233,30.18670878130093,625.6174932132689,0.0,77.79175586895907,0.0,0.680512333826246,0.0
9,1.19228E+03,0.8,0.0,0.0,0.0,0.0,19228,34.36246307511638,820.1150807395272,0.0,77.95459864263984,0.0,0.482096887432716,0.000936110461034
10,1.40616E+03,1.5,0.0,0.0,0.0,0.0,40616,29.691034248570336,755.0618521292485,0.0,67.4080294979237,0.0,0.742766228068233,0.010636270568996
11,1.16266E+03,0.9,0.0,0.0,0.0,0.0,16266,40.77669054742595,504.2856249654181,0.0,78.59071543185968,0.0,1.397665025175676,2.174514469097549
12,1.51207E+02,1.0,0.0,0.0,0.0,0.0,5121,33.58702833654999,483.4569660966308,0.0,80.6404555600471,0.0,2.052832311018156,0.147635200449936
13,1.22301E+03,1.0,0.0,0.0,0.0,0.0,22301,30.845331735862043,532.8902390791981,0.0,74.23037807122333,0.0,1.298308203919544,0.489539276143739
14,1.43711E+02,0.5,0.0,0.0,0.0,0.0,4371,12.39272077109365,134.60869296656236,15.959067698896392,33.112337341459394,0.0,42.79978586723769,0.422088618020096
15,1.87316E+02,1.4,0.0,0.0,0.0,0.0,8732,15.22976270305725,284.5455482487786,29.212104970211712,36.40973839905997,0.0,6.252447999340329,5.949411449421756
16,1.70627E+02,0.5,0.0,0.0,0.0,0.0,7063,4.208287025399914,72.89904936666922,42.26240538267452,0.0,0.0,26.963070571144584,0.047149374315059
17,1.35018E+03,2.4,0.0,0.0,0.0,0.0,35018,19.152642394642903,261.0541831153878,15.664322723908215,36.570133234641006,0.0,9.855868081256682,0.462620281273131
18,1.17507E+03,0.4,0.0,0.0,0.0,0.0,17507,27.858034110475717,391.41686244068944,13.32617066011402,57.47942445007634,0.0,3.693574670868311,1.801292365584211
19,1.35436E+03,0.2,0.0,0.0,0.0,0.0,35436,26.41756080268095,438.7000619717165,10.191553559817946,39.18237971391417,0.0,2.672657265929779,0.853634996749025
20,1.11300E+03,0.5,0.0,0.0,0.0,0.0,11300,32.057487961659845,489.7347021671432,0.0,70.59901080784027,0.0,7.1346081859235255,1.642281991446116
21,1.20005E+03,0.5,0.0,0.0,0.0,0.0,20005,25.025608937481863,330.604511386437,23.11838115546918,47.699318883220414,0.0,9.60086736667836,0.116068777498853
22,1.19905E+03,2.8,0.0,0.0,0.0,0.0,19905,26.86646520042202,412.7586980209883,11.108599228651132,41.351714284422464,0.0,3.86171785631932,1.5580704522744848
23,1.24503E+03,0.6,0.0,0.0,0.0,0.0,24502,34.75216078793627,721.3639816345271,0.0,74.36914600550963,0.0,0.606795224977044,0.01505968778696
24,1.12981E+03,1.4,0.0,0.0,0.0,0.0,12981,24.182426273681894,396.8857235957237,11.458145564969008,64.65217210443849,0.0,1.911424173934746,1.562001691648526
25,1.28206E+03,0.9,0.0,0.0,0.0,0.0,28206,32.08664439145956,629.6594161510898,3.73863683500158,30.325491459877536,0.0,1.154424175901316,0.066368222384597
26,1.14931E+03,1.5,0.0,0.0,0.0,0.0,14931,19.678815390948746,307.2944147749876,8.013164398259214,50.06811250015069,0.0,5.168111294619716,0.074140155031284
27,1.37620E+00,1.0,0.0,0.0,0.0,0.0,38,4.463205406326426,28.258373205741627,0.239234449760766,0.0,0.0,0.0,0.0
28,1.76990E+02,0.8,0.0,0.0,0.0,0.0,7699,2.927109847097829,33.73128448517722,38.02370709810156,0.0,0.0,39.22192088282053,8.569858786121761
29,1.10083E+03,0.9,0.0,0.0,0.0,0.0,10083,2.568417997307553,54.73326549375608,37.75718787099769,0.0,0.0,34.11973685385034,6.057360147818868
30,1.31632E+02,0.6,0.0,0.0,0.0,0.0,3163,2.552870526126334,40.06285031439384,46.60710729222978,0.0,0.0,33.90901072637779,2.728540131447918
31,1.28342E+03,1.1,0.0,0.0,0.0,0.0,28342,4.410624211260036,52.966508316556265,40.11380884940015,0.0,0.0,22.40992778980928,0.330566440361495
32,1.37645E+03,1.3,0.0,0.0,0.0,0.0,37645,11.57116200308904,221.8039844314069,8.30739364728721,23.717957913158237,0.0,5.579064641219476,31.17711187296487
1,2.14660E+03,3.2,0.0,0.0,0.0,0.0,14660,27.435247076317104,562.4830869533188,0.0,74.97482994867765,0.0,1.028288682071556,0.0509540063354859
2,2.81630E+00,3.5,0.0,0.002,0.0,0.0,82,12.954862920778917,339.04961411245864,41.12458654906284,34.619625137816975,0.0,16.5380374862183,0.0
3,2.50535E+02,3.5,0.0,0.0,0.0,0.0,5054,41.958584091155615,641.3518076580588,0.0,68.74977738201247,0.0,0.309884238646482,0.003561887800534
4,2.38595E+03,8.0,0.0,0.0,0.0,0.0,38595,35.874289922904694,809.4428144354899,0.0,64.04792552794568,0.0,0.282628162077457,0.665528691888665
5,2.26874E+03,4.5,0.0,0.0,0.0,0.0,26874,31.515515664452156,814.6438522696067,0.0,70.19102606179545,0.0,0.517752965525554,0.00971205433392
6,2.12990E+03,2.7,0.0,0.0,0.0,0.0,12990,25.634712806431136,491.1601676713088,0.0,62.08688422365413,0.0,2.404905425067553,0.016628559551029
7,2.12785E+03,6.9,0.0,0.0,0.0,0.0,12785,32.66128311418672,710.7400128117587,0.0,29.085507929915455,7.052098805409095,0.52021371702908,0.002815771134123
8,2.12233E+03,2.5,0.0,0.0,0.0,0.0,12233,30.18670878130093,625.6174932132689,0.0,77.79175586895907,0.0,0.680512333826246,0.0
9,2.19228E+03,6.9,0.0,0.0,0.0,0.0,19228,34.36246307511638,820.1150807395272,0.0,77.95459864263984,0.0,0.482096887432716,0.000936110461034
10,2.40616E+03,3.0,0.0,0.0,0.0,0.0,40616,29.691034248570336,755.0618521292485,0.0,67.4080294979237,0.0,0.742766228068233,0.010636270568996
11,2.16266E+03,2.7,0.0,0.0,0.0,0.0,16266,40.77669054742595,504.2856249654181,0.0,78.59071543185968,0.0,1.397665025175676,2.174514469097549
12,2.51207E+02,2.9,0.0,0.0,0.0,0.0,5121,33.58702833654999,483.4569660966308,0.0,80.6404555600471,0.0,2.052832311018156,0.147635200449936
13,2.22301E+03,2.8,0.0,0.0,0.0,0.0,22301,30.845331735862043,532.8902390791981,0.0,74.23037807122333,0.0,1.298308203919544,0.489539276143739
14,2.43711E+02,3.9,0.0,0.0,0.0,0.0,4371,12.39272077109365,134.60869296656236,15.959067698896392,33.112337341459394,0.0,42.79978586723769,0.422088618020096
15,2.87316E+02,2.9,0.0,0.0,0.0,0.0,8732,15.22976270305725,284.5455482487786,29.212104970211712,36.40973839905997,0.0,6.252447999340329,5.949411449421756
16,2.70627E+02,3.9,0.0,0.0,0.0,0.0,7063,4.208287025399914,72.89904936666922,42.26240538267452,0.0,0.0,26.963070571144584,0.047149374315059
17,2.35018E+03,3.5,0.0,0.0,0.0,0.0,35018,19.152642394642903,261.0541831153878,15.664322723908215,36.570133234641006,0.0,9.855868081256682,0.462620281273131
18,2.17507E+03,3.9,0.0,0.0,0.0,0.0,17507,27.858034110475717,391.41686244068944,13.32617066011402,57.47942445007634,0.0,3.693574670868311,1.801292365584211
19,2.35436E+03,4.3,0.0,0.0,0.0,0.0,35436,26.41756080268095,438.7000619717165,10.191553559817946,39.18237971391417,0.0,2.672657265929779,0.853634996749025
20,2.11300E+03,3.9,0.0,0.0,0.0,0.0,11300,32.057487961659845,489.7347021671432,0.0,70.59901080784027,0.0,7.1346081859235255,1.642281991446116
21,2.20005E+03,3.9,0.0,0.0,0.0,0.0,20005,25.025608937481863,330.604511386437,23.11838115546918,47.699318883220414,0.0,9.60086736667836,0.116068777498853
22,2.19905E+03,3.0,0.0,0.0,0.0,0.0,19905,26.86646520042202,412.7586980209883,11.108599228651132,41.351714284422464,0.0,3.86171785631932,1.5580704522744848
23,2.24503E+03,3.5,0.0,0.0,0.0,0.0,24502,34.75216078793627,721.3639816345271,0.0,74.36914600550963,0.0,0.606795224977044,0.01505968778696
24,2.12981E+03,2.9,0.0,0.0,0.0,0.0,12981,24.182426273681894,396.8857235957237,11.458145564969008,64.65217210443849,0.0,1.911424173934746,1.562001691648526
25,2.28206E+03,2.4,0.0,0.0,0.0,0.0,28206,32.08664439145956,629.6594161510898,3.73863683500158,30.325491459877536,0.0,1.154424175901316,0.066368222384597
26,2.14931E+03,3.1,0.0,0.0,0.0,0.0,14931,19.678815390948746,307.2944147749876,8.013164398259214,50.06811250015069,0.0,5.168111294619716,0.074140155031284
27,2.37620E+00,2.6,0.0,0.0,0.0,0.0,38,4.463205406326426,28.258373205741627,0.239234449760766,0.0,0.0,0.0,0.0
28,2.76990E+02,3.6,0.0,0.0,0.0,0.0,7699,2.927109847097829,33.73128448517722,38.02370709810156,0.0,0.0,39.22192088282053,8.569858786121761
29,2.10083E+03,3.4,0.0,0.0,0.0,0.0,10083,2.568417997307553,54.73326549375608,37.75718787099769,0.0,0.0,34.11973685385034,6.057360147818868
30,2.31632E+02,3.5,0.0,0.001,0.0,0.0,3163,2.552870526126334,40.06285031439384,46.60710729222978,0.0,0.0,33.90901072637779,2.728540131447918
31,2.28342E+03,2.6,0.0,0.0,0.0,0.0,28342,4.410624211260036,52.966508316556265,40.11380884940015,0.0,0.0,22.40992778980928,0.330566440361495
32,2.37645E+03,3.8,0.0,0.0,0.0,0.0,37645,11.57116200308904,221.8039844314069,8.30739364728721,23.717957913158237,0.0,5.579064641219476,31.17711187296487
1,3.14660E+03,14.8,0.0,0.0,0.0,0.0,14660,27.435247076317104,562.4830869533188,0.0,74.97482994867765,0.0,1.028288682071556,0.0509540063354859
2,3.81630E+00,12.0,0.0,0.006,0.0,0.0,82,12.954862920778917,339.04961411245864,41.12458654906284,34.619625137816975,0.0,16.5380374862183,0.0
3,3.50535E+02,12.0,0.0,0.0,0.0,0.0,5054,41.958584091155615,641.3518076580588,0.0,68.74977738201247,0.0,0.309884238646482,0.003561887800534
4,3.38595E+03,13.5,0.0,0.0,0.0,0.0,38595,35.874289922904694,809.4428144354899,0.0,64.04792552794568,0.0,0.282628162077457,0.665528691888665
5,3.26874E+03,14.6,0.0,0.0,0.0,0.0,26874,31.515515664452156,814.6438522696067,0.0,70.19102606179545,0.0,0.517752965525554,0.00971205433392
6,3.12990E+03,14.5,0.0,0.0,0.0,0.0,12990,25.634712806431136,491.1601676713088,0.0,62.08688422365413,0.0,2.404905425067553,0.016628559551029
7,3.12785E+03,14.3,0.0,0.0,0.0,0.0,12785,32.66128311418672,710.7400128117587,0.0,29.085507929915455,7.052098805409095,0.52021371702908,0.002815771134123
8,3.12233E+03,14.3,0.0,0.0,0.0,0.0,12233,30.18670878130093,625.6174932132689,0.0,77.79175586895907,0.0,0.680512333826246,0.0
9,3.19228E+03,14.3,0.0,0.0,0.0,0.0,19228,34.36246307511638,820.1150807395272,0.0,77.95459864263984,0.0,0.482096887432716,0.000936110461034
10,3.40616E+03,12.0,0.0,0.0,0.0,0.0,40616,29.691034248570336,755.0618521292485,0.0,67.4080294979237,0.0,0.742766228068233,0.010636270568996
11,3.16266E+03,15.4,0.0,0.0,0.0,0.0,16266,40.77669054742595,504.2856249654181,0.0,78.59071543185968,0.0,1.397665025175676,2.174514469097549
12,3.51207E+02,13.4,0.0,0.0,0.0,0.0,5121,33.58702833654999,483.4569660966308,0.0,80.6404555600471,0.0,2.052832311018156,0.147635200449936
13,3.22301E+03,20.0,0.0,0.0,0.0,0.0,22301,30.845331735862043,532.8902390791981,0.0,74.23037807122333,0.0,1.298308203919544,0.489539276143739
14,3.43711E+02,11.8,0.0,0.001,0.0,0.001,4371,12.39272077109365,134.60869296656236,15.959067698896392,33.112337341459394,0.0,42.79978586723769,0.422088618020096
15,3.87316E+02,22.9,0.0,0.001,0.0,0.0,8732,15.22976270305725,284.5455482487786,29.212104970211712,36.40973839905997,0.0,6.252447999340329,5.949411449421756
16,3.70627E+02,11.8,0.0,0.001,0.0,0.001,7063,4.208287025399914,72.89904936666922,42.26240538267452,0.0,0.0,26.963070571144584,0.047149374315059
17,3.35018E+03,12.2,0.0,0.0,0.0,0.0,35018,19.152642394642903,261.0541831153878,15.664322723908215,36.570133234641006,0.0,9.855868081256682,0.462620281273131
18,3.17507E+03,15.2,0.0,0.0,0.0,0.0,17507,27.858034110475717,391.41686244068944,13.32617066011402,57.47942445007634,0.0,3.693574670868311,1.801292365584211
19,3.35436E+03,17.7,0.0,0.0,0.0,0.0,35436,26.41756080268095,438.7000619717165,10.191553559817946,39.18237971391417,0.0,2.672657265929779,0.853634996749025
20,3.11300E+03,11.8,0.0,0.0,0.0,0.0,11300,32.057487961659845,489.7347021671432,0.0,70.59901080784027,0.0,7.1346081859235255,1.642281991446116
21,3.20005E+03,11.8,0.0,0.0,0.0,0.0,20005,25.025608937481863,330.604511386437,23.11838115546918,47.699318883220414,0.0,9.60086736667836,0.116068777498853
22,3.19905E+03,14.7,0.0,0.0,0.0,0.0,19905,26.86646520042202,412.7586980209883,11.108599228651132,41.351714284422464,0.0,3.86171785631932,1.5580704522744848
23,3.24503E+03,12.3,0.0,0.0,0.0,0.0,24502,34.75216078793627,721.3639816345271,0.0,74.36914600550963,0.0,0.606795224977044,0.01505968778696
24,3.12981E+03,22.9,0.0,0.0,0.0,0.0,12981,24.182426273681894,396.8857235957237,11.458145564969008,64.65217210443849,0.0,1.911424173934746,1.562001691648526
25,3.28206E+03,21.3,0.0,0.0,0.0,0.0,28206,32.08664439145956,629.6594161510898,3.73863683500158,30.325491459877536,0.0,1.154424175901316,0.066368222384597
26,3.14931E+03,21.8,0.0,0.001,0.0,0.0,14931,19.678815390948746,307.2944147749876,8.013164398259214,50.06811250015069,0.0,5.168111294619716,0.074140155031284
27,3.37620E+00,7.0,0.0,0.0,0.0,0.0,38,4.463205406326426,28.258373205741627,0.239234449760766,0.0,0.0,0.0,0.0
28,3.76990E+02,10.6,0.0,0.001,0.0,0.001,7699,2.927109847097829,33.73128448517722,38.02370709810156,0.0,0.0,39.22192088282053,8.569858786121761
29,3.10083E+03,10.3,0.0,0.0,0.0,0.001,10083,2.568417997307553,54.73326549375608,37.75718787099769,0.0,0.0,34.11973685385034,6.057360147818868
30,3.31632E+02,12.6,0.0,0.001,0.0,0.001,3163,2.552870526126334,40.06285031439384,46.60710729222978,0.0,0.0,33.90901072637779,2.728540131447918
31,3.28342E+03,8.2,0.0,0.0,0.0,0.001,28342,4.410624211260036,52.966508316556265,40.11380884940015,0.0,0.0,22.40992778980928,0.330566440361495
32,3.37645E+03,15.2,0.0,0.0,0.0,0.0,37645,11.57116200308904,221.8039844314069,8.30739364728721,23.717957913158237,0.0,5.579064641219476,31.17711187296487
1,4.14660E+03,0.0,0.0,0.0,0.0,0.0,14660,27.435247076317104,562.4830869533188,0.0,74.97482994867765,0.0,1.028288682071556,0.0509540063354859
2,4.81630E+00,0.0,0.0,0.0,0.0,0.0,82,12.954862920778917,339.04961411245864,41.12458654906284,34.619625137816975,0.0,16.5380374862183,0.0
3,4.50535E+02,0.0,0.0,0.0,0.0,0.0,5054,41.958584091155615,641.3518076580588,0.0,68.74977738201247,0.0,0.309884238646482,0.003561887800534
4,4.38595E+03,0.0,0.0,0.0,0.0,0.0,38595,35.874289922904694,809.4428144354899,0.0,64.04792552794568,0.0,0.282628162077457,0.665528691888665
5,4.26874E+03,0.0,0.0,0.0,0.0,0.0,26874,31.515515664452156,814.6438522696067,0.0,70.19102606179545,0.0,0.517752965525554,0.00971205433392
6,4.12990E+03,0.0,0.0,0.0,0.0,0.0,12990,25.634712806431136,491.1601676713088,0.0,62.08688422365413,0.0,2.404905425067553,0.016628559551029
7,4.12785E+03,0.0,0.0,0.0,0.0,0.0,12785,32.66128311418672,710.7400128117587,0.0,29.085507929915455,7.052098805409095,0.52021371702908,0.002815771134123
8,4.12233E+03,0.3,0.0,0.0,0.0,0.0,12233,30.18670878130093,625.6174932132689,0.0,77.79175586895907,0.0,0.680512333826246,0.0
9,4.19228E+03,0.0,0.0,0.0,0.0,0.0,19228,34.36246307511638,820.1150807395272,0.0,77.95459864263984,0.0,0.482096887432716,0.000936110461034
10,4.40616E+03,0.0,0.0,0.0,0.0,0.0,40616,29.691034248570336,755.0618521292485,0.0,67.4080294979237,0.0,0.742766228068233,0.010636270568996
11,4.16266E+03,1.2,0.0,0.0,0.0,0.0,16266,40.77669054742595,504.2856249654181,0.0,78.59071543185968,0.0,1.397665025175676,2.174514469097549
12,4.51207E+02,0.0,0.0,0.0,0.0,0.0,5121,33.58702833654999,483.4569660966308,0.0,80.6404555600471,0.0,2.052832311018156,0.147635200449936
13,4.22301E+03,2.4,0.0,0.0,0.0,0.0,22301,30.845331735862043,532.8902390791981,0.0,74.23037807122333,0.0,1.298308203919544,0.489539276143739
14,4.43711E+02,1.7,0.0,0.0,0.0,0.0,4371,12.39272077109365,134.60869296656236,15.959067698896392,33.112337341459394,0.0,42.79978586723769,0.422088618020096
15,4.87316E+02,0.8,0.0,0.0,0.0,0.0,8732,15.22976270305725,284.5455482487786,29.212104970211712,36.40973839905997,0.0,6.252447999340329,5.949411449421756
16,4.70627E+02,1.7,0.0,0.0,0.0,0.0,7063,4.208287025399914,72.89904936666922,42.26240538267452,0.0,0.0,26.963070571144584,0.047149374315059
17,4.35018E+03,0.2,0.0,0.0,0.0,0.0,35018,19.152642394642903,261.0541831153878,15.664322723908215,36.570133234641006,0.0,9.855868081256682,0.462620281273131
18,4.17507E+03,1.7,0.0,0.0,0.0,0.0,17507,27.858034110475717,391.41686244068944,13.32617066011402,57.47942445007634,0.0,3.693574670868311,1.801292365584211
19,4.35436E+03,0.2,0.0,0.0,0.0,0.0,35436,26.41756080268095,438.7000619717165,10.191553559817946,39.18237971391417,0.0,2.672657265929779,0.853634996749025
20,4.11300E+03,1.7,0.0,0.0,0.0,0.0,11300,32.057487961659845,489.7347021671432,0.0,70.59901080784027,0.0,7.1346081859235255,1.642281991446116
21,4.20005E+03,1.7,0.0,0.0,0.0,0.0,20005,25.025608937481863,330.604511386437,23.11838115546918,47.699318883220414,0.0,9.60086736667836,0.116068777498853
22,4.19905E+03,0.0,0.0,0.0,0.0,0.0,19905,26.86646520042202,412.7586980209883,11.108599228651132,41.351714284422464,0.0,3.86171785631932,1.5580704522744848
23,4.24503E+03,0.0,0.0,0.0,0.0,0.0,24502,34.75216078793627,721.3639816345271,0.0,74.36914600550963,0.0,0.606795224977044,0.01505968778696
24,4.12981E+03,0.8,0.0,0.0,0.0,0.0,12981,24.182426273681894,396.8857235957237,11.458145564969008,64.65217210443849,0.0,1.911424173934746,1.562001691648526
25,4.28206E+03,0.1,0.0,0.0,0.0,0.0,28206,32.08664439145956,629.6594161510898,3.73863683500158,30.325491459877536,0.0,1.154424175901316,0.066368222384597
26,4.14931E+03,0.0,0.0,0.0,0.0,0.0,14931,19.678815390948746,307.2944147749876,8.013164398259214,50.06811250015069,0.0,5.168111294619716,0.074140155031284
27,4.37620E+00,3.4,0.0,0.0,0.0,0.0,38,4.463205406326426,28.258373205741627,0.239234449760766,0.0,0.0,0.0,0.0
28,4.76990E+02,0.5,0.0,0.0,0.0,0.0,7699,2.927109847097829,33.73128448517722,38.02370709810156,0.0,0.0,39.22192088282053,8.569858786121761
29,4.10083E+03,0.6,0.0,0.0,0.0,0.0,10083,2.568417997307553,54.73326549375608,37.75718787099769,0.0,0.0,34.11973685385034,6.057360147818868
30,4.31632E+02,4.7,0.0,0.0,0.0,0.0,3163,2.552870526126334,40.06285031439384,46.60710729222978,0.0,0.0,33.90901072637779,2.728540131447918
31,4.28342E+03,0.5,0.0,0.0,0.0,0.0,28342,4.410624211260036,52.966508316556265,40.11380884940015,0.0,0.0,22.40992778980928,0.330566440361495
32,4.37645E+03,0.7,0.0,0.0,0.0,0.0,37645,11.57116200308904,221.8039844314069,8.30739364728721,23.717957913158237,0.0,5.579064641219476,31.17711187296487
1,5.14660E+03,28.3,0.0,0.0,0.0,0.0,14660,27.435247076317104,562.4830869533188,0.0,74.97482994867765,0.0,1.028288682071556,0.0509540063354859
2,5.81630E+00,33.5,0.0,0.011,0.001,0.002,82,12.954862920778917,339.04961411245864,41.12458654906284,34.619625137816975,0.0,16.5380374862183,0.0
3,5.50535E+02,33.5,0.0,0.0,0.0,0.0,5054,41.958584091155615,641.3518076580588,0.0,68.74977738201247,0.0,0.309884238646482,0.003561887800534
4,5.38595E+03,37.2,0.0,0.0,0.0,0.0,38595,35.874289922904694,809.4428144354899,0.0,64.04792552794568,0.0,0.282628162077457,0.665528691888665
5,5.26874E+03,34.7,0.0,0.0,0.0,0.0,26874,31.515515664452156,814.6438522696067,0.0,70.19102606179545,0.0,0.517752965525554,0.00971205433392
6,5.12990E+03,24.5,0.0,0.0,0.0,0.0,12990,25.634712806431136,491.1601676713088,0.0,62.08688422365413,0.0,2.404905425067553,0.016628559551029
7,5.12785E+03,27.5,0.0,0.0,0.0,0.0,12785,32.66128311418672,710.7400128117587,0.0,29.085507929915455,7.052098805409095,0.52021371702908,0.002815771134123
8,5.12233E+03,18.1,0.0,0.0,0.0,0.0,12233,30.18670878130093,625.6174932132689,0.0,77.79175586895907,0.0,0.680512333826246,0.0
9,5.19228E+03,27.5,0.0,0.0,0.0,0.0,19228,34.36246307511638,820.1150807395272,0.0,77.95459864263984,0.0,0.482096887432716,0.000936110461034
10,5.40616E+03,29.2,0.0,0.0,0.0,0.0,40616,29.691034248570336,755.0618521292485,0.0,67.4080294979237,0.0,0.742766228068233,0.010636270568996
11,5.16266E+03,28.4,0.0,0.0,0.0,0.0,16266,40.77669054742595,504.2856249654181,0.0,78.59071543185968,0.0,1.397665025175676,2.174514469097549
12,5.51207E+02,29.1,0.0,0.001,0.0,0.0,5121,33.58702833654999,483.4569660966308,0.0,80.6404555600471,0.0,2.052832311018156,0.147635200449936
13,5.22301E+03,21.4,0.0,0.0,0.0,0.0,22301,30.845331735862043,532.8902390791981,0.0,74.23037807122333,0.0,1.298308203919544,0.489539276143739
14,5.43711E+02,24.6,0.001,0.003,0.001,0.005,4371,12.39272077109365,134.60869296656236,15.959067698896392,33.112337341459394,0.0,42.79978586723769,0.422088618020096
15,5.87316E+02,21.3,0.0,0.001,0.0,0.0,8732,15.22976270305725,284.5455482487786,29.212104970211712,36.40973839905997,0.0,6.252447999340329,5.949411449421756
16,5.70627E+02,24.6,0.001,0.002,0.001,0.004,7063,4.208287025399914,72.89904936666922,42.26240538267452,0.0,0.0,26.963070571144584,0.047149374315059
17,5.35018E+03,19.8,0.0,0.001,0.0,0.001,35018,19.152642394642903,261.0541831153878,15.664322723908215,36.570133234641006,0.0,9.855868081256682,0.462620281273131
18,5.17507E+03,28.8,0.0,0.001,0.0,0.001,17507,27.858034110475717,391.41686244068944,13.32617066011402,57.47942445007634,0.0,3.693574670868311,1.801292365584211
19,5.35436E+03,26.2,0.0,0.0,0.0,0.0,35436,26.41756080268095,438.7000619717165,10.191553559817946,39.18237971391417,0.0,2.672657265929779,0.853634996749025
20,5.11300E+03,24.6,0.0,0.001,0.0,0.001,11300,32.057487961659845,489.7347021671432,0.0,70.59901080784027,0.0,7.1346081859235255,1.642281991446116
21,5.20005E+03,24.6,0.0,0.001,0.0,0.001,20005,25.025608937481863,330.604511386437,23.11838115546918,47.699318883220414,0.0,9.60086736667836,0.116068777498853
22,5.19905E+03,21.1,0.0,0.001,0.0,0.0,19905,26.86646520042202,412.7586980209883,11.108599228651132,41.351714284422464,0.0,3.86171785631932,1.5580704522744848
23,5.24503E+03,24.0,0.0,0.0,0.0,0.0,24502,34.75216078793627,721.3639816345271,0.0,74.36914600550963,0.0,0.606795224977044,0.01505968778696
24,5.12981E+03,21.3,0.0,0.0,0.0,0.0,12981,24.182426273681894,396.8857235957237,11.458145564969008,64.65217210443849,0.0,1.911424173934746,1.562001691648526
25,5.28206E+03,28.1,0.0,0.0,0.0,0.0,28206,32.08664439145956,629.6594161510898,3.73863683500158,30.325491459877536,0.0,1.154424175901316,0.066368222384597
26,5.14931E+03,25.4,0.0,0.001,0.0,0.001,14931,19.678815390948746,307.2944147749876,8.013164398259214,50.06811250015069,0.0,5.168111294619716,0.074140155031284
27,5.37620E+00,20.3,0.002,0.005,0.001,0.0,38,4.463205406326426,28.258373205741627,0.239234449760766,0.0,0.0,0.0,0.0
28,5.76990E+02,20.6,0.001,0.002,0.001,0.004,7699,2.927109847097829,33.73128448517722,38.02370709810156,0.0,0.0,39.22192088282053,8.569858786121761
29,5.10083E+03,17.5,0.0,0.001,0.0,0.003,10083,2.568417997307553,54.73326549375608,37.75718787099769,0.0,0.0,34.11973685385034,6.057360147818868
30,5.31632E+02,20.3,0.001,0.002,0.001,0.004,3163,2.552870526126334,40.06285031439384,46.60710729222978,0.0,0.0,33.90901072637779,2.728540131447918
31,5.28342E+03,14.4,0.0,0.001,0.0,0.002,28342,4.410624211260036,52.966508316556265,40.11380884940015,0.0,0.0,22.40992778980928,0.330566440361495
32,5.37645E+03,14.8,0.0,0.0,0.0,0.0,37645,11.57116200308904,221.8039844314069,8.30739364728721,23.717957913158237,0.0,5.579064641219476,31.17711187296487
1,6.14660E+03,93.3,0.0,0.001,0.0,0.0,14660,27.435247076317104,562.4830869533188,0.0,74.97482994867765,0.0,1.028288682071556,0.0509540063354859
2,6.81630E+00,112.5,0.043,0.186,0.035,0.014,82,12.954862920778917,339.04961411245864,41.12458654906284,34.619625137816975,0.0,16.5380374862183,0.0
3,6.50535E+02,112.5,0.0,0.002,0.0,0.002,5054,41.958584091155615,641.3518076580588,0.0,68.74977738201247,0.0,0.309884238646482,0.003561887800534
4,6.38595E+03,106.8,0.0,0.001,0.0,0.001,38595,35.874289922904694,809.4428144354899,0.0,64.04792552794568,0.0,0.282628162077457,0.665528691888665
5,6.26874E+03,170.3,0.005,0.011,0.002,0.011,26874,31.515515664452156,814.6438522696067,0.0,70.19102606179545,0.0,0.517752965525554,0.00971205433392
6,6.12990E+03,100.1,0.0,0.002,0.001,0.001,12990,25.634712806431136,491.1601676713088,0.0,62.08688422365413,0.0,2.404905425067553,0.016628559551029
7,6.12785E+03,86.6,0.01,0.015,0.002,0.0,12785,32.66128311418672,710.7400128117587,0.0,29.085507929915455,7.052098805409095,0.52021371702908,0.002815771134123
8,6.12233E+03,107.1,0.001,0.003,0.0,0.001,12233,30.18670878130093,625.6174932132689,0.0,77.79175586895907,0.0,0.680512333826246,0.0
9,6.19228E+03,86.6,0.0,0.001,0.0,0.0,19228,34.36246307511638,820.1150807395272,0.0,77.95459864263984,0.0,0.482096887432716,0.000936110461034
10,6.40616E+03,103.3,0.0,0.001,0.0,0.001,40616,29.691034248570336,755.0618521292485,0.0,67.4080294979237,0.0,0.742766228068233,0.010636270568996
11,6.16266E+03,128.2,0.0,0.002,0.0,0.001,16266,40.77669054742595,504.2856249654181,0.0,78.59071543185968,0.0,1.397665025175676,2.174514469097549
12,6.51207E+02,115.0,0.0,0.003,0.0,0.001,5121,33.58702833654999,483.4569660966308,0.0,80.6404555600471,0.0,2.052832311018156,0.147635200449936
13,6.22301E+03,113.1,0.0,0.001,0.0,0.001,22301,30.845331735862043,532.8902390791981,0.0,74.23037807122333,0.0,1.298308203919544,0.489539276143739
14,6.43711E+02,104.0,0.015,0.042,0.011,0.024,4371,12.39272077109365,134.60869296656236,15.959067698896392,33.112337341459394,0.0,42.79978586723769,0.422088618020096
15,6.87316E+02,86.5,0.014,0.029,0.007,0.003,8732,15.22976270305725,284.5455482487786,29.212104970211712,36.40973839905997,0.0,6.252447999340329,5.949411449421756
16,6.70627E+02,104.0,0.013,0.035,0.01,0.023,7063,4.208287025399914,72.89904936666922,42.26240538267452,0.0,0.0,26.963070571144584,0.047149374315059
17,6.35018E+03,81.7,0.001,0.004,0.001,0.004,35018,19.152642394642903,261.0541831153878,15.664322723908215,36.570133234641006,0.0,9.855868081256682,0.462620281273131
18,6.17507E+03,169.0,0.121,0.262,0.06,0.011,17507,27.858034110475717,391.41686244068944,13.32617066011402,57.47942445007634,0.0,3.693574670868311,1.801292365584211
19,6.35436E+03,196.8,0.167,0.368,0.083,0.013,35436,26.41756080268095,438.7000619717165,10.191553559817946,39.18237971391417,0.0,2.672657265929779,0.853634996749025
20,6.11300E+03,104.0,0.001,0.003,0.001,0.005,11300,32.057487961659845,489.7347021671432,0.0,70.59901080784027,0.0,7.1346081859235255,1.642281991446116
21,6.20005E+03,104.0,0.013,0.028,0.007,0.008,20005,25.025608937481863,330.604511386437,23.11838115546918,47.699318883220414,0.0,9.60086736667836,0.116068777498853
22,6.19905E+03,64.1,0.0,0.002,0.001,0.001,19905,26.86646520042202,412.7586980209883,11.108599228651132,41.351714284422464,0.0,3.86171785631932,1.5580704522744848
23,6.24503E+03,134.7,0.001,0.002,0.0,0.003,24502,34.75216078793627,721.3639816345271,0.0,74.36914600550963,0.0,0.606795224977044,0.01505968778696
24,6.12981E+03,86.5,0.005,0.011,0.003,0.001,12981,24.182426273681894,396.8857235957237,11.458145564969008,64.65217210443849,0.0,1.911424173934746,1.562001691648526
25,6.28206E+03,58.5,0.0,0.001,0.0,0.0,28206,32.08664439145956,629.6594161510898,3.73863683500158,30.325491459877536,0.0,1.154424175901316,0.066368222384597
26,6.14931E+03,65.0,0.001,0.003,0.001,0.001,14931,19.678815390948746,307.2944147749876,8.013164398259214,50.06811250015069,0.0,5.168111294619716,0.074140155031284
27,6.37620E+00,103.6,0.026,0.11,0.021,0.002,38,4.463205406326426,28.258373205741627,0.239234449760766,0.0,0.0,0.0,0.0
28,6.76990E+02,75.6,0.004,0.016,0.005,0.015,7699,2.927109847097829,33.73128448517722,38.02370709810156,0.0,0.0,39.22192088282053,8.569858786121761
29,6.10083E+03,68.6,0.001,0.004,0.002,0.013,10083,2.568417997307553,54.73326549375608,37.75718787099769,0.0,0.0,34.11973685385034,6.057360147818868
30,6.31632E+02,87.2,0.005,0.016,0.005,0.018,3163,2.552870526126334,40.06285031439384,46.60710729222978,0.0,0.0,33.90901072637779,2.728540131447918
31,6.28342E+03,65.6,0.003,0.01,0.003,0.01,28342,4.410624211260036,52.966508316556265,40.11380884940015,0.0,0.0,22.40992778980928,0.330566440361495
32,6.37645E+03,95.1,0.008,0.012,0.003,0.004,37645,11.57116200308904,221.8039844314069,8.30739364728721,23.717957913158237,0.0,5.579064641219476,31.17711187296487
1,7.14660E+03,105.6,0.001,0.002,0.0,0.002,14660,27.435247076317104,562.4830869533188,0.0,74.97482994867765,0.0,1.028288682071556,0.0509540063354859
2,7.81630E+00,134.1,0.24,0.633,0.125,0.023,82,12.954862920778917,339.04961411245864,41.12458654906284,34.619625137816975,0.0,16.5380374862183,0.0
3,7.50535E+02,134.1,0.002,0.004,0.0,0.007,5054,41.958584091155615,641.3518076580588,0.0,68.74977738201247,0.0,0.309884238646482,0.003561887800534
4,7.38595E+03,112.4,0.001,0.002,0.0,0.003,38595,35.874289922904694,809.4428144354899,0.0,64.04792552794568,0.0,0.282628162077457,0.665528691888665
5,7.26874E+03,143.9,0.005,0.009,0.001,0.011,26874,31.515515664452156,814.6438522696067,0.0,70.19102606179545,0.0,0.517752965525554,0.00971205433392
6,7.12990E+03,95.6,0.001,0.003,0.001,0.002,12990,25.634712806431136,491.1601676713088,0.0,62.08688422365413,0.0,2.404905425067553,0.016628559551029
7,7.12785E+03,94.1,0.07,0.083,0.012,0.001,12785,32.66128311418672,710.7400128117587,0.0,29.085507929915455,7.052098805409095,0.52021371702908,0.002815771134123
8,7.12233E+03,70.7,0.0,0.001,0.0,0.001,12233,30.18670878130093,625.6174932132689,0.0,77.79175586895907,0.0,0.680512333826246,0.0
9,7.19228E+03,94.1,0.0,0.001,0.0,0.0,19228,34.36246307511638,820.1150807395272,0.0,77.95459864263984,0.0,0.482096887432716,0.000936110461034
10,7.40616E+03,88.9,0.0,0.001,0.0,0.001,40616,29.691034248570336,755.0618521292485,0.0,67.4080294979237,0.0,0.742766228068233,0.010636270568996
11,7.16266E+03,143.5,0.001,0.003,0.001,0.003,16266,40.77669054742595,504.2856249654181,0.0,78.59071543185968,0.0,1.397665025175676,2.174514469097549
12,7.51207E+02,139.8,0.001,0.004,0.001,0.003,5121,33.58702833654999,483.4569660966308,0.0,80.6404555600471,0.0,2.052832311018156,0.147635200449936
13,7.22301E+03,143.5,0.001,0.002,0.0,0.003,22301,30.845331735862043,532.8902390791981,0.0,74.23037807122333,0.0,1.298308203919544,0.489539276143739
14,7.43711E+02,211.0,0.257,0.49,0.105,0.058,4371,12.39272077109365,134.60869296656236,15.959067698896392,33.112337341459394,0.0,42.79978586723769,0.422088618020096
15,7.87316E+02,120.8,0.111,0.205,0.047,0.006,8732,15.22976270305725,284.5455482487786,29.212104970211712,36.40973839905997,0.0,6.252447999340329,5.949411449421756
16,7.70627E+02,211.0,0.207,0.447,0.101,0.053,7063,4.208287025399914,72.89904936666922,42.26240538267452,0.0,0.0,26.963070571144584,0.047149374315059
17,7.35018E+03,174.2,0.061,0.1,0.024,0.009,35018,19.152642394642903,261.0541831153878,15.664322723908215,36.570133234641006,0.0,9.855868081256682,0.462620281273131
18,7.17507E+03,174.3,0.291,0.452,0.101,0.013,17507,27.858034110475717,391.41686244068944,13.32617066011402,57.47942445007634,0.0,3.693574670868311,1.801292365584211
19,7.35436E+03,142.5,0.168,0.265,0.058,0.004,35436,26.41756080268095,438.7000619717165,10.191553559817946,39.18237971391417,0.0,2.672657265929779,0.853634996749025
20,7.11300E+03,211.0,0.004,0.008,0.002,0.018,11300,32.057487961659845,489.7347021671432,0.0,70.59901080784027,0.0,7.1346081859235255,1.642281991446116
21,7.20005E+03,211.0,0.237,0.38,0.084,0.022,20005,25.025608937481863,330.604511386437,23.11838115546918,47.699318883220414,0.0,9.60086736667836,0.116068777498853
22,7.19905E+03,127.4,0.024,0.044,0.01,0.003,19905,26.86646520042202,412.7586980209883,11.108599228651132,41.351714284422464,0.0,3.86171785631932,1.5580704522744848
23,7.24503E+03,193.0,0.006,0.009,0.001,0.018,24502,34.75216078793627,721.3639816345271,0.0,74.36914600550963,0.0,0.606795224977044,0.01505968778696
24,7.12981E+03,120.8,0.047,0.083,0.019,0.003,12981,24.182426273681894,396.8857235957237,11.458145564969008,64.65217210443849,0.0,1.911424173934746,1.562001691648526
25,7.28206E+03,97.5,0.011,0.021,0.004,0.001,28206,32.08664439145956,629.6594161510898,3.73863683500158,30.325491459877536,0.0,1.154424175901316,0.066368222384597
26,7.14931E+03,99.6,0.007,0.017,0.004,0.002,14931,19.678815390948746,307.2944147749876,8.013164398259214,50.06811250015069,0.0,5.168111294619716,0.074140155031284
27,7.37620E+00,217.2,0.319,0.732,0.142,0.006,38,4.463205406326426,28.258373205741627,0.239234449760766,0.0,0.0,0.0,0.0
28,7.76990E+02,219.9,0.048,0.153,0.034,0.038,7699,2.927109847097829,33.73128448517722,38.02370709810156,0.0,0.0,39.22192088282053,8.569858786121761
29,7.10083E+03,246.1,0.047,0.13,0.032,0.053,10083,2.568417997307553,54.73326549375608,37.75718787099769,0.0,0.0,34.11973685385034,6.057360147818868
30,7.31632E+02,224.0,0.088,0.217,0.046,0.049,3163,2.552870526126334,40.06285031439384,46.60710729222978,0.0,0.0,33.90901072637779,2.728540131447918
31,7.28342E+03,236.8,0.115,0.366,0.072,0.041,28342,4.410624211260036,52.966508316556265,40.11380884940015,0.0,0.0,22.40992778980928,0.330566440361495
32,7.37645E+03,155.6,0.079,0.112,0.025,0.006,37645,11.57116200308904,221.8039844314069,8.30739364728721,23.717957913158237,0.0,5.579064641219476,31.17711187296487
1,8.14660E+03,145.1,0.0,0.002,0.0,0.001,14660,27.435247076317104,562.4830869533188,0.0,74.97482994867765,0.0,1.028288682071556,0.0509540063354859
2,8.81630E+00,165.5,0.119,0.337,0.063,0.014,82,12.954862920778917,339.04961411245864,41.12458654906284,34.619625137816975,0.0,16.5380374862183,0.0
3,8.50535E+02,165.5,0.001,0.003,0.0,0.006,5054,41.958584091155615,641.3518076580588,0.0,68.74977738201247,0.0,0.309884238646482,0.003561887800534
4,8.38595E+03,182.9,0.001,0.002,0.0,0.006,38595,35.874289922904694,809.4428144354899,0.0,64.04792552794568,0.0,0.282628162077457,0.665528691888665
5,8.26874E+03,214.6,0.003,0.006,0.001,0.011,26874,31.515515664452156,814.6438522696067,0.0,70.19102606179545,0.0,0.517752965525554,0.00971205433392
6,8.12990E+03,150.7,0.001,0.003,0.001,0.002,12990,25.634712806431136,491.1601676713088,0.0,62.08688422365413,0.0,2.404905425067553,0.016628559551029
7,8.12785E+03,134.3,0.019,0.026,0.004,0.001,12785,32.66128311418672,710.7400128117587,0.0,29.085507929915455,7.052098805409095,0.52021371702908,0.002815771134123
8,8.12233E+03,181.2,0.001,0.003,0.0,0.004,12233,30.18670878130093,625.6174932132689,0.0,77.79175586895907,0.0,0.680512333826246,0.0
9,8.19228E+03,134.3,0.0,0.001,0.0,0.001,19228,34.36246307511638,820.1150807395272,0.0,77.95459864263984,0.0,0.482096887432716,0.000936110461034
10,8.40616E+03,148.4,0.0,0.001,0.0,0.001,40616,29.691034248570336,755.0618521292485,0.0,67.4080294979237,0.0,0.742766228068233,0.010636270568996
11,8.16266E+03,221.8,0.001,0.004,0.001,0.006,16266,40.77669054742595,504.2856249654181,0.0,78.59071543185968,0.0,1.397665025175676,2.174514469097549
12,8.51207E+02,174.5,0.001,0.004,0.001,0.002,5121,33.58702833654999,483.4569660966308,0.0,80.6404555600471,0.0,2.052832311018156,0.147635200449936
13,8.22301E+03,221.4,0.001,0.004,0.001,0.005,22301,30.845331735862043,532.8902390791981,0.0,74.23037807122333,0.0,1.298308203919544,0.489539276143739
14,8.43711E+02,279.5,0.35,0.61,0.129,0.054,4371,12.39272077109365,134.60869296656236,15.959067698896392,33.112337341459394,0.0,42.79978586723769,0.422088618020096
15,8.87316E+02,188.8,0.119,0.228,0.051,0.005,8732,15.22976270305725,284.5455482487786,29.212104970211712,36.40973839905997,0.0,6.252447999340329,5.949411449421756
16,8.70627E+02,279.5,0.178,0.39,0.087,0.045,7063,4.208287025399914,72.89904936666922,42.26240538267452,0.0,0.0,26.963070571144584,0.047149374315059
17,8.35018E+03,246.5,0.295,0.421,0.097,0.016,35018,19.152642394642903,261.0541831153878,15.664322723908215,36.570133234641006,0.0,9.855868081256682,0.462620281273131
18,8.17507E+03,245.5,0.227,0.336,0.074,0.011,17507,27.858034110475717,391.41686244068944,13.32617066011402,57.47942445007634,0.0,3.693574670868311,1.801292365584211
19,8.35436E+03,222.9,0.199,0.286,0.061,0.004,35436,26.41756080268095,438.7000619717165,10.191553559817946,39.18237971391417,0.0,2.672657265929779,0.853634996749025
20,8.11300E+03,279.5,0.004,0.009,0.003,0.019,11300,32.057487961659845,489.7347021671432,0.0,70.59901080784027,0.0,7.1346081859235255,1.642281991446116
21,8.20005E+03,279.5,0.237,0.382,0.082,0.021,20005,25.025608937481863,330.604511386437,23.11838115546918,47.699318883220414,0.0,9.60086736667836,0.116068777498853
22,8.19905E+03,228.9,0.095,0.143,0.034,0.005,19905,26.86646520042202,412.7586980209883,11.108599228651132,41.351714284422464,0.0,3.86171785631932,1.5580704522744848
23,8.24503E+03,220.8,0.002,0.005,0.001,0.009,24502,34.75216078793627,721.3639816345271,0.0,74.36914600550963,0.0,0.606795224977044,0.01505968778696
24,8.12981E+03,188.8,0.053,0.096,0.022,0.003,12981,24.182426273681894,396.8857235957237,11.458145564969008,64.65217210443849,0.0,1.911424173934746,1.562001691648526
25,8.28206E+03,166.2,0.034,0.061,0.013,0.002,28206,32.08664439145956,629.6594161510898,3.73863683500158,30.325491459877536,0.0,1.154424175901316,0.066368222384597
26,8.14931E+03,158.0,0.017,0.036,0.008,0.003,14931,19.678815390948746,307.2944147749876,8.013164398259214,50.06811250015069,0.0,5.168111294619716,0.074140155031284
27,8.37620E+00,260.7,0.684,1.523,0.292,0.007,38,4.463205406326426,28.258373205741627,0.239234449760766,0.0,0.0,0.0,0.0
28,8.76990E+02,238.5,0.097,0.286,0.059,0.036,7699,2.927109847097829,33.73128448517722,38.02370709810156,0.0,0.0,39.22192088282053,8.569858786121761
29,8.10083E+03,267.3,0.075,0.182,0.042,0.047,10083,2.568417997307553,54.73326549375608,37.75718787099769,0.0,0.0,34.11973685385034,6.057360147818868
30,8.31632E+02,270.7,0.135,0.319,0.066,0.048,3163,2.552870526126334,40.06285031439384,46.60710729222978,0.0,0.0,33.90901072637779,2.728540131447918
31,8.28342E+03,246.2,0.205,0.588,0.112,0.035,28342,4.410624211260036,52.966508316556265,40.11380884940015,0.0,0.0,22.40992778980928,0.330566440361495
32,8.37645E+03,237.1,0.138,0.174,0.039,0.008,37645,11.57116200308904,221.8039844314069,8.30739364728721,23.717957913158237,0.0,5.579064641219476,31.17711187296487
1,9.14660E+03,5.1,0.0,0.0,0.0,0.0,14660,27.435247076317104,562.4830869533188,0.0,74.97482994867765,0.0,1.028288682071556,0.0509540063354859
2,9.81630E+00,8.0,0.0,0.002,0.0,0.0,82,12.954862920778917,339.04961411245864,41.12458654906284,34.619625137816975,0.0,16.5380374862183,0.0
3,9.50535E+02,8.0,0.0,0.0,0.0,0.0,5054,41.958584091155615,641.3518076580588,0.0,68.74977738201247,0.0,0.309884238646482,0.003561887800534
4,9.38595E+03,8.0,0.0,0.0,0.0,0.0,38595,35.874289922904694,809.4428144354899,0.0,64.04792552794568,0.0,0.282628162077457,0.665528691888665
5,9.26874E+03,8.2,0.0,0.0,0.0,0.0,26874,31.515515664452156,814.6438522696067,0.0,70.19102606179545,0.0,0.517752965525554,0.00971205433392
6,9.12990E+03,4.2,0.0,0.0,0.0,0.0,12990,25.634712806431136,491.1601676713088,0.0,62.08688422365413,0.0,2.404905425067553,0.016628559551029
7,9.12785E+03,6.3,0.0,0.0,0.0,0.0,12785,32.66128311418672,710.7400128117587,0.0,29.085507929915455,7.052098805409095,0.52021371702908,0.002815771134123
8,9.12233E+03,5.1,0.0,0.0,0.0,0.0,12233,30.18670878130093,625.6174932132689,0.0,77.79175586895907,0.0,0.680512333826246,0.0
9,9.19228E+03,6.3,0.0,0.0,0.0,0.0,19228,34.36246307511638,820.1150807395272,0.0,77.95459864263984,0.0,0.482096887432716,0.000936110461034
10,9.40616E+03,5.8,0.0,0.0,0.0,0.0,40616,29.691034248570336,755.0618521292485,0.0,67.4080294979237,0.0,0.742766228068233,0.010636270568996
11,9.16266E+03,10.8,0.0,0.0,0.0,0.0,16266,40.77669054742595,504.2856249654181,0.0,78.59071543185968,0.0,1.397665025175676,2.174514469097549
12,9.51207E+02,10.2,0.0,0.0,0.0,0.0,5121,33.58702833654999,483.4569660966308,0.0,80.6404555600471,0.0,2.052832311018156,0.147635200449936
13,9.22301E+03,9.8,0.0,0.0,0.0,0.0,22301,30.845331735862043,532.8902390791981,0.0,74.23037807122333,0.0,1.298308203919544,0.489539276143739
14,9.43711E+02,12.4,0.0,0.001,0.0,0.001,4371,12.39272077109365,134.60869296656236,15.959067698896392,33.112337341459394,0.0,42.79978586723769,0.422088618020096
15,9.87316E+02,12.7,0.0,0.0,0.0,0.0,8732,15.22976270305725,284.5455482487786,29.212104970211712,36.40973839905997,0.0,6.252447999340329,5.949411449421756
16,9.70627E+02,12.4,0.0,0.001,0.0,0.001,7063,4.208287025399914,72.89904936666922,42.26240538267452,0.0,0.0,26.963070571144584,0.047149374315059
17,9.35018E+03,10.9,0.0,0.0,0.0,0.0,35018,19.152642394642903,261.0541831153878,15.664322723908215,36.570133234641006,0.0,9.855868081256682,0.462620281273131
18,9.17507E+03,11.2,0.0,0.0,0.0,0.0,17507,27.858034110475717,391.41686244068944,13.32617066011402,57.47942445007634,0.0,3.693574670868311,1.801292365584211
19,9.35436E+03,6.8,0.0,0.0,0.0,0.0,35436,26.41756080268095,438.7000619717165,10.191553559817946,39.18237971391417,0.0,2.672657265929779,0.853634996749025
20,9.11300E+03,12.4,0.0,0.0,0.0,0.0,11300,32.057487961659845,489.7347021671432,0.0,70.59901080784027,0.0,7.1346081859235255,1.642281991446116
21,9.20005E+03,12.4,0.0,0.0,0.0,0.0,20005,25.025608937481863,330.604511386437,23.11838115546918,47.699318883220414,0.0,9.60086736667836,0.116068777498853
22,9.19905E+03,7.4,0.0,0.0,0.0,0.0,19905,26.86646520042202,412.7586980209883,11.108599228651132,41.351714284422464,0.0,3.86171785631932,1.5580704522744848
23,9.24503E+03,19.2,0.0,0.0,0.0,0.0,24502,34.75216078793627,721.3639816345271,0.0,74.36914600550963,0.0,0.606795224977044,0.01505968778696
24,9.12981E+03,12.7,0.0,0.0,0.0,0.0,12981,24.182426273681894,396.8857235957237,11.458145564969008,64.65217210443849,0.0,1.911424173934746,1.562001691648526
25,9.28206E+03,18.1,0.0,0.0,0.0,0.0,28206,32.08664439145956,629.6594161510898,3.73863683500158,30.325491459877536,0.0,1.154424175901316,0.066368222384597
26,9.14931E+03,15.2,0.0,0.001,0.0,0.0,14931,19.678815390948746,307.2944147749876,8.013164398259214,50.06811250015069,0.0,5.168111294619716,0.074140155031284
27,9.37620E+00,1.4,0.0,0.0,0.0,0.0,38,4.463205406326426,28.258373205741627,0.239234449760766,0.0,0.0,0.0,0.0
28,9.76990E+02,7.5,0.0,0.002,0.0,0.001,7699,2.927109847097829,33.73128448517722,38.02370709810156,0.0,0.0,39.22192088282053,8.569858786121761
29,9.10083E+03,6.4,0.0,0.0,0.0,0.0,10083,2.568417997307553,54.73326549375608,37.75718787099769,0.0,0.0,34.11973685385034,6.057360147818868
30,9.31632E+02,9.2,0.0,0.001,0.0,0.001,3163,2.552870526126334,40.06285031439384,46.60710729222978,0.0,0.0,33.90901072637779,2.728540131447918
31,9.28342E+03,5.4,0.0,0.0,0.0,0.0,28342,4.410624211260036,52.966508316556265,40.11380884940015,0.0,0.0,22.40992778980928,0.330566440361495
32,9.37645E+03,16.1,0.0,0.0,0.0,0.0,37645,11.57116200308904,221.8039844314069,8.30739364728721,23.717957913158237,0.0,5.579064641219476,31.17711187296487
1,10.14660E+03,36.1,0.0,0.0,0.0,0.0,14660,27.435247076317104,562.4830869533188,0.0,74.97482994867765,0.0,1.028288682071556,0.0509540063354859
2,10.81630E+00,45.1,0.001,0.012,0.002,0.002,82,12.954862920778917,339.04961411245864,41.12458654906284,34.619625137816975,0.0,16.5380374862183,0.0
3,10.50535E+02,45.1,0.0,0.0,0.0,0.0,5054,41.958584091155615,641.3518076580588,0.0,68.74977738201247,0.0,0.309884238646482,0.003561887800534
4,10.38595E+03,39.3,0.0,0.0,0.0,0.0,38595,35.874289922904694,809.4428144354899,0.0,64.04792552794568,0.0,0.282628162077457,0.665528691888665
5,10.26874E+03,46.5,0.0,0.0,0.0,0.0,26874,31.515515664452156,814.6438522696067,0.0,70.19102606179545,0.0,0.517752965525554,0.00971205433392
6,10.12990E+03,36.7,0.0,0.0,0.0,0.0,12990,25.634712806431136,491.1601676713088,0.0,62.08688422365413,0.0,2.404905425067553,0.016628559551029
7,10.12785E+03,30.2,0.0,0.0,0.0,0.0,12785,32.66128311418672,710.7400128117587,0.0,29.085507929915455,7.052098805409095,0.52021371702908,0.002815771134123
8,10.12233E+03,38.6,0.0,0.0,0.0,0.0,12233,30.18670878130093,625.6174932132689,0.0,77.79175586895907,0.0,0.680512333826246,0.0
9,10.19228E+03,30.2,0.0,0.0,0.0,0.0,19228,34.36246307511638,820.1150807395272,0.0,77.95459864263984,0.0,0.482096887432716,0.000936110461034
10,10.40616E+03,37.3,0.0,0.0,0.0,0.0,40616,29.691034248570336,755.0618521292485,0.0,67.4080294979237,0.0,0.742766228068233,0.010636270568996
11,10.16266E+03,40.6,0.0,0.0,0.0,0.0,16266,40.77669054742595,504.2856249654181,0.0,78.59071543185968,0.0,1.397665025175676,2.174514469097549
12,10.51207E+02,43.4,0.0,0.001,0.0,0.0,5121,33.58702833654999,483.4569660966308,0.0,80.6404555600471,0.0,2.052832311018156,0.147635200449936
13,10.22301E+03,38.2,0.0,0.0,0.0,0.0,22301,30.845331735862043,532.8902390791981,0.0,74.23037807122333,0.0,1.298308203919544,0.489539276143739
14,10.43711E+02,45.5,0.017,0.031,0.007,0.005,4371,12.39272077109365,134.60869296656236,15.959067698896392,33.112337341459394,0.0,42.79978586723769,0.422088618020096
15,10.87316E+02,42.0,0.0,0.002,0.0,0.001,8732,15.22976270305725,284.5455482487786,29.212104970211712,36.40973839905997,0.0,6.252447999340329,5.949411449421756
16,10.70627E+02,45.5,0.008,0.019,0.005,0.004,7063,4.208287025399914,72.89904936666922,42.26240538267452,0.0,0.0,26.963070571144584,0.047149374315059
17,10.35018E+03,45.4,0.013,0.022,0.005,0.002,35018,19.152642394642903,261.0541831153878,15.664322723908215,36.570133234641006,0.0,9.855868081256682,0.462620281273131
18,10.17507E+03,49.3,0.002,0.003,0.001,0.001,17507,27.858034110475717,391.41686244068944,13.32617066011402,57.47942445007634,0.0,3.693574670868311,1.801292365584211
19,10.35436E+03,42.6,0.0,0.001,0.0,0.0,35436,26.41756080268095,438.7000619717165,10.191553559817946,39.18237971391417,0.0,2.672657265929779,0.853634996749025
20,10.11300E+03,45.5,0.0,0.001,0.0,0.001,11300,32.057487961659845,489.7347021671432,0.0,70.59901080784027,0.0,7.1346081859235255,1.642281991446116
21,10.20005E+03,45.5,0.01,0.017,0.004,0.002,20005,25.025608937481863,330.604511386437,23.11838115546918,47.699318883220414,0.0,9.60086736667836,0.116068777498853
22,10.19905E+03,42.8,0.002,0.005,0.001,0.001,19905,26.86646520042202,412.7586980209883,11.108599228651132,41.351714284422464,0.0,3.86171785631932,1.5580704522744848
23,10.24503E+03,53.3,0.0,0.0,0.0,0.0,24502,34.75216078793627,721.3639816345271,0.0,74.36914600550963,0.0,0.606795224977044,0.01505968778696
24,10.12981E+03,42.0,0.0,0.001,0.0,0.0,12981,24.182426273681894,396.8857235957237,11.458145564969008,64.65217210443849,0.0,1.911424173934746,1.562001691648526
25,10.28206E+03,38.3,0.001,0.002,0.001,0.0,28206,32.08664439145956,629.6594161510898,3.73863683500158,30.325491459877536,0.0,1.154424175901316,0.066368222384597
26,10.14931E+03,41.8,0.001,0.002,0.001,0.001,14931,19.678815390948746,307.2944147749876,8.013164398259214,50.06811250015069,0.0,5.168111294619716,0.074140155031284
27,10.37620E+00,63.8,0.104,0.226,0.043,0.005,38,4.463205406326426,28.258373205741627,0.239234449760766,0.0,0.0,0.0,0.0
28,10.76990E+02,52.9,0.016,0.048,0.01,0.007,7699,2.927109847097829,33.73128448517722,38.02370709810156,0.0,0.0,39.22192088282053,8.569858786121761
29,10.10083E+03,47.4,0.006,0.014,0.004,0.006,10083,2.568417997307553,54.73326549375608,37.75718787099769,0.0,0.0,34.11973685385034,6.057360147818868
30,10.31632E+02,42.2,0.007,0.017,0.004,0.005,3163,2.552870526126334,40.06285031439384,46.60710729222978,0.0,0.0,33.90901072637779,2.728540131447918
31,10.28342E+03,53.8,0.029,0.081,0.015,0.007,28342,4.410624211260036,52.966508316556265,40.11380884940015,0.0,0.0,22.40992778980928,0.330566440361495
32,10.37645E+03,43.2,0.009,0.014,0.003,0.001,37645,11.57116200308904,221.8039844314069,8.30739364728721,23.717957913158237,0.0,5.579064641219476,31.17711187296487
1,11.14660E+03,0.0,0.0,0.0,0.0,0.0,14660,27.435247076317104,562.4830869533188,0.0,74.97482994867765,0.0,1.028288682071556,0.0509540063354859
2,11.81630E+00,0.0,0.0,0.0,0.0,0.0,82,12.954862920778917,339.04961411245864,41.12458654906284,34.619625137816975,0.0,16.5380374862183,0.0
3,11.50535E+02,0.0,0.0,0.0,0.0,0.0,5054,41.958584091155615,641.3518076580588,0.0,68.74977738201247,0.0,0.309884238646482,0.003561887800534
4,11.38595E+03,0.7,0.0,0.0,0.0,0.0,38595,35.874289922904694,809.4428144354899,0.0,64.04792552794568,0.0,0.282628162077457,0.665528691888665
5,11.26874E+03,0.1,0.0,0.0,0.0,0.0,26874,31.515515664452156,814.6438522696067,0.0,70.19102606179545,0.0,0.517752965525554,0.00971205433392
6,11.12990E+03,0.0,0.0,0.0,0.0,0.0,12990,25.634712806431136,491.1601676713088,0.0,62.08688422365413,0.0,2.404905425067553,0.016628559551029
7,11.12785E+03,0.2,0.0,0.0,0.0,0.0,12785,32.66128311418672,710.7400128117587,0.0,29.085507929915455,7.052098805409095,0.52021371702908,0.002815771134123
8,11.12233E+03,0.0,0.0,0.0,0.0,0.0,12233,30.18670878130093,625.6174932132689,0.0,77.79175586895907,0.0,0.680512333826246,0.0
9,11.19228E+03,0.2,0.0,0.0,0.0,0.0,19228,34.36246307511638,820.1150807395272,0.0,77.95459864263984,0.0,0.482096887432716,0.000936110461034
10,11.40616E+03,0.0,0.0,0.0,0.0,0.0,40616,29.691034248570336,755.0618521292485,0.0,67.4080294979237,0.0,0.742766228068233,0.010636270568996
11,11.16266E+03,0.0,0.0,0.0,0.0,0.0,16266,40.77669054742595,504.2856249654181,0.0,78.59071543185968,0.0,1.397665025175676,2.174514469097549
12,11.51207E+02,0.0,0.0,0.0,0.0,0.0,5121,33.58702833654999,483.4569660966308,0.0,80.6404555600471,0.0,2.052832311018156,0.147635200449936
13,11.22301E+03,0.0,0.0,0.0,0.0,0.0,22301,30.845331735862043,532.8902390791981,0.0,74.23037807122333,0.0,1.298308203919544,0.489539276143739
14,11.43711E+02,0.0,0.0,0.0,0.0,0.0,4371,12.39272077109365,134.60869296656236,15.959067698896392,33.112337341459394,0.0,42.79978586723769,0.422088618020096
15,11.87316E+02,0.0,0.0,0.0,0.0,0.0,8732,15.22976270305725,284.5455482487786,29.212104970211712,36.40973839905997,0.0,6.252447999340329,5.949411449421756
16,11.70627E+02,0.0,0.0,0.0,0.0,0.0,7063,4.208287025399914,72.89904936666922,42.26240538267452,0.0,0.0,26.963070571144584,0.047149374315059
17,11.35018E+03,0.0,0.0,0.0,0.0,0.0,35018,19.152642394642903,261.0541831153878,15.664322723908215,36.570133234641006,0.0,9.855868081256682,0.462620281273131
18,11.17507E+03,0.0,0.0,0.0,0.0,0.0,17507,27.858034110475717,391.41686244068944,13.32617066011402,57.47942445007634,0.0,3.693574670868311,1.801292365584211
19,11.35436E+03,0.0,0.0,0.0,0.0,0.0,35436,26.41756080268095,438.7000619717165,10.191553559817946,39.18237971391417,0.0,2.672657265929779,0.853634996749025
20,11.11300E+03,0.0,0.0,0.0,0.0,0.0,11300,32.057487961659845,489.7347021671432,0.0,70.59901080784027,0.0,7.1346081859235255,1.642281991446116
21,11.20005E+03,0.0,0.0,0.0,0.0,0.0,20005,25.025608937481863,330.604511386437,23.11838115546918,47.699318883220414,0.0,9.60086736667836,0.116068777498853
22,11.19905E+03,0.0,0.0,0.0,0.0,0.0,19905,26.86646520042202,412.7586980209883,11.108599228651132,41.351714284422464,0.0,3.86171785631932,1.5580704522744848
23,11.24503E+03,0.0,0.0,0.0,0.0,0.0,24502,34.75216078793627,721.3639816345271,0.0,74.36914600550963,0.0,0.606795224977044,0.01505968778696
24,11.12981E+03,0.0,0.0,0.0,0.0,0.0,12981,24.182426273681894,396.8857235957237,11.458145564969008,64.65217210443849,0.0,1.911424173934746,1.562001691648526
25,11.28206E+03,0.0,0.0,0.0,0.0,0.0,28206,32.08664439145956,629.6594161510898,3.73863683500158,30.325491459877536,0.0,1.154424175901316,0.066368222384597
26,11.14931E+03,0.0,0.0,0.0,0.0,0.0,14931,19.678815390948746,307.2944147749876,8.013164398259214,50.06811250015069,0.0,5.168111294619716,0.074140155031284
27,11.37620E+00,0.0,0.0,0.0,0.0,0.0,38,4.463205406326426,28.258373205741627,0.239234449760766,0.0,0.0,0.0,0.0
28,11.76990E+02,0.0,0.0,0.0,0.0,0.0,7699,2.927109847097829,33.73128448517722,38.02370709810156,0.0,0.0,39.22192088282053,8.569858786121761
29,11.10083E+03,0.0,0.0,0.0,0.0,0.0,10083,2.568417997307553,54.73326549375608,37.75718787099769,0.0,0.0,34.11973685385034,6.057360147818868
30,11.31632E+02,0.0,0.0,0.0,0.0,0.0,3163,2.552870526126334,40.06285031439384,46.60710729222978,0.0,0.0,33.90901072637779,2.728540131447918
31,11.28342E+03,0.0,0.0,0.0,0.0,0.0,28342,4.410624211260036,52.966508316556265,40.11380884940015,0.0,0.0,22.40992778980928,0.330566440361495
32,11.37645E+03,0.0,0.0,0.0,0.0,0.0,37645,11.57116200308904,221.8039844314069,8.30739364728721,23.717957913158237,0.0,5.579064641219476,31.17711187296487
1,12.14660E+03,0.0,0.0,0.0,0.0,0.0,14660,27.435247076317104,562.4830869533188,0.0,74.97482994867765,0.0,1.028288682071556,0.0509540063354859
2,12.81630E+00,0.0,0.0,0.0,0.0,0.0,82,12.954862920778917,339.04961411245864,41.12458654906284,34.619625137816975,0.0,16.5380374862183,0.0
3,12.50535E+02,0.0,0.0,0.0,0.0,0.0,5054,41.958584091155615,641.3518076580588,0.0,68.74977738201247,0.0,0.309884238646482,0.003561887800534
4,12.38595E+03,0.0,0.0,0.0,0.0,0.0,38595,35.874289922904694,809.4428144354899,0.0,64.04792552794568,0.0,0.282628162077457,0.665528691888665
5,12.26874E+03,0.0,0.0,0.0,0.0,0.0,26874,31.515515664452156,814.6438522696067,0.0,70.19102606179545,0.0,0.517752965525554,0.00971205433392
6,12.12990E+03,0.0,0.0,0.0,0.0,0.0,12990,25.634712806431136,491.1601676713088,0.0,62.08688422365413,0.0,2.404905425067553,0.016628559551029
7,12.12785E+03,0.0,0.0,0.0,0.0,0.0,12785,32.66128311418672,710.7400128117587,0.0,29.085507929915455,7.052098805409095,0.52021371702908,0.002815771134123
8,12.12233E+03,0.0,0.0,0.0,0.0,0.0,12233,30.18670878130093,625.6174932132689,0.0,77.79175586895907,0.0,0.680512333826246,0.0
9,12.19228E+03,0.0,0.0,0.0,0.0,0.0,19228,34.36246307511638,820.1150807395272,0.0,77.95459864263984,0.0,0.482096887432716,0.000936110461034
10,12.40616E+03,0.0,0.0,0.0,0.0,0.0,40616,29.691034248570336,755.0618521292485,0.0,67.4080294979237,0.0,0.742766228068233,0.010636270568996
11,12.16266E+03,0.0,0.0,0.0,0.0,0.0,16266,40.77669054742595,504.2856249654181,0.0,78.59071543185968,0.0,1.397665025175676,2.174514469097549
12,12.51207E+02,0.0,0.0,0.0,0.0,0.0,5121,33.58702833654999,483.4569660966308,0.0,80.6404555600471,0.0,2.052832311018156,0.147635200449936
13,12.22301E+03,0.0,0.0,0.0,0.0,0.0,22301,30.845331735862043,532.8902390791981,0.0,74.23037807122333,0.0,1.298308203919544,0.489539276143739
14,12.43711E+02,0.0,0.0,0.0,0.0,0.0,4371,12.39272077109365,134.60869296656236,15.959067698896392,33.112337341459394,0.0,42.79978586723769,0.422088618020096
15,12.87316E+02,0.0,0.0,0.0,0.0,0.0,8732,15.22976270305725,284.5455482487786,29.212104970211712,36.40973839905997,0.0,6.252447999340329,5.949411449421756
16,12.70627E+02,0.0,0.0,0.0,0.0,0.0,7063,4.208287025399914,72.89904936666922,42.26240538267452,0.0,0.0,26.963070571144584,0.047149374315059
17,12.35018E+03,0.0,0.0,0.0,0.0,0.0,35018,19.152642394642903,261.0541831153878,15.664322723908215,36.570133234641006,0.0,9.855868081256682,0.462620281273131
18,12.17507E+03,0.0,0.0,0.0,0.0,0.0,17507,27.858034110475717,391.41686244068944,13.32617066011402,57.47942445007634,0.0,3.693574670868311,1.801292365584211
19,12.35436E+03,0.0,0.0,0.0,0.0,0.0,35436,26.41756080268095,438.7000619717165,10.191553559817946,39.18237971391417,0.0,2.672657265929779,0.853634996749025
20,12.11300E+03,0.0,0.0,0.0,0.0,0.0,11300,32.057487961659845,489.7347021671432,0.0,70.59901080784027,0.0,7.1346081859235255,1.642281991446116
21,12.20005E+03,0.0,0.0,0.0,0.0,0.0,20005,25.025608937481863,330.604511386437,23.11838115546918,47.699318883220414,0.0,9.60086736667836,0.116068777498853
22,12.19905E+03,0.0,0.0,0.0,0.0,0.0,19905,26.86646520042202,412.7586980209883,11.108599228651132,41.351714284422464,0.0,3.86171785631932,1.5580704522744848
23,12.24503E+03,0.0,0.0,0.0,0.0,0.0,24502,34.75216078793627,721.3639816345271,0.0,74.36914600550963,0.0,0.606795224977044,0.01505968778696
24,12.12981E+03,0.0,0.0,0.0,0.0,0.0,12981,24.182426273681894,396.8857235957237,11.458145564969008,64.65217210443849,0.0,1.911424173934746,1.562001691648526
25,12.28206E+03,0.0,0.0,0.0,0.0,0.0,28206,32.08664439145956,629.6594161510898,3.73863683500158,30.325491459877536,0.0,1.154424175901316,0.066368222384597
26,12.14931E+03,0.0,0.0,0.0,0.0,0.0,14931,19.678815390948746,307.2944147749876,8.013164398259214,50.06811250015069,0.0,5.168111294619716,0.074140155031284
27,12.37620E+00,0.0,0.0,0.0,0.0,0.0,38,4.463205406326426,28.258373205741627,0.239234449760766,0.0,0.0,0.0,0.0
28,12.76990E+02,0.0,0.0,0.0,0.0,0.0,7699,2.927109847097829,33.73128448517722,38.02370709810156,0.0,0.0,39.22192088282053,8.569858786121761
29,12.10083E+03,0.0,0.0,0.0,0.0,0.0,10083,2.568417997307553,54.73326549375608,37.75718787099769,0.0,0.0,34.11973685385034,6.057360147818868
30,12.31632E+02,0.0,0.0,0.0,0.0,0.0,3163,2.552870526126334,40.06285031439384,46.60710729222978,0.0,0.0,33.90901072637779,2.728540131447918
31,12.28342E+03,0.0,0.0,0.0,0.0,0.0,28342,4.410624211260036,52.966508316556265,40.11380884940015,0.0,0.0,22.40992778980928,0.330566440361495
32,12.37645E+03,0.0,0.0,0.0,0.0,0.0,37645,11.57116200308904,221.8039844314069,8.30739364728721,23.717957913158237,0.0,5.579064641219476,31.17711187296487
1,2017.14660E+03,432.6,0.001,0.006,0.001,0.003,14660,27.435247076317104,562.4830869533188,0.0,74.97482994867765,0.0,1.028288682071556,0.0509540063354859
2,2017.81630E+00,515.0,0.404,1.191,0.227,0.055,82,12.954862920778917,339.04961411245864,41.12458654906284,34.619625137816975,0.0,16.5380374862183,0.0
3,2017.50535E+02,515.0,0.003,0.01,0.001,0.015,5054,41.958584091155615,641.3518076580588,0.0,68.74977738201247,0.0,0.309884238646482,0.003561887800534
4,2017.38595E+03,509.2,0.002,0.006,0.001,0.009,38595,35.874289922904694,809.4428144354899,0.0,64.04792552794568,0.0,0.282628162077457,0.665528691888665
5,2017.26874E+03,637.7,0.013,0.027,0.004,0.033,26874,31.515515664452156,814.6438522696067,0.0,70.19102606179545,0.0,0.517752965525554,0.00971205433392
6,2017.12990E+03,430.5,0.003,0.01,0.002,0.006,12990,25.634712806431136,491.1601676713088,0.0,62.08688422365413,0.0,2.404905425067553,0.016628559551029
7,2017.12785E+03,401.2,0.099,0.125,0.018,0.003,12785,32.66128311418672,710.7400128117587,0.0,29.085507929915455,7.052098805409095,0.52021371702908,0.002815771134123
8,2017.12233E+03,439.0,0.001,0.007,0.001,0.006,12233,30.18670878130093,625.6174932132689,0.0,77.79175586895907,0.0,0.680512333826246,0.0
9,2017.19228E+03,401.2,0.0,0.002,0.0,0.001,19228,34.36246307511638,820.1150807395272,0.0,77.95459864263984,0.0,0.482096887432716,0.000936110461034
10,2017.40616E+03,429.4,0.001,0.004,0.001,0.003,40616,29.691034248570336,755.0618521292485,0.0,67.4080294979237,0.0,0.742766228068233,0.010636270568996
11,2017.16266E+03,593.5,0.003,0.01,0.002,0.011,16266,40.77669054742595,504.2856249654181,0.0,78.59071543185968,0.0,1.397665025175676,2.174514469097549
12,2017.51207E+02,529.3,0.002,0.013,0.002,0.006,5121,33.58702833654999,483.4569660966308,0.0,80.6404555600471,0.0,2.052832311018156,0.147635200449936
13,2017.22301E+03,573.6,0.002,0.008,0.002,0.009,22301,30.845331735862043,532.8902390791981,0.0,74.23037807122333,0.0,1.298308203919544,0.489539276143739
14,2017.43711E+02,694.9,0.64,1.178,0.254,0.148,4371,12.39272077109365,134.60869296656236,15.959067698896392,33.112337341459394,0.0,42.79978586723769,0.422088618020096
15,2017.87316E+02,500.1,0.245,0.466,0.106,0.016,8732,15.22976270305725,284.5455482487786,29.212104970211712,36.40973839905997,0.0,6.252447999340329,5.949411449421756
16,2017.70627E+02,694.9,0.407,0.895,0.204,0.131,7063,4.208287025399914,72.89904936666922,42.26240538267452,0.0,0.0,26.963070571144584,0.047149374315059
17,2017.35018E+03,596.8,0.37,0.547,0.128,0.033,35018,19.152642394642903,261.0541831153878,15.664322723908215,36.570133234641006,0.0,9.855868081256682,0.462620281273131
18,2017.17507E+03,699.3,0.641,1.056,0.236,0.037,17507,27.858034110475717,391.41686244068944,13.32617066011402,57.47942445007634,0.0,3.693574670868311,1.801292365584211
19,2017.35436E+03,660.2,0.535,0.92,0.203,0.022,35436,26.41756080268095,438.7000619717165,10.191553559817946,39.18237971391417,0.0,2.672657265929779,0.853634996749025
20,2017.11300E+03,694.9,0.009,0.022,0.007,0.044,11300,32.057487961659845,489.7347021671432,0.0,70.59901080784027,0.0,7.1346081859235255,1.642281991446116
21,2017.20005E+03,694.9,0.497,0.809,0.177,0.054,20005,25.025608937481863,330.604511386437,23.11838115546918,47.699318883220414,0.0,9.60086736667836,0.116068777498853
22,2017.19905E+03,512.2,0.121,0.195,0.047,0.011,19905,26.86646520042202,412.7586980209883,11.108599228651132,41.351714284422464,0.0,3.86171785631932,1.5580704522744848
23,2017.24503E+03,661.4,0.009,0.017,0.003,0.03,24502,34.75216078793627,721.3639816345271,0.0,74.36914600550963,0.0,0.606795224977044,0.01505968778696
24,2017.12981E+03,500.1,0.105,0.192,0.044,0.007,12981,24.182426273681894,396.8857235957237,11.458145564969008,64.65217210443849,0.0,1.911424173934746,1.562001691648526
25,2017.28206E+03,431.4,0.047,0.086,0.018,0.004,28206,32.08664439145956,629.6594161510898,3.73863683500158,30.325491459877536,0.0,1.154424175901316,0.066368222384597
26,2017.14931E+03,431.4,0.026,0.06,0.013,0.008,14931,19.678815390948746,307.2944147749876,8.013164398259214,50.06811250015069,0.0,5.168111294619716,0.074140155031284
27,2017.37620E+00,681.0,1.135,2.596,0.499,0.02,38,4.463205406326426,28.258373205741627,0.239234449760766,0.0,0.0,0.0,0.0
28,2017.76990E+02,630.5,0.167,0.508,0.109,0.102,7699,2.927109847097829,33.73128448517722,38.02370709810156,0.0,0.0,39.22192088282053,8.569858786121761
29,2017.10083E+03,668.5,0.131,0.333,0.081,0.125,10083,2.568417997307553,54.73326549375608,37.75718787099769,0.0,0.0,34.11973685385034,6.057360147818868
30,2017.31632E+02,675.0,0.236,0.574,0.123,0.126,3163,2.552870526126334,40.06285031439384,46.60710729222978,0.0,0.0,33.90901072637779,2.728540131447918
31,2017.28342E+03,634.6,0.353,1.047,0.202,0.096,28342,4.410624211260036,52.966508316556265,40.11380884940015,0.0,0.0,22.40992778980928,0.330566440361495
32,2017.37645E+03,582.9,0.235,0.314,0.071,0.019,37645,11.57116200308904,221.8039844314069,8.30739364728721,23.717957913158237,0.0,5.579064641219476,31.17711187296487
1,1.14660E+03,0.0,0.0,0.0,0.0,0.0,14660,27.435247076317104,562.4830869533188,0.0,74.97482994867765,0.0,1.028288682071556,0.0509540063354859
2,1.81630E+00,0.0,0.0,0.0,0.0,0.0,82,12.954862920778917,339.04961411245864,41.12458654906284,34.619625137816975,0.0,16.5380374862183,0.0
3,1.50535E+02,0.0,0.0,0.0,0.0,0.0,5054,41.958584091155615,641.3518076580588,0.0,68.74977738201247,0.0,0.309884238646482,0.003561887800534
4,1.38595E+03,0.2,0.0,0.0,0.0,0.0,38595,35.874289922904694,809.4428144354899,0.0,64.04792552794568,0.0,0.282628162077457,0.665528691888665
5,1.26874E+03,0.0,0.0,0.0,0.0,0.0,26874,31.515515664452156,814.6438522696067,0.0,70.19102606179545,0.0,0.517752965525554,0.00971205433392
6,1.12990E+03,0.0,0.0,0.0,0.0,0.0,12990,25.634712806431136,491.1601676713088,0.0,62.08688422365413,0.0,2.404905425067553,0.016628559551029
7,1.12785E+03,0.0,0.0,0.0,0.0,0.0,12785,32.66128311418672,710.7400128117587,0.0,29.085507929915455,7.052098805409095,0.52021371702908,0.002815771134123
8,1.12233E+03,0.0,0.0,0.0,0.0,0.0,12233,30.18670878130093,625.6174932132689,0.0,77.79175586895907,0.0,0.680512333826246,0.0
9,1.19228E+03,0.0,0.0,0.0,0.0,0.0,19228,34.36246307511638,820.1150807395272,0.0,77.95459864263984,0.0,0.482096887432716,0.000936110461034
10,1.40616E+03,0.0,0.0,0.0,0.0,0.0,40616,29.691034248570336,755.0618521292485,0.0,67.4080294979237,0.0,0.742766228068233,0.010636270568996
11,1.16266E+03,0.0,0.0,0.0,0.0,0.0,16266,40.77669054742595,504.2856249654181,0.0,78.59071543185968,0.0,1.397665025175676,2.174514469097549
12,1.51207E+02,0.0,0.0,0.0,0.0,0.0,5121,33.58702833654999,483.4569660966308,0.0,80.6404555600471,0.0,2.052832311018156,0.147635200449936
13,1.22301E+03,0.0,0.0,0.0,0.0,0.0,22301,30.845331735862043,532.8902390791981,0.0,74.23037807122333,0.0,1.298308203919544,0.489539276143739
14,1.43711E+02,0.0,0.0,0.0,0.0,0.0,4371,12.39272077109365,134.60869296656236,15.959067698896392,33.112337341459394,0.0,42.79978586723769,0.422088618020096
15,1.87316E+02,0.0,0.0,0.0,0.0,0.0,8732,15.22976270305725,284.5455482487786,29.212104970211712,36.40973839905997,0.0,6.252447999340329,5.949411449421756
16,1.70627E+02,0.0,0.0,0.0,0.0,0.0,7063,4.208287025399914,72.89904936666922,42.26240538267452,0.0,0.0,26.963070571144584,0.047149374315059
17,1.35018E+03,0.0,0.0,0.0,0.0,0.0,35018,19.152642394642903,261.0541831153878,15.664322723908215,36.570133234641006,0.0,9.855868081256682,0.462620281273131
18,1.17507E+03,0.0,0.0,0.0,0.0,0.0,17507,27.858034110475717,391.41686244068944,13.32617066011402,57.47942445007634,0.0,3.693574670868311,1.801292365584211
19,1.35436E+03,0.0,0.0,0.0,0.0,0.0,35436,26.41756080268095,438.7000619717165,10.191553559817946,39.18237971391417,0.0,2.672657265929779,0.853634996749025
20,1.11300E+03,0.0,0.0,0.0,0.0,0.0,11300,32.057487961659845,489.7347021671432,0.0,70.59901080784027,0.0,7.1346081859235255,1.642281991446116
21,1.20005E+03,0.0,0.0,0.0,0.0,0.0,20005,25.025608937481863,330.604511386437,23.11838115546918,47.699318883220414,0.0,9.60086736667836,0.116068777498853
22,1.19905E+03,0.0,0.0,0.0,0.0,0.0,19905,26.86646520042202,412.7586980209883,11.108599228651132,41.351714284422464,0.0,3.86171785631932,1.5580704522744848
23,1.24503E+03,0.0,0.0,0.0,0.0,0.0,24502,34.75216078793627,721.3639816345271,0.0,74.36914600550963,0.0,0.606795224977044,0.01505968778696
24,1.12981E+03,0.0,0.0,0.0,0.0,0.0,12981,24.182426273681894,396.8857235957237,11.458145564969008,64.65217210443849,0.0,1.911424173934746,1.562001691648526
25,1.28206E+03,0.0,0.0,0.0,0.0,0.0,28206,32.08664439145956,629.6594161510898,3.73863683500158,30.325491459877536,0.0,1.154424175901316,0.066368222384597
26,1.14931E+03,0.0,0.0,0.0,0.0,0.0,14931,19.678815390948746,307.2944147749876,8.013164398259214,50.06811250015069,0.0,5.168111294619716,0.074140155031284
27,1.37620E+00,0.0,0.0,0.0,0.0,0.0,38,4.463205406326426,28.258373205741627,0.239234449760766,0.0,0.0,0.0,0.0
28,1.76990E+02,0.0,0.0,0.0,0.0,0.0,7699,2.927109847097829,33.73128448517722,38.02370709810156,0.0,0.0,39.22192088282053,8.569858786121761
29,1.10083E+03,0.0,0.0,0.0,0.0,0.0,10083,2.568417997307553,54.73326549375608,37.75718787099769,0.0,0.0,34.11973685385034,6.057360147818868
30,1.31632E+02,0.0,0.0,0.0,0.0,0.0,3163,2.552870526126334,40.06285031439384,46.60710729222978,0.0,0.0,33.90901072637779,2.728540131447918
31,1.28342E+03,0.0,0.0,0.0,0.0,0.0,28342,4.410624211260036,52.966508316556265,40.11380884940015,0.0,0.0,22.40992778980928,0.330566440361495
32,1.37645E+03,0.0,0.0,0.0,0.0,0.0,37645,11.57116200308904,221.8039844314069,8.30739364728721,23.717957913158237,0.0,5.579064641219476,31.17711187296487
1,2.14660E+03,0.0,0.0,0.0,0.0,0.0,14660,27.435247076317104,562.4830869533188,0.0,74.97482994867765,0.0,1.028288682071556,0.0509540063354859
2,2.81630E+00,0.0,0.0,0.0,0.0,0.0,82,12.954862920778917,339.04961411245864,41.12458654906284,34.619625137816975,0.0,16.5380374862183,0.0
3,2.50535E+02,0.0,0.0,0.0,0.0,0.0,5054,41.958584091155615,641.3518076580588,0.0,68.74977738201247,0.0,0.309884238646482,0.003561887800534
4,2.38595E+03,0.0,0.0,0.0,0.0,0.0,38595,35.874289922904694,809.4428144354899,0.0,64.04792552794568,0.0,0.282628162077457,0.665528691888665
5,2.26874E+03,0.0,0.0,0.0,0.0,0.0,26874,31.515515664452156,814.6438522696067,0.0,70.19102606179545,0.0,0.517752965525554,0.00971205433392
6,2.12990E+03,0.0,0.0,0.0,0.0,0.0,12990,25.634712806431136,491.1601676713088,0.0,62.08688422365413,0.0,2.404905425067553,0.016628559551029
7,2.12785E+03,0.0,0.0,0.0,0.0,0.0,12785,32.66128311418672,710.7400128117587,0.0,29.085507929915455,7.052098805409095,0.52021371702908,0.002815771134123
8,2.12233E+03,0.0,0.0,0.0,0.0,0.0,12233,30.18670878130093,625.6174932132689,0.0,77.79175586895907,0.0,0.680512333826246,0.0
9,2.19228E+03,0.0,0.0,0.0,0.0,0.0,19228,34.36246307511638,820.1150807395272,0.0,77.95459864263984,0.0,0.482096887432716,0.000936110461034
10,2.40616E+03,0.0,0.0,0.0,0.0,0.0,40616,29.691034248570336,755.0618521292485,0.0,67.4080294979237,0.0,0.742766228068233,0.010636270568996
11,2.16266E+03,0.0,0.0,0.0,0.0,0.0,16266,40.77669054742595,504.2856249654181,0.0,78.59071543185968,0.0,1.397665025175676,2.174514469097549
12,2.51207E+02,0.0,0.0,0.0,0.0,0.0,5121,33.58702833654999,483.4569660966308,0.0,80.6404555600471,0.0,2.052832311018156,0.147635200449936
13,2.22301E+03,0.0,0.0,0.0,0.0,0.0,22301,30.845331735862043,532.8902390791981,0.0,74.23037807122333,0.0,1.298308203919544,0.489539276143739
14,2.43711E+02,0.0,0.0,0.0,0.0,0.0,4371,12.39272077109365,134.60869296656236,15.959067698896392,33.112337341459394,0.0,42.79978586723769,0.422088618020096
15,2.87316E+02,0.0,0.0,0.0,0.0,0.0,8732,15.22976270305725,284.5455482487786,29.212104970211712,36.40973839905997,0.0,6.252447999340329,5.949411449421756
16,2.70627E+02,0.0,0.0,0.0,0.0,0.0,7063,4.208287025399914,72.89904936666922,42.26240538267452,0.0,0.0,26.963070571144584,0.047149374315059
17,2.35018E+03,0.0,0.0,0.0,0.0,0.0,35018,19.152642394642903,261.0541831153878,15.664322723908215,36.570133234641006,0.0,9.855868081256682,0.462620281273131
18,2.17507E+03,0.0,0.0,0.0,0.0,0.0,17507,27.858034110475717,391.41686244068944,13.32617066011402,57.47942445007634,0.0,3.693574670868311,1.801292365584211
19,2.35436E+03,0.0,0.0,0.0,0.0,0.0,35436,26.41756080268095,438.7000619717165,10.191553559817946,39.18237971391417,0.0,2.672657265929779,0.853634996749025
20,2.11300E+03,0.0,0.0,0.0,0.0,0.0,11300,32.057487961659845,489.7347021671432,0.0,70.59901080784027,0.0,7.1346081859235255,1.642281991446116
21,2.20005E+03,0.0,0.0,0.0,0.0,0.0,20005,25.025608937481863,330.604511386437,23.11838115546918,47.699318883220414,0.0,9.60086736667836,0.116068777498853
22,2.19905E+03,0.0,0.0,0.0,0.0,0.0,19905,26.86646520042202,412.7586980209883,11.108599228651132,41.351714284422464,0.0,3.86171785631932,1.5580704522744848
23,2.24503E+03,0.0,0.0,0.0,0.0,0.0,24502,34.75216078793627,721.3639816345271,0.0,74.36914600550963,0.0,0.606795224977044,0.01505968778696
24,2.12981E+03,0.0,0.0,0.0,0.0,0.0,12981,24.182426273681894,396.8857235957237,11.458145564969008,64.65217210443849,0.0,1.911424173934746,1.562001691648526
25,2.28206E+03,0.0,0.0,0.0,0.0,0.0,28206,32.08664439145956,629.6594161510898,3.73863683500158,30.325491459877536,0.0,1.154424175901316,0.066368222384597
26,2.14931E+03,0.0,0.0,0.0,0.0,0.0,14931,19.678815390948746,307.2944147749876,8.013164398259214,50.06811250015069,0.0,5.168111294619716,0.074140155031284
27,2.37620E+00,0.0,0.0,0.0,0.0,0.0,38,4.463205406326426,28.258373205741627,0.239234449760766,0.0,0.0,0.0,0.0
28,2.76990E+02,0.0,0.0,0.0,0.0,0.0,7699,2.927109847097829,33.73128448517722,38.02370709810156,0.0,0.0,39.22192088282053,8.569858786121761
29,2.10083E+03,0.0,0.0,0.0,0.0,0.0,10083,2.568417997307553,54.73326549375608,37.75718787099769,0.0,0.0,34.11973685385034,6.057360147818868
30,2.31632E+02,0.0,0.0,0.0,0.0,0.0,3163,2.552870526126334,40.06285031439384,46.60710729222978,0.0,0.0,33.90901072637779,2.728540131447918
31,2.28342E+03,0.0,0.0,0.0,0.0,0.0,28342,4.410624211260036,52.966508316556265,40.11380884940015,0.0,0.0,22.40992778980928,0.330566440361495
32,2.37645E+03,0.0,0.0,0.0,0.0,0.0,37645,11.57116200308904,221.8039844314069,8.30739364728721,23.717957913158237,0.0,5.579064641219476,31.17711187296487
1,3.14660E+03,2.3,0.0,0.0,0.0,0.0,14660,27.435247076317104,562.4830869533188,0.0,74.97482994867765,0.0,1.028288682071556,0.0509540063354859
2,3.81630E+00,3.3,0.0,0.002,0.0,0.0,82,12.954862920778917,339.04961411245864,41.12458654906284,34.619625137816975,0.0,16.5380374862183,0.0
3,3.50535E+02,3.3,0.0,0.0,0.0,0.0,5054,41.958584091155615,641.3518076580588,0.0,68.74977738201247,0.0,0.309884238646482,0.003561887800534
4,3.38595E+03,3.3,0.0,0.0,0.0,0.0,38595,35.874289922904694,809.4428144354899,0.0,64.04792552794568,0.0,0.282628162077457,0.665528691888665
5,3.26874E+03,4.5,0.0,0.0,0.0,0.0,26874,31.515515664452156,814.6438522696067,0.0,70.19102606179545,0.0,0.517752965525554,0.00971205433392
6,3.12990E+03,1.9,0.0,0.0,0.0,0.0,12990,25.634712806431136,491.1601676713088,0.0,62.08688422365413,0.0,2.404905425067553,0.016628559551029
7,3.12785E+03,2.6,0.0,0.0,0.0,0.0,12785,32.66128311418672,710.7400128117587,0.0,29.085507929915455,7.052098805409095,0.52021371702908,0.002815771134123
8,3.12233E+03,1.4,0.0,0.0,0.0,0.0,12233,30.18670878130093,625.6174932132689,0.0,77.79175586895907,0.0,0.680512333826246,0.0
9,3.19228E+03,2.6,0.0,0.0,0.0,0.0,19228,34.36246307511638,820.1150807395272,0.0,77.95459864263984,0.0,0.482096887432716,0.000936110461034
10,3.40616E+03,1.0,0.0,0.0,0.0,0.0,40616,29.691034248570336,755.0618521292485,0.0,67.4080294979237,0.0,0.742766228068233,0.010636270568996
11,3.16266E+03,3.0,0.0,0.0,0.0,0.0,16266,40.77669054742595,504.2856249654181,0.0,78.59071543185968,0.0,1.397665025175676,2.174514469097549
12,3.51207E+02,3.5,0.0,0.0,0.0,0.0,5121,33.58702833654999,483.4569660966308,0.0,80.6404555600471,0.0,2.052832311018156,0.147635200449936
13,3.22301E+03,2.4,0.0,0.0,0.0,0.0,22301,30.845331735862043,532.8902390791981,0.0,74.23037807122333,0.0,1.298308203919544,0.489539276143739
14,3.43711E+02,3.6,0.0,0.0,0.0,0.0,4371,12.39272077109365,134.60869296656236,15.959067698896392,33.112337341459394,0.0,42.79978586723769,0.422088618020096
15,3.87316E+02,2.1,0.0,0.0,0.0,0.0,8732,15.22976270305725,284.5455482487786,29.212104970211712,36.40973839905997,0.0,6.252447999340329,5.949411449421756
16,3.70627E+02,3.6,0.0,0.0,0.0,0.0,7063,4.208287025399914,72.89904936666922,42.26240538267452,0.0,0.0,26.963070571144584,0.047149374315059
17,3.35018E+03,1.0,0.0,0.0,0.0,0.0,35018,19.152642394642903,261.0541831153878,15.664322723908215,36.570133234641006,0.0,9.855868081256682,0.462620281273131
18,3.17507E+03,4.0,0.0,0.0,0.0,0.0,17507,27.858034110475717,391.41686244068944,13.32617066011402,57.47942445007634,0.0,3.693574670868311,1.801292365584211
19,3.35436E+03,4.3,0.0,0.0,0.0,0.0,35436,26.41756080268095,438.7000619717165,10.191553559817946,39.18237971391417,0.0,2.672657265929779,0.853634996749025
20,3.11300E+03,3.6,0.0,0.0,0.0,0.0,11300,32.057487961659845,489.7347021671432,0.0,70.59901080784027,0.0,7.1346081859235255,1.642281991446116
21,3.20005E+03,3.6,0.0,0.0,0.0,0.0,20005,25.025608937481863,330.604511386437,23.11838115546918,47.699318883220414,0.0,9.60086736667836,0.116068777498853
22,3.19905E+03,0.5,0.0,0.0,0.0,0.0,19905,26.86646520042202,412.7586980209883,11.108599228651132,41.351714284422464,0.0,3.86171785631932,1.5580704522744848
23,3.24503E+03,5.4,0.0,0.0,0.0,0.0,24502,34.75216078793627,721.3639816345271,0.0,74.36914600550963,0.0,0.606795224977044,0.01505968778696
24,3.12981E+03,2.1,0.0,0.0,0.0,0.0,12981,24.182426273681894,396.8857235957237,11.458145564969008,64.65217210443849,0.0,1.911424173934746,1.562001691648526
25,3.28206E+03,2.5,0.0,0.0,0.0,0.0,28206,32.08664439145956,629.6594161510898,3.73863683500158,30.325491459877536,0.0,1.154424175901316,0.066368222384597
26,3.14931E+03,1.7,0.0,0.0,0.0,0.0,14931,19.678815390948746,307.2944147749876,8.013164398259214,50.06811250015069,0.0,5.168111294619716,0.074140155031284
27,3.37620E+00,3.3,0.0,0.0,0.0,0.0,38,4.463205406326426,28.258373205741627,0.239234449760766,0.0,0.0,0.0,0.0
28,3.76990E+02,1.2,0.0,0.0,0.0,0.0,7699,2.927109847097829,33.73128448517722,38.02370709810156,0.0,0.0,39.22192088282053,8.569858786121761
29,3.10083E+03,2.0,0.0,0.0,0.0,0.0,10083,2.568417997307553,54.73326549375608,37.75718787099769,0.0,0.0,34.11973685385034,6.057360147818868
30,3.31632E+02,2.2,0.0,0.0,0.0,0.0,3163,2.552870526126334,40.06285031439384,46.60710729222978,0.0,0.0,33.90901072637779,2.728540131447918
31,3.28342E+03,1.8,0.0,0.0,0.0,0.0,28342,4.410624211260036,52.966508316556265,40.11380884940015,0.0,0.0,22.40992778980928,0.330566440361495
32,3.37645E+03,1.3,0.0,0.0,0.0,0.0,37645,11.57116200308904,221.8039844314069,8.30739364728721,23.717957913158237,0.0,5.579064641219476,31.17711187296487
1,4.14660E+03,17.5,0.0,0.0,0.0,0.0,14660,27.435247076317104,562.4830869533188,0.0,74.97482994867765,0.0,1.028288682071556,0.0509540063354859
2,4.81630E+00,20.5,0.0,0.008,0.001,0.001,82,12.954862920778917,339.04961411245864,41.12458654906284,34.619625137816975,0.0,16.5380374862183,0.0
3,4.50535E+02,20.5,0.0,0.0,0.0,0.0,5054,41.958584091155615,641.3518076580588,0.0,68.74977738201247,0.0,0.309884238646482,0.003561887800534
4,4.38595E+03,23.5,0.0,0.0,0.0,0.0,38595,35.874289922904694,809.4428144354899,0.0,64.04792552794568,0.0,0.282628162077457,0.665528691888665
5,4.26874E+03,25.6,0.0,0.0,0.0,0.0,26874,31.515515664452156,814.6438522696067,0.0,70.19102606179545,0.0,0.517752965525554,0.00971205433392
6,4.12990E+03,18.9,0.0,0.0,0.0,0.0,12990,25.634712806431136,491.1601676713088,0.0,62.08688422365413,0.0,2.404905425067553,0.016628559551029
7,4.12785E+03,16.6,0.0,0.0,0.0,0.0,12785,32.66128311418672,710.7400128117587,0.0,29.085507929915455,7.052098805409095,0.52021371702908,0.002815771134123
8,4.12233E+03,20.6,0.0,0.0,0.0,0.0,12233,30.18670878130093,625.6174932132689,0.0,77.79175586895907,0.0,0.680512333826246,0.0
9,4.19228E+03,16.6,0.0,0.0,0.0,0.0,19228,34.36246307511638,820.1150807395272,0.0,77.95459864263984,0.0,0.482096887432716,0.000936110461034
10,4.40616E+03,17.7,0.0,0.0,0.0,0.0,40616,29.691034248570336,755.0618521292485,0.0,67.4080294979237,0.0,0.742766228068233,0.010636270568996
11,4.16266E+03,21.4,0.0,0.0,0.0,0.0,16266,40.77669054742595,504.2856249654181,0.0,78.59071543185968,0.0,1.397665025175676,2.174514469097549
12,4.51207E+02,20.7,0.0,0.001,0.0,0.0,5121,33.58702833654999,483.4569660966308,0.0,80.6404555600471,0.0,2.052832311018156,0.147635200449936
13,4.22301E+03,25.4,0.0,0.0,0.0,0.0,22301,30.845331735862043,532.8902390791981,0.0,74.23037807122333,0.0,1.298308203919544,0.489539276143739
14,4.43711E+02,31.2,0.001,0.004,0.001,0.004,4371,12.39272077109365,134.60869296656236,15.959067698896392,33.112337341459394,0.0,42.79978586723769,0.422088618020096
15,4.87316E+02,38.0,0.0,0.002,0.0,0.001,8732,15.22976270305725,284.5455482487786,29.212104970211712,36.40973839905997,0.0,6.252447999340329,5.949411449421756
16,4.70627E+02,31.2,0.001,0.002,0.001,0.004,7063,4.208287025399914,72.89904936666922,42.26240538267452,0.0,0.0,26.963070571144584,0.047149374315059
17,4.35018E+03,33.0,0.0,0.001,0.0,0.001,35018,19.152642394642903,261.0541831153878,15.664322723908215,36.570133234641006,0.0,9.855868081256682,0.462620281273131
18,4.17507E+03,28.2,0.0,0.001,0.0,0.0,17507,27.858034110475717,391.41686244068944,13.32617066011402,57.47942445007634,0.0,3.693574670868311,1.801292365584211
19,4.35436E+03,25.7,0.0,0.0,0.0,0.0,35436,26.41756080268095,438.7000619717165,10.191553559817946,39.18237971391417,0.0,2.672657265929779,0.853634996749025
20,4.11300E+03,31.2,0.0,0.001,0.0,0.001,11300,32.057487961659845,489.7347021671432,0.0,70.59901080784027,0.0,7.1346081859235255,1.642281991446116
21,4.20005E+03,31.2,0.0,0.001,0.0,0.001,20005,25.025608937481863,330.604511386437,23.11838115546918,47.699318883220414,0.0,9.60086736667836,0.116068777498853
22,4.19905E+03,28.1,0.0,0.001,0.0,0.0,19905,26.86646520042202,412.7586980209883,11.108599228651132,41.351714284422464,0.0,3.86171785631932,1.5580704522744848
23,4.24503E+03,29.3,0.0,0.0,0.0,0.0,24502,34.75216078793627,721.3639816345271,0.0,74.36914600550963,0.0,0.606795224977044,0.01505968778696
24,4.12981E+03,38.0,0.0,0.001,0.0,0.0,12981,24.182426273681894,396.8857235957237,11.458145564969008,64.65217210443849,0.0,1.911424173934746,1.562001691648526
25,4.28206E+03,31.4,0.0,0.0,0.0,0.0,28206,32.08664439145956,629.6594161510898,3.73863683500158,30.325491459877536,0.0,1.154424175901316,0.066368222384597
26,4.14931E+03,34.8,0.0,0.002,0.0,0.001,14931,19.678815390948746,307.2944147749876,8.013164398259214,50.06811250015069,0.0,5.168111294619716,0.074140155031284
27,4.37620E+00,31.3,0.0,0.0,0.0,0.0,38,4.463205406326426,28.258373205741627,0.239234449760766,0.0,0.0,0.0,0.0
28,4.76990E+02,29.1,0.0,0.003,0.001,0.003,7699,2.927109847097829,33.73128448517722,38.02370709810156,0.0,0.0,39.22192088282053,8.569858786121761
29,4.10083E+03,31.5,0.0,0.002,0.001,0.004,10083,2.568417997307553,54.73326549375608,37.75718787099769,0.0,0.0,34.11973685385034,6.057360147818868
30,4.31632E+02,31.5,0.001,0.003,0.001,0.005,3163,2.552870526126334,40.06285031439384,46.60710729222978,0.0,0.0,33.90901072637779,2.728540131447918
31,4.28342E+03,26.7,0.0,0.001,0.0,0.002,28342,4.410624211260036,52.966508316556265,40.11380884940015,0.0,0.0,22.40992778980928,0.330566440361495
32,4.37645E+03,29.5,0.0,0.001,0.0,0.001,37645,11.57116200308904,221.8039844314069,8.30739364728721,23.717957913158237,0.0,5.579064641219476,31.17711187296487
1,5.14660E+03,18.1,0.0,0.0,0.0,0.0,14660,27.435247076317104,562.4830869533188,0.0,74.97482994867765,0.0,1.028288682071556,0.0509540063354859
2,5.81630E+00,21.2,0.0,0.01,0.001,0.001,82,12.954862920778917,339.04961411245864,41.12458654906284,34.619625137816975,0.0,16.5380374862183,0.0
3,5.50535E+02,21.2,0.0,0.0,0.0,0.0,5054,41.958584091155615,641.3518076580588,0.0,68.74977738201247,0.0,0.309884238646482,0.003561887800534
4,5.38595E+03,24.2,0.0,0.0,0.0,0.0,38595,35.874289922904694,809.4428144354899,0.0,64.04792552794568,0.0,0.282628162077457,0.665528691888665
5,5.26874E+03,26.4,0.0,0.0,0.0,0.0,26874,31.515515664452156,814.6438522696067,0.0,70.19102606179545,0.0,0.517752965525554,0.00971205433392
6,5.12990E+03,14.1,0.0,0.0,0.0,0.0,12990,25.634712806431136,491.1601676713088,0.0,62.08688422365413,0.0,2.404905425067553,0.016628559551029
7,5.12785E+03,17.0,0.0,0.0,0.0,0.0,12785,32.66128311418672,710.7400128117587,0.0,29.085507929915455,7.052098805409095,0.52021371702908,0.002815771134123
8,5.12233E+03,11.7,0.0,0.0,0.0,0.0,12233,30.18670878130093,625.6174932132689,0.0,77.79175586895907,0.0,0.680512333826246,0.0
9,5.19228E+03,17.0,0.0,0.0,0.0,0.0,19228,34.36246307511638,820.1150807395272,0.0,77.95459864263984,0.0,0.482096887432716,0.000936110461034
10,5.40616E+03,16.5,0.0,0.0,0.0,0.0,40616,29.691034248570336,755.0618521292485,0.0,67.4080294979237,0.0,0.742766228068233,0.010636270568996
11,5.16266E+03,14.8,0.0,0.0,0.0,0.0,16266,40.77669054742595,504.2856249654181,0.0,78.59071543185968,0.0,1.397665025175676,2.174514469097549
12,5.51207E+02,17.2,0.0,0.0,0.0,0.0,5121,33.58702833654999,483.4569660966308,0.0,80.6404555600471,0.0,2.052832311018156,0.147635200449936
13,5.22301E+03,13.9,0.0,0.0,0.0,0.0,22301,30.845331735862043,532.8902390791981,0.0,74.23037807122333,0.0,1.298308203919544,0.489539276143739
14,5.43711E+02,26.9,0.001,0.002,0.001,0.004,4371,12.39272077109365,134.60869296656236,15.959067698896392,33.112337341459394,0.0,42.79978586723769,0.422088618020096
15,5.87316E+02,10.6,0.0,0.0,0.0,0.0,8732,15.22976270305725,284.5455482487786,29.212104970211712,36.40973839905997,0.0,6.252447999340329,5.949411449421756
16,5.70627E+02,26.9,0.0,0.002,0.001,0.003,7063,4.208287025399914,72.89904936666922,42.26240538267452,0.0,0.0,26.963070571144584,0.047149374315059
17,5.35018E+03,16.5,0.0,0.0,0.0,0.001,35018,19.152642394642903,261.0541831153878,15.664322723908215,36.570133234641006,0.0,9.855868081256682,0.462620281273131
18,5.17507E+03,29.4,0.0,0.001,0.0,0.0,17507,27.858034110475717,391.41686244068944,13.32617066011402,57.47942445007634,0.0,3.693574670868311,1.801292365584211
19,5.35436E+03,28.9,0.0,0.001,0.0,0.0,35436,26.41756080268095,438.7000619717165,10.191553559817946,39.18237971391417,0.0,2.672657265929779,0.853634996749025
20,5.11300E+03,26.9,0.0,0.001,0.0,0.001,11300,32.057487961659845,489.7347021671432,0.0,70.59901080784027,0.0,7.1346081859235255,1.642281991446116
21,5.20005E+03,26.9,0.0,0.001,0.0,0.001,20005,25.025608937481863,330.604511386437,23.11838115546918,47.699318883220414,0.0,9.60086736667836,0.116068777498853
22,5.19905E+03,9.7,0.0,0.0,0.0,0.0,19905,26.86646520042202,412.7586980209883,11.108599228651132,41.351714284422464,0.0,3.86171785631932,1.5580704522744848
23,5.24503E+03,26.7,0.0,0.0,0.0,0.0,24502,34.75216078793627,721.3639816345271,0.0,74.36914600550963,0.0,0.606795224977044,0.01505968778696
24,5.12981E+03,10.6,0.0,0.0,0.0,0.0,12981,24.182426273681894,396.8857235957237,11.458145564969008,64.65217210443849,0.0,1.911424173934746,1.562001691648526
25,5.28206E+03,4.3,0.0,0.0,0.0,0.0,28206,32.08664439145956,629.6594161510898,3.73863683500158,30.325491459877536,0.0,1.154424175901316,0.066368222384597
26,5.14931E+03,5.8,0.0,0.0,0.0,0.0,14931,19.678815390948746,307.2944147749876,8.013164398259214,50.06811250015069,0.0,5.168111294619716,0.074140155031284
27,5.37620E+00,22.3,0.001,0.001,0.0,0.0,38,4.463205406326426,28.258373205741627,0.239234449760766,0.0,0.0,0.0,0.0
28,5.76990E+02,22.1,0.0,0.002,0.001,0.002,7699,2.927109847097829,33.73128448517722,38.02370709810156,0.0,0.0,39.22192088282053,8.569858786121761
29,5.10083E+03,24.8,0.0,0.001,0.001,0.004,10083,2.568417997307553,54.73326549375608,37.75718787099769,0.0,0.0,34.11973685385034,6.057360147818868
30,5.31632E+02,28.4,0.0,0.002,0.001,0.004,3163,2.552870526126334,40.06285031439384,46.60710729222978,0.0,0.0,33.90901072637779,2.728540131447918
31,5.28342E+03,21.8,0.0,0.001,0.0,0.002,28342,4.410624211260036,52.966508316556265,40.11380884940015,0.0,0.0,22.40992778980928,0.330566440361495
32,5.37645E+03,13.6,0.0,0.0,0.0,0.0,37645,11.57116200308904,221.8039844314069,8.30739364728721,23.717957913158237,0.0,5.579064641219476,31.17711187296487
1,6.14660E+03,7.2,0.0,0.0,0.0,0.0,14660,27.435247076317104,562.4830869533188,0.0,74.97482994867765,0.0,1.028288682071556,0.0509540063354859
2,6.81630E+00,10.9,0.0,0.004,0.0,0.0,82,12.954862920778917,339.04961411245864,41.12458654906284,34.619625137816975,0.0,16.5380374862183,0.0
3,6.50535E+02,10.9,0.0,0.0,0.0,0.0,5054,41.958584091155615,641.3518076580588,0.0,68.74977738201247,0.0,0.309884238646482,0.003561887800534
4,6.38595E+03,16.1,0.0,0.0,0.0,0.0,38595,35.874289922904694,809.4428144354899,0.0,64.04792552794568,0.0,0.282628162077457,0.665528691888665
5,6.26874E+03,9.5,0.0,0.0,0.0,0.0,26874,31.515515664452156,814.6438522696067,0.0,70.19102606179545,0.0,0.517752965525554,0.00971205433392
6,6.12990E+03,5.7,0.0,0.0,0.0,0.0,12990,25.634712806431136,491.1601676713088,0.0,62.08688422365413,0.0,2.404905425067553,0.016628559551029
7,6.12785E+03,6.9,0.0,0.0,0.0,0.0,12785,32.66128311418672,710.7400128117587,0.0,29.085507929915455,7.052098805409095,0.52021371702908,0.002815771134123
8,6.12233E+03,4.3,0.0,0.0,0.0,0.0,12233,30.18670878130093,625.6174932132689,0.0,77.79175586895907,0.0,0.680512333826246,0.0
9,6.19228E+03,6.9,0.0,0.0,0.0,0.0,19228,34.36246307511638,820.1150807395272,0.0,77.95459864263984,0.0,0.482096887432716,0.000936110461034
10,6.40616E+03,3.5,0.0,0.0,0.0,0.0,40616,29.691034248570336,755.0618521292485,0.0,67.4080294979237,0.0,0.742766228068233,0.010636270568996
11,6.16266E+03,10.8,0.0,0.0,0.0,0.0,16266,40.77669054742595,504.2856249654181,0.0,78.59071543185968,0.0,1.397665025175676,2.174514469097549
12,6.51207E+02,14.2,0.0,0.0,0.0,0.0,5121,33.58702833654999,483.4569660966308,0.0,80.6404555600471,0.0,2.052832311018156,0.147635200449936
13,6.22301E+03,3.0,0.0,0.0,0.0,0.0,22301,30.845331735862043,532.8902390791981,0.0,74.23037807122333,0.0,1.298308203919544,0.489539276143739
14,6.43711E+02,14.1,0.0,0.001,0.0,0.002,4371,12.39272077109365,134.60869296656236,15.959067698896392,33.112337341459394,0.0,42.79978586723769,0.422088618020096
15,6.87316E+02,3.2,0.0,0.0,0.0,0.0,8732,15.22976270305725,284.5455482487786,29.212104970211712,36.40973839905997,0.0,6.252447999340329,5.949411449421756
16,6.70627E+02,14.1,0.0,0.001,0.0,0.002,7063,4.208287025399914,72.89904936666922,42.26240538267452,0.0,0.0,26.963070571144584,0.047149374315059
17,6.35018E+03,0.5,0.0,0.0,0.0,0.0,35018,19.152642394642903,261.0541831153878,15.664322723908215,36.570133234641006,0.0,9.855868081256682,0.462620281273131
18,6.17507E+03,15.5,0.0,0.0,0.0,0.0,17507,27.858034110475717,391.41686244068944,13.32617066011402,57.47942445007634,0.0,3.693574670868311,1.801292365584211
19,6.35436E+03,14.3,0.0,0.0,0.0,0.0,35436,26.41756080268095,438.7000619717165,10.191553559817946,39.18237971391417,0.0,2.672657265929779,0.853634996749025
20,6.11300E+03,14.1,0.0,0.0,0.0,0.0,11300,32.057487961659845,489.7347021671432,0.0,70.59901080784027,0.0,7.1346081859235255,1.642281991446116
21,6.20005E+03,14.1,0.0,0.0,0.0,0.001,20005,25.025608937481863,330.604511386437,23.11838115546918,47.699318883220414,0.0,9.60086736667836,0.116068777498853
22,6.19905E+03,2.3,0.0,0.0,0.0,0.0,19905,26.86646520042202,412.7586980209883,11.108599228651132,41.351714284422464,0.0,3.86171785631932,1.5580704522744848
23,6.24503E+03,20.9,0.0,0.0,0.0,0.0,24502,34.75216078793627,721.3639816345271,0.0,74.36914600550963,0.0,0.606795224977044,0.01505968778696
24,6.12981E+03,3.2,0.0,0.0,0.0,0.0,12981,24.182426273681894,396.8857235957237,11.458145564969008,64.65217210443849,0.0,1.911424173934746,1.562001691648526
25,6.28206E+03,11.4,0.0,0.0,0.0,0.0,28206,32.08664439145956,629.6594161510898,3.73863683500158,30.325491459877536,0.0,1.154424175901316,0.066368222384597
26,6.14931E+03,5.8,0.0,0.0,0.0,0.0,14931,19.678815390948746,307.2944147749876,8.013164398259214,50.06811250015069,0.0,5.168111294619716,0.074140155031284
27,6.37620E+00,6.1,0.0,0.0,0.0,0.0,38,4.463205406326426,28.258373205741627,0.239234449760766,0.0,0.0,0.0,0.0
28,6.76990E+02,10.2,0.0,0.001,0.0,0.001,7699,2.927109847097829,33.73128448517722,38.02370709810156,0.0,0.0,39.22192088282053,8.569858786121761
29,6.10083E+03,7.4,0.0,0.0,0.0,0.001,10083,2.568417997307553,54.73326549375608,37.75718787099769,0.0,0.0,34.11973685385034,6.057360147818868
30,6.31632E+02,13.1,0.0,0.001,0.0,0.002,3163,2.552870526126334,40.06285031439384,46.60710729222978,0.0,0.0,33.90901072637779,2.728540131447918
31,6.28342E+03,4.2,0.0,0.0,0.0,0.0,28342,4.410624211260036,52.966508316556265,40.11380884940015,0.0,0.0,22.40992778980928,0.330566440361495
32,6.37645E+03,1.7,0.0,0.0,0.0,0.0,37645,11.57116200308904,221.8039844314069,8.30739364728721,23.717957913158237,0.0,5.579064641219476,31.17711187296487
1,7.14660E+03,123.4,0.0,0.002,0.0,0.0,14660,27.435247076317104,562.4830869533188,0.0,74.97482994867765,0.0,1.028288682071556,0.0509540063354859
2,7.81630E+00,193.4,0.027,0.13,0.02,0.011,82,12.954862920778917,339.04961411245864,41.12458654906284,34.619625137816975,0.0,16.5380374862183,0.0
3,7.50535E+02,193.4,0.0,0.003,0.0,0.001,5054,41.958584091155615,641.3518076580588,0.0,68.74977738201247,0.0,0.309884238646482,0.003561887800534
4,7.38595E+03,163.4,0.0,0.001,0.0,0.0,38595,35.874289922904694,809.4428144354899,0.0,64.04792552794568,0.0,0.282628162077457,0.665528691888665
5,7.26874E+03,276.4,0.002,0.005,0.001,0.006,26874,31.515515664452156,814.6438522696067,0.0,70.19102606179545,0.0,0.517752965525554,0.00971205433392
6,7.12990E+03,146.9,0.001,0.003,0.001,0.001,12990,25.634712806431136,491.1601676713088,0.0,62.08688422365413,0.0,2.404905425067553,0.016628559551029
7,7.12785E+03,103.8,0.0,0.001,0.0,0.0,12785,32.66128311418672,710.7400128117587,0.0,29.085507929915455,7.052098805409095,0.52021371702908,0.002815771134123
8,7.12233E+03,207.6,0.001,0.004,0.001,0.003,12233,30.18670878130093,625.6174932132689,0.0,77.79175586895907,0.0,0.680512333826246,0.0
9,7.19228E+03,103.8,0.0,0.001,0.0,0.0,19228,34.36246307511638,820.1150807395272,0.0,77.95459864263984,0.0,0.482096887432716,0.000936110461034
10,7.40616E+03,113.6,0.0,0.001,0.0,0.0,40616,29.691034248570336,755.0618521292485,0.0,67.4080294979237,0.0,0.742766228068233,0.010636270568996
11,7.16266E+03,357.8,0.003,0.008,0.002,0.013,16266,40.77669054742595,504.2856249654181,0.0,78.59071543185968,0.0,1.397665025175676,2.174514469097549
12,7.51207E+02,264.5,0.001,0.007,0.001,0.003,5121,33.58702833654999,483.4569660966308,0.0,80.6404555600471,0.0,2.052832311018156,0.147635200449936
13,7.22301E+03,387.7,0.005,0.013,0.002,0.022,22301,30.845331735862043,532.8902390791981,0.0,74.23037807122333,0.0,1.298308203919544,0.489539276143739
14,7.43711E+02,392.6,0.356,0.777,0.171,0.121,4371,12.39272077109365,134.60869296656236,15.959067698896392,33.112337341459394,0.0,42.79978586723769,0.422088618020096
15,7.87316E+02,395.0,0.586,1.421,0.328,0.052,8732,15.22976270305725,284.5455482487786,29.212104970211712,36.40973839905997,0.0,6.252447999340329,5.949411449421756
16,7.70627E+02,392.6,0.286,0.715,0.163,0.11,7063,4.208287025399914,72.89904936666922,42.26240538267452,0.0,0.0,26.963070571144584,0.047149374315059
17,7.35018E+03,373.8,0.492,0.943,0.226,0.061,35018,19.152642394642903,261.0541831153878,15.664322723908215,36.570133234641006,0.0,9.855868081256682,0.462620281273131
18,7.17507E+03,374.3,0.281,0.574,0.132,0.025,17507,27.858034110475717,391.41686244068944,13.32617066011402,57.47942445007634,0.0,3.693574670868311,1.801292365584211
19,7.35436E+03,278.3,0.102,0.169,0.04,0.006,35436,26.41756080268095,438.7000619717165,10.191553559817946,39.18237971391417,0.0,2.672657265929779,0.853634996749025
20,7.11300E+03,392.6,0.006,0.016,0.005,0.04,11300,32.057487961659845,489.7347021671432,0.0,70.59901080784027,0.0,7.1346081859235255,1.642281991446116
21,7.20005E+03,392.6,0.29,0.581,0.129,0.05,20005,25.025608937481863,330.604511386437,23.11838115546918,47.699318883220414,0.0,9.60086736667836,0.116068777498853
22,7.19905E+03,355.4,0.449,0.86,0.208,0.036,19905,26.86646520042202,412.7586980209883,11.108599228651132,41.351714284422464,0.0,3.86171785631932,1.5580704522744848
23,7.24503E+03,454.5,0.008,0.016,0.002,0.038,24502,34.75216078793627,721.3639816345271,0.0,74.36914600550963,0.0,0.606795224977044,0.01505968778696
24,7.12981E+03,395.0,0.262,0.596,0.139,0.032,12981,24.182426273681894,396.8857235957237,11.458145564969008,64.65217210443849,0.0,1.911424173934746,1.562001691648526
25,7.28206E+03,274.6,0.305,0.599,0.126,0.023,28206,32.08664439145956,629.6594161510898,3.73863683500158,30.325491459877536,0.0,1.154424175901316,0.066368222384597
26,7.14931E+03,317.7,0.291,0.618,0.129,0.029,14931,19.678815390948746,307.2944147749876,8.013164398259214,50.06811250015069,0.0,5.168111294619716,0.074140155031284
27,7.37620E+00,251.6,0.277,0.66,0.128,0.01,38,4.463205406326426,28.258373205741627,0.239234449760766,0.0,0.0,0.0,0.0
28,7.76990E+02,282.6,0.124,0.382,0.078,0.08,7699,2.927109847097829,33.73128448517722,38.02370709810156,0.0,0.0,39.22192088282053,8.569858786121761
29,7.10083E+03,315.4,0.107,0.291,0.064,0.094,10083,2.568417997307553,54.73326549375608,37.75718787099769,0.0,0.0,34.11973685385034,6.057360147818868
30,7.31632E+02,317.7,0.138,0.358,0.075,0.092,3163,2.552870526126334,40.06285031439384,46.60710729222978,0.0,0.0,33.90901072637779,2.728540131447918
31,7.28342E+03,290.7,0.204,0.644,0.12,0.066,28342,4.410624211260036,52.966508316556265,40.11380884940015,0.0,0.0,22.40992778980928,0.330566440361495
32,7.37645E+03,423.4,0.385,0.65,0.146,0.039,37645,11.57116200308904,221.8039844314069,8.30739364728721,23.717957913158237,0.0,5.579064641219476,31.17711187296487
1,8.14660E+03,82.3,0.0,0.001,0.0,0.0,14660,27.435247076317104,562.4830869533188,0.0,74.97482994867765,0.0,1.028288682071556,0.0509540063354859
2,8.81630E+00,86.1,0.004,0.039,0.005,0.003,82,12.954862920778917,339.04961411245864,41.12458654906284,34.619625137816975,0.0,16.5380374862183,0.0
3,8.50535E+02,86.1,0.0,0.001,0.0,0.0,5054,41.958584091155615,641.3518076580588,0.0,68.74977738201247,0.0,0.309884238646482,0.003561887800534
4,8.38595E+03,62.9,0.0,0.0,0.0,0.0,38595,35.874289922904694,809.4428144354899,0.0,64.04792552794568,0.0,0.282628162077457,0.665528691888665
5,8.26874E+03,114.1,0.0,0.001,0.0,0.002,26874,31.515515664452156,814.6438522696067,0.0,70.19102606179545,0.0,0.517752965525554,0.00971205433392
6,8.12990E+03,77.7,0.0,0.001,0.0,0.0,12990,25.634712806431136,491.1601676713088,0.0,62.08688422365413,0.0,2.404905425067553,0.016628559551029
7,8.12785E+03,78.1,0.001,0.002,0.0,0.0,12785,32.66128311418672,710.7400128117587,0.0,29.085507929915455,7.052098805409095,0.52021371702908,0.002815771134123
8,8.12233E+03,78.3,0.0,0.001,0.0,0.0,12233,30.18670878130093,625.6174932132689,0.0,77.79175586895907,0.0,0.680512333826246,0.0
9,8.19228E+03,78.1,0.0,0.0,0.0,0.0,19228,34.36246307511638,820.1150807395272,0.0,77.95459864263984,0.0,0.482096887432716,0.000936110461034
10,8.40616E+03,63.9,0.0,0.0,0.0,0.0,40616,29.691034248570336,755.0618521292485,0.0,67.4080294979237,0.0,0.742766228068233,0.010636270568996
11,8.16266E+03,97.8,0.0,0.001,0.0,0.0,16266,40.77669054742595,504.2856249654181,0.0,78.59071543185968,0.0,1.397665025175676,2.174514469097549
12,8.51207E+02,95.1,0.0,0.002,0.0,0.0,5121,33.58702833654999,483.4569660966308,0.0,80.6404555600471,0.0,2.052832311018156,0.147635200449936
13,8.22301E+03,112.8,0.0,0.002,0.0,0.002,22301,30.845331735862043,532.8902390791981,0.0,74.23037807122333,0.0,1.298308203919544,0.489539276143739
14,8.43711E+02,148.7,0.069,0.148,0.033,0.024,4371,12.39272077109365,134.60869296656236,15.959067698896392,33.112337341459394,0.0,42.79978586723769,0.422088618020096
15,8.87316E+02,120.7,0.137,0.274,0.061,0.007,8732,15.22976270305725,284.5455482487786,29.212104970211712,36.40973839905997,0.0,6.252447999340329,5.949411449421756
16,8.70627E+02,148.7,0.038,0.101,0.024,0.02,7063,4.208287025399914,72.89904936666922,42.26240538267452,0.0,0.0,26.963070571144584,0.047149374315059
17,8.35018E+03,123.2,0.046,0.113,0.027,0.008,35018,19.152642394642903,261.0541831153878,15.664322723908215,36.570133234641006,0.0,9.855868081256682,0.462620281273131
18,8.17507E+03,151.8,0.064,0.104,0.023,0.005,17507,27.858034110475717,391.41686244068944,13.32617066011402,57.47942445007634,0.0,3.693574670868311,1.801292365584211
19,8.35436E+03,149.5,0.059,0.095,0.021,0.002,35436,26.41756080268095,438.7000619717165,10.191553559817946,39.18237971391417,0.0,2.672657265929779,0.853634996749025
20,8.11300E+03,148.7,0.001,0.005,0.001,0.007,11300,32.057487961659845,489.7347021671432,0.0,70.59901080784027,0.0,7.1346081859235255,1.642281991446116
21,8.20005E+03,148.7,0.047,0.09,0.02,0.009,20005,25.025608937481863,330.604511386437,23.11838115546918,47.699318883220414,0.0,9.60086736667836,0.116068777498853
22,8.19905E+03,95.5,0.021,0.039,0.009,0.003,19905,26.86646520042202,412.7586980209883,11.108599228651132,41.351714284422464,0.0,3.86171785631932,1.5580704522744848
23,8.24503E+03,139.3,0.001,0.002,0.0,0.004,24502,34.75216078793627,721.3639816345271,0.0,74.36914600550963,0.0,0.606795224977044,0.01505968778696
24,8.12981E+03,120.7,0.052,0.099,0.022,0.004,12981,24.182426273681894,396.8857235957237,11.458145564969008,64.65217210443849,0.0,1.911424173934746,1.562001691648526
25,8.28206E+03,115.7,0.133,0.212,0.044,0.007,28206,32.08664439145956,629.6594161510898,3.73863683500158,30.325491459877536,0.0,1.154424175901316,0.066368222384597
26,8.14931E+03,112.0,0.067,0.128,0.026,0.006,14931,19.678815390948746,307.2944147749876,8.013164398259214,50.06811250015069,0.0,5.168111294619716,0.074140155031284
27,8.37620E+00,205.0,0.719,1.674,0.324,0.01,38,4.463205406326426,28.258373205741627,0.239234449760766,0.0,0.0,0.0,0.0
28,8.76990E+02,217.1,0.113,0.365,0.073,0.051,7699,2.927109847097829,33.73128448517722,38.02370709810156,0.0,0.0,39.22192088282053,8.569858786121761
29,8.10083E+03,176.6,0.029,0.086,0.02,0.03,10083,2.568417997307553,54.73326549375608,37.75718787099769,0.0,0.0,34.11973685385034,6.057360147818868
30,8.31632E+02,186.4,0.059,0.169,0.036,0.033,3163,2.552870526126334,40.06285031439384,46.60710729222978,0.0,0.0,33.90901072637779,2.728540131447918
31,8.28342E+03,200.2,0.17,0.601,0.111,0.037,28342,4.410624211260036,52.966508316556265,40.11380884940015,0.0,0.0,22.40992778980928,0.330566440361495
32,8.37645E+03,113.0,0.027,0.046,0.01,0.003,37645,11.57116200308904,221.8039844314069,8.30739364728721,23.717957913158237,0.0,5.579064641219476,31.17711187296487
1,9.14660E+03,34.9,0.0,0.001,0.0,0.0,14660,27.435247076317104,562.4830869533188,0.0,74.97482994867765,0.0,1.028288682071556,0.0509540063354859
2,9.81630E+00,35.8,0.0,0.015,0.001,0.001,82,12.954862920778917,339.04961411245864,41.12458654906284,34.619625137816975,0.0,16.5380374862183,0.0
3,9.50535E+02,35.8,0.0,0.001,0.0,0.0,5054,41.958584091155615,641.3518076580588,0.0,68.74977738201247,0.0,0.309884238646482,0.003561887800534
4,9.38595E+03,43.8,0.0,0.0,0.0,0.0,38595,35.874289922904694,809.4428144354899,0.0,64.04792552794568,0.0,0.282628162077457,0.665528691888665
5,9.26874E+03,64.6,0.0,0.001,0.0,0.001,26874,31.515515664452156,814.6438522696067,0.0,70.19102606179545,0.0,0.517752965525554,0.00971205433392
6,9.12990E+03,29.7,0.0,0.001,0.0,0.0,12990,25.634712806431136,491.1601676713088,0.0,62.08688422365413,0.0,2.404905425067553,0.016628559551029
7,9.12785E+03,35.7,0.0,0.0,0.0,0.0,12785,32.66128311418672,710.7400128117587,0.0,29.085507929915455,7.052098805409095,0.52021371702908,0.002815771134123
8,9.12233E+03,24.9,0.0,0.0,0.0,0.0,12233,30.18670878130093,625.6174932132689,0.0,77.79175586895907,0.0,0.680512333826246,0.0
9,9.19228E+03,35.7,0.0,0.0,0.0,0.0,19228,34.36246307511638,820.1150807395272,0.0,77.95459864263984,0.0,0.482096887432716,0.000936110461034
10,9.40616E+03,31.8,0.0,0.0,0.0,0.0,40616,29.691034248570336,755.0618521292485,0.0,67.4080294979237,0.0,0.742766228068233,0.010636270568996
11,9.16266E+03,34.2,0.0,0.0,0.0,0.0,16266,40.77669054742595,504.2856249654181,0.0,78.59071543185968,0.0,1.397665025175676,2.174514469097549
12,9.51207E+02,35.3,0.0,0.001,0.0,0.0,5121,33.58702833654999,483.4569660966308,0.0,80.6404555600471,0.0,2.052832311018156,0.147635200449936
13,9.22301E+03,33.1,0.0,0.0,0.0,0.0,22301,30.845331735862043,532.8902390791981,0.0,74.23037807122333,0.0,1.298308203919544,0.489539276143739
14,9.43711E+02,55.5,0.019,0.035,0.008,0.007,4371,12.39272077109365,134.60869296656236,15.959067698896392,33.112337341459394,0.0,42.79978586723769,0.422088618020096
15,9.87316E+02,38.4,0.006,0.014,0.003,0.001,8732,15.22976270305725,284.5455482487786,29.212104970211712,36.40973839905997,0.0,6.252447999340329,5.949411449421756
16,9.70627E+02,55.5,0.009,0.02,0.005,0.006,7063,4.208287025399914,72.89904936666922,42.26240538267452,0.0,0.0,26.963070571144584,0.047149374315059
17,9.35018E+03,28.1,0.001,0.002,0.001,0.001,35018,19.152642394642903,261.0541831153878,15.664322723908215,36.570133234641006,0.0,9.855868081256682,0.462620281273131
18,9.17507E+03,68.1,0.028,0.044,0.01,0.002,17507,27.858034110475717,391.41686244068944,13.32617066011402,57.47942445007634,0.0,3.693574670868311,1.801292365584211
19,9.35436E+03,71.6,0.02,0.033,0.007,0.001,35436,26.41756080268095,438.7000619717165,10.191553559817946,39.18237971391417,0.0,2.672657265929779,0.853634996749025
20,9.11300E+03,55.5,0.0,0.001,0.0,0.002,11300,32.057487961659845,489.7347021671432,0.0,70.59901080784027,0.0,7.1346081859235255,1.642281991446116
21,9.20005E+03,55.5,0.011,0.02,0.004,0.002,20005,25.025608937481863,330.604511386437,23.11838115546918,47.699318883220414,0.0,9.60086736667836,0.116068777498853
22,9.19905E+03,21.9,0.0,0.001,0.0,0.0,19905,26.86646520042202,412.7586980209883,11.108599228651132,41.351714284422464,0.0,3.86171785631932,1.5580704522744848
23,9.24503E+03,48.7,0.0,0.0,0.0,0.0,24502,34.75216078793627,721.3639816345271,0.0,74.36914600550963,0.0,0.606795224977044,0.01505968778696
24,9.12981E+03,38.4,0.002,0.005,0.001,0.0,12981,24.182426273681894,396.8857235957237,11.458145564969008,64.65217210443849,0.0,1.911424173934746,1.562001691648526
25,9.28206E+03,21.1,0.0,0.0,0.0,0.0,28206,32.08664439145956,629.6594161510898,3.73863683500158,30.325491459877536,0.0,1.154424175901316,0.066368222384597
26,9.14931E+03,35.2,0.003,0.007,0.001,0.0,14931,19.678815390948746,307.2944147749876,8.013164398259214,50.06811250015069,0.0,5.168111294619716,0.074140155031284
27,9.37620E+00,31.7,0.009,0.021,0.004,0.0,38,4.463205406326426,28.258373205741627,0.239234449760766,0.0,0.0,0.0,0.0
28,9.76990E+02,33.9,0.003,0.011,0.003,0.003,7699,2.927109847097829,33.73128448517722,38.02370709810156,0.0,0.0,39.22192088282053,8.569858786121761
29,9.10083E+03,35.5,0.001,0.003,0.001,0.004,10083,2.568417997307553,54.73326549375608,37.75718787099769,0.0,0.0,34.11973685385034,6.057360147818868
30,9.31632E+02,38.5,0.002,0.007,0.002,0.004,3163,2.552870526126334,40.06285031439384,46.60710729222978,0.0,0.0,33.90901072637779,2.728540131447918
31,9.28342E+03,32.4,0.009,0.026,0.005,0.003,28342,4.410624211260036,52.966508316556265,40.11380884940015,0.0,0.0,22.40992778980928,0.330566440361495
32,9.37645E+03,32.6,0.001,0.001,0.0,0.001,37645,11.57116200308904,221.8039844314069,8.30739364728721,23.717957913158237,0.0,5.579064641219476,31.17711187296487
1,10.14660E+03,0.1,0.0,0.0,0.0,0.0,14660,27.435247076317104,562.4830869533188,0.0,74.97482994867765,0.0,1.028288682071556,0.0509540063354859
2,10.81630E+00,0.0,0.0,0.0,0.0,0.0,82,12.954862920778917,339.04961411245864,41.12458654906284,34.619625137816975,0.0,16.5380374862183,0.0
3,10.50535E+02,0.0,0.0,0.0,0.0,0.0,5054,41.958584091155615,641.3518076580588,0.0,68.74977738201247,0.0,0.309884238646482,0.003561887800534
4,10.38595E+03,0.1,0.0,0.0,0.0,0.0,38595,35.874289922904694,809.4428144354899,0.0,64.04792552794568,0.0,0.282628162077457,0.665528691888665
5,10.26874E+03,0.0,0.0,0.0,0.0,0.0,26874,31.515515664452156,814.6438522696067,0.0,70.19102606179545,0.0,0.517752965525554,0.00971205433392
6,10.12990E+03,0.0,0.0,0.0,0.0,0.0,12990,25.634712806431136,491.1601676713088,0.0,62.08688422365413,0.0,2.404905425067553,0.016628559551029
7,10.12785E+03,0.2,0.0,0.0,0.0,0.0,12785,32.66128311418672,710.7400128117587,0.0,29.085507929915455,7.052098805409095,0.52021371702908,0.002815771134123
8,10.12233E+03,0.0,0.0,0.0,0.0,0.0,12233,30.18670878130093,625.6174932132689,0.0,77.79175586895907,0.0,0.680512333826246,0.0
9,10.19228E+03,0.2,0.0,0.0,0.0,0.0,19228,34.36246307511638,820.1150807395272,0.0,77.95459864263984,0.0,0.482096887432716,0.000936110461034
10,10.40616E+03,0.2,0.0,0.0,0.0,0.0,40616,29.691034248570336,755.0618521292485,0.0,67.4080294979237,0.0,0.742766228068233,0.010636270568996
11,10.16266E+03,0.0,0.0,0.0,0.0,0.0,16266,40.77669054742595,504.2856249654181,0.0,78.59071543185968,0.0,1.397665025175676,2.174514469097549
12,10.51207E+02,0.0,0.0,0.0,0.0,0.0,5121,33.58702833654999,483.4569660966308,0.0,80.6404555600471,0.0,2.052832311018156,0.147635200449936
13,10.22301E+03,0.0,0.0,0.0,0.0,0.0,22301,30.845331735862043,532.8902390791981,0.0,74.23037807122333,0.0,1.298308203919544,0.489539276143739
14,10.43711E+02,0.0,0.0,0.0,0.0,0.0,4371,12.39272077109365,134.60869296656236,15.959067698896392,33.112337341459394,0.0,42.79978586723769,0.422088618020096
15,10.87316E+02,0.0,0.0,0.0,0.0,0.0,8732,15.22976270305725,284.5455482487786,29.212104970211712,36.40973839905997,0.0,6.252447999340329,5.949411449421756
16,10.70627E+02,0.0,0.0,0.0,0.0,0.0,7063,4.208287025399914,72.89904936666922,42.26240538267452,0.0,0.0,26.963070571144584,0.047149374315059
17,10.35018E+03,0.0,0.0,0.0,0.0,0.0,35018,19.152642394642903,261.0541831153878,15.664322723908215,36.570133234641006,0.0,9.855868081256682,0.462620281273131
18,10.17507E+03,0.0,0.0,0.0,0.0,0.0,17507,27.858034110475717,391.41686244068944,13.32617066011402,57.47942445007634,0.0,3.693574670868311,1.801292365584211
19,10.35436E+03,0.0,0.0,0.0,0.0,0.0,35436,26.41756080268095,438.7000619717165,10.191553559817946,39.18237971391417,0.0,2.672657265929779,0.853634996749025
20,10.11300E+03,0.0,0.0,0.0,0.0,0.0,11300,32.057487961659845,489.7347021671432,0.0,70.59901080784027,0.0,7.1346081859235255,1.642281991446116
21,10.20005E+03,0.0,0.0,0.0,0.0,0.0,20005,25.025608937481863,330.604511386437,23.11838115546918,47.699318883220414,0.0,9.60086736667836,0.116068777498853
22,10.19905E+03,0.0,0.0,0.0,0.0,0.0,19905,26.86646520042202,412.7586980209883,11.108599228651132,41.351714284422464,0.0,3.86171785631932,1.5580704522744848
23,10.24503E+03,0.0,0.0,0.0,0.0,0.0,24502,34.75216078793627,721.3639816345271,0.0,74.36914600550963,0.0,0.606795224977044,0.01505968778696
24,10.12981E+03,0.0,0.0,0.0,0.0,0.0,12981,24.182426273681894,396.8857235957237,11.458145564969008,64.65217210443849,0.0,1.911424173934746,1.562001691648526
25,10.28206E+03,0.0,0.0,0.0,0.0,0.0,28206,32.08664439145956,629.6594161510898,3.73863683500158,30.325491459877536,0.0,1.154424175901316,0.066368222384597
26,10.14931E+03,0.0,0.0,0.0,0.0,0.0,14931,19.678815390948746,307.2944147749876,8.013164398259214,50.06811250015069,0.0,5.168111294619716,0.074140155031284
27,10.37620E+00,0.0,0.0,0.0,0.0,0.0,38,4.463205406326426,28.258373205741627,0.239234449760766,0.0,0.0,0.0,0.0
28,10.76990E+02,0.0,0.0,0.0,0.0,0.0,7699,2.927109847097829,33.73128448517722,38.02370709810156,0.0,0.0,39.22192088282053,8.569858786121761
29,10.10083E+03,0.0,0.0,0.0,0.0,0.0,10083,2.568417997307553,54.73326549375608,37.75718787099769,0.0,0.0,34.11973685385034,6.057360147818868
30,10.31632E+02,0.0,0.0,0.0,0.0,0.0,3163,2.552870526126334,40.06285031439384,46.60710729222978,0.0,0.0,33.90901072637779,2.728540131447918
31,10.28342E+03,0.0,0.0,0.0,0.0,0.0,28342,4.410624211260036,52.966508316556265,40.11380884940015,0.0,0.0,22.40992778980928,0.330566440361495
32,10.37645E+03,0.0,0.0,0.0,0.0,0.0,37645,11.57116200308904,221.8039844314069,8.30739364728721,23.717957913158237,0.0,5.579064641219476,31.17711187296487
1,11.14660E+03,0.0,0.0,0.0,0.0,0.0,14660,27.435247076317104,562.4830869533188,0.0,74.97482994867765,0.0,1.028288682071556,0.0509540063354859
2,11.81630E+00,0.0,0.0,0.0,0.0,0.0,82,12.954862920778917,339.04961411245864,41.12458654906284,34.619625137816975,0.0,16.5380374862183,0.0
3,11.50535E+02,0.0,0.0,0.0,0.0,0.0,5054,41.958584091155615,641.3518076580588,0.0,68.74977738201247,0.0,0.309884238646482,0.003561887800534
4,11.38595E+03,0.0,0.0,0.0,0.0,0.0,38595,35.874289922904694,809.4428144354899,0.0,64.04792552794568,0.0,0.282628162077457,0.665528691888665
5,11.26874E+03,0.0,0.0,0.0,0.0,0.0,26874,31.515515664452156,814.6438522696067,0.0,70.19102606179545,0.0,0.517752965525554,0.00971205433392
6,11.12990E+03,0.0,0.0,0.0,0.0,0.0,12990,25.634712806431136,491.1601676713088,0.0,62.08688422365413,0.0,2.404905425067553,0.016628559551029
7,11.12785E+03,0.0,0.0,0.0,0.0,0.0,12785,32.66128311418672,710.7400128117587,0.0,29.085507929915455,7.052098805409095,0.52021371702908,0.002815771134123
8,11.12233E+03,0.0,0.0,0.0,0.0,0.0,12233,30.18670878130093,625.6174932132689,0.0,77.79175586895907,0.0,0.680512333826246,0.0
9,11.19228E+03,0.0,0.0,0.0,0.0,0.0,19228,34.36246307511638,820.1150807395272,0.0,77.95459864263984,0.0,0.482096887432716,0.000936110461034
10,11.40616E+03,0.0,0.0,0.0,0.0,0.0,40616,29.691034248570336,755.0618521292485,0.0,67.4080294979237,0.0,0.742766228068233,0.010636270568996
11,11.16266E+03,0.0,0.0,0.0,0.0,0.0,16266,40.77669054742595,504.2856249654181,0.0,78.59071543185968,0.0,1.397665025175676,2.174514469097549
12,11.51207E+02,0.0,0.0,0.0,0.0,0.0,5121,33.58702833654999,483.4569660966308,0.0,80.6404555600471,0.0,2.052832311018156,0.147635200449936
13,11.22301E+03,0.0,0.0,0.0,0.0,0.0,22301,30.845331735862043,532.8902390791981,0.0,74.23037807122333,0.0,1.298308203919544,0.489539276143739
14,11.43711E+02,0.0,0.0,0.0,0.0,0.0,4371,12.39272077109365,134.60869296656236,15.959067698896392,33.112337341459394,0.0,42.79978586723769,0.422088618020096
15,11.87316E+02,0.0,0.0,0.0,0.0,0.0,8732,15.22976270305725,284.5455482487786,29.212104970211712,36.40973839905997,0.0,6.252447999340329,5.949411449421756
16,11.70627E+02,0.0,0.0,0.0,0.0,0.0,7063,4.208287025399914,72.89904936666922,42.26240538267452,0.0,0.0,26.963070571144584,0.047149374315059
17,11.35018E+03,0.0,0.0,0.0,0.0,0.0,35018,19.152642394642903,261.0541831153878,15.664322723908215,36.570133234641006,0.0,9.855868081256682,0.462620281273131
18,11.17507E+03,0.0,0.0,0.0,0.0,0.0,17507,27.858034110475717,391.41686244068944,13.32617066011402,57.47942445007634,0.0,3.693574670868311,1.801292365584211
19,11.35436E+03,0.0,0.0,0.0,0.0,0.0,35436,26.41756080268095,438.7000619717165,10.191553559817946,39.18237971391417,0.0,2.672657265929779,0.853634996749025
20,11.11300E+03,0.0,0.0,0.0,0.0,0.0,11300,32.057487961659845,489.7347021671432,0.0,70.59901080784027,0.0,7.1346081859235255,1.642281991446116
21,11.20005E+03,0.0,0.0,0.0,0.0,0.0,20005,25.025608937481863,330.604511386437,23.11838115546918,47.699318883220414,0.0,9.60086736667836,0.116068777498853
22,11.19905E+03,0.0,0.0,0.0,0.0,0.0,19905,26.86646520042202,412.7586980209883,11.108599228651132,41.351714284422464,0.0,3.86171785631932,1.5580704522744848
23,11.24503E+03,0.0,0.0,0.0,0.0,0.0,24502,34.75216078793627,721.3639816345271,0.0,74.36914600550963,0.0,0.606795224977044,0.01505968778696
24,11.12981E+03,0.0,0.0,0.0,0.0,0.0,12981,24.182426273681894,396.8857235957237,11.458145564969008,64.65217210443849,0.0,1.911424173934746,1.562001691648526
25,11.28206E+03,0.0,0.0,0.0,0.0,0.0,28206,32.08664439145956,629.6594161510898,3.73863683500158,30.325491459877536,0.0,1.154424175901316,0.066368222384597
26,11.14931E+03,0.0,0.0,0.0,0.0,0.0,14931,19.678815390948746,307.2944147749876,8.013164398259214,50.06811250015069,0.0,5.168111294619716,0.074140155031284
27,11.37620E+00,0.0,0.0,0.0,0.0,0.0,38,4.463205406326426,28.258373205741627,0.239234449760766,0.0,0.0,0.0,0.0
28,11.76990E+02,0.0,0.0,0.0,0.0,0.0,7699,2.927109847097829,33.73128448517722,38.02370709810156,0.0,0.0,39.22192088282053,8.569858786121761
29,11.10083E+03,0.0,0.0,0.0,0.0,0.0,10083,2.568417997307553,54.73326549375608,37.75718787099769,0.0,0.0,34.11973685385034,6.057360147818868
30,11.31632E+02,0.0,0.0,0.0,0.0,0.0,3163,2.552870526126334,40.06285031439384,46.60710729222978,0.0,0.0,33.90901072637779,2.728540131447918
31,11.28342E+03,0.0,0.0,0.0,0.0,0.0,28342,4.410624211260036,52.966508316556265,40.11380884940015,0.0,0.0,22.40992778980928,0.330566440361495
32,11.37645E+03,0.0,0.0,0.0,0.0,0.0,37645,11.57116200308904,221.8039844314069,8.30739364728721,23.717957913158237,0.0,5.579064641219476,31.17711187296487
1,12.14660E+03,0.0,0.0,0.0,0.0,0.0,14660,27.435247076317104,562.4830869533188,0.0,74.97482994867765,0.0,1.028288682071556,0.0509540063354859
2,12.81630E+00,0.0,0.0,0.0,0.0,0.0,82,12.954862920778917,339.04961411245864,41.12458654906284,34.619625137816975,0.0,16.5380374862183,0.0
3,12.50535E+02,0.0,0.0,0.0,0.0,0.0,5054,41.958584091155615,641.3518076580588,0.0,68.74977738201247,0.0,0.309884238646482,0.003561887800534
4,12.38595E+03,0.0,0.0,0.0,0.0,0.0,38595,35.874289922904694,809.4428144354899,0.0,64.04792552794568,0.0,0.282628162077457,0.665528691888665
5,12.26874E+03,0.0,0.0,0.0,0.0,0.0,26874,31.515515664452156,814.6438522696067,0.0,70.19102606179545,0.0,0.517752965525554,0.00971205433392
6,12.12990E+03,0.0,0.0,0.0,0.0,0.0,12990,25.634712806431136,491.1601676713088,0.0,62.08688422365413,0.0,2.404905425067553,0.016628559551029
7,12.12785E+03,0.0,0.0,0.0,0.0,0.0,12785,32.66128311418672,710.7400128117587,0.0,29.085507929915455,7.052098805409095,0.52021371702908,0.002815771134123
8,12.12233E+03,0.0,0.0,0.0,0.0,0.0,12233,30.18670878130093,625.6174932132689,0.0,77.79175586895907,0.0,0.680512333826246,0.0
9,12.19228E+03,0.0,0.0,0.0,0.0,0.0,19228,34.36246307511638,820.1150807395272,0.0,77.95459864263984,0.0,0.482096887432716,0.000936110461034
10,12.40616E+03,0.0,0.0,0.0,0.0,0.0,40616,29.691034248570336,755.0618521292485,0.0,67.4080294979237,0.0,0.742766228068233,0.010636270568996
11,12.16266E+03,0.0,0.0,0.0,0.0,0.0,16266,40.77669054742595,504.2856249654181,0.0,78.59071543185968,0.0,1.397665025175676,2.174514469097549
12,12.51207E+02,0.0,0.0,0.0,0.0,0.0,5121,33.58702833654999,483.4569660966308,0.0,80.6404555600471,0.0,2.052832311018156,0.147635200449936
13,12.22301E+03,0.0,0.0,0.0,0.0,0.0,22301,30.845331735862043,532.8902390791981,0.0,74.23037807122333,0.0,1.298308203919544,0.489539276143739
14,12.43711E+02,0.0,0.0,0.0,0.0,0.0,4371,12.39272077109365,134.60869296656236,15.959067698896392,33.112337341459394,0.0,42.79978586723769,0.422088618020096
15,12.87316E+02,0.2,0.0,0.0,0.0,0.0,8732,15.22976270305725,284.5455482487786,29.212104970211712,36.40973839905997,0.0,6.252447999340329,5.949411449421756
16,12.70627E+02,0.0,0.0,0.0,0.0,0.0,7063,4.208287025399914,72.89904936666922,42.26240538267452,0.0,0.0,26.963070571144584,0.047149374315059
17,12.35018E+03,0.0,0.0,0.0,0.0,0.0,35018,19.152642394642903,261.0541831153878,15.664322723908215,36.570133234641006,0.0,9.855868081256682,0.462620281273131
18,12.17507E+03,0.0,0.0,0.0,0.0,0.0,17507,27.858034110475717,391.41686244068944,13.32617066011402,57.47942445007634,0.0,3.693574670868311,1.801292365584211
19,12.35436E+03,0.0,0.0,0.0,0.0,0.0,35436,26.41756080268095,438.7000619717165,10.191553559817946,39.18237971391417,0.0,2.672657265929779,0.853634996749025
20,12.11300E+03,0.0,0.0,0.0,0.0,0.0,11300,32.057487961659845,489.7347021671432,0.0,70.59901080784027,0.0,7.1346081859235255,1.642281991446116
21,12.20005E+03,0.0,0.0,0.0,0.0,0.0,20005,25.025608937481863,330.604511386437,23.11838115546918,47.699318883220414,0.0,9.60086736667836,0.116068777498853
22,12.19905E+03,0.0,0.0,0.0,0.0,0.0,19905,26.86646520042202,412.7586980209883,11.108599228651132,41.351714284422464,0.0,3.86171785631932,1.5580704522744848
23,12.24503E+03,0.0,0.0,0.0,0.0,0.0,24502,34.75216078793627,721.3639816345271,0.0,74.36914600550963,0.0,0.606795224977044,0.01505968778696
24,12.12981E+03,0.2,0.0,0.0,0.0,0.0,12981,24.182426273681894,396.8857235957237,11.458145564969008,64.65217210443849,0.0,1.911424173934746,1.562001691648526
25,12.28206E+03,0.2,0.0,0.0,0.0,0.0,28206,32.08664439145956,629.6594161510898,3.73863683500158,30.325491459877536,0.0,1.154424175901316,0.066368222384597
26,12.14931E+03,0.2,0.0,0.0,0.0,0.0,14931,19.678815390948746,307.2944147749876,8.013164398259214,50.06811250015069,0.0,5.168111294619716,0.074140155031284
27,12.37620E+00,0.0,0.0,0.0,0.0,0.0,38,4.463205406326426,28.258373205741627,0.239234449760766,0.0,0.0,0.0,0.0
28,12.76990E+02,0.0,0.0,0.0,0.0,0.0,7699,2.927109847097829,33.73128448517722,38.02370709810156,0.0,0.0,39.22192088282053,8.569858786121761
29,12.10083E+03,0.0,0.0,0.0,0.0,0.0,10083,2.568417997307553,54.73326549375608,37.75718787099769,0.0,0.0,34.11973685385034,6.057360147818868
30,12.31632E+02,0.0,0.0,0.0,0.0,0.0,3163,2.552870526126334,40.06285031439384,46.60710729222978,0.0,0.0,33.90901072637779,2.728540131447918
31,12.28342E+03,0.0,0.0,0.0,0.0,0.0,28342,4.410624211260036,52.966508316556265,40.11380884940015,0.0,0.0,22.40992778980928,0.330566440361495
32,12.37645E+03,0.1,0.0,0.0,0.0,0.0,37645,11.57116200308904,221.8039844314069,8.30739364728721,23.717957913158237,0.0,5.579064641219476,31.17711187296487
1,2018.14660E+03,285.8,0.0,0.004,0.001,0.001,14660,27.435247076317104,562.4830869533188,0.0,74.97482994867765,0.0,1.028288682071556,0.0509540063354859
2,2018.81630E+00,371.2,0.032,0.207,0.028,0.017,82,12.954862920778917,339.04961411245864,41.12458654906284,34.619625137816975,0.0,16.5380374862183,0.0
3,2018.50535E+02,371.2,0.0,0.005,0.0,0.001,5054,41.958584091155615,641.3518076580588,0.0,68.74977738201247,0.0,0.309884238646482,0.003561887800534
4,2018.38595E+03,337.5,0.0,0.002,0.0,0.0,38595,35.874289922904694,809.4428144354899,0.0,64.04792552794568,0.0,0.282628162077457,0.665528691888665
5,2018.26874E+03,521.1,0.002,0.007,0.001,0.009,26874,31.515515664452156,814.6438522696067,0.0,70.19102606179545,0.0,0.517752965525554,0.00971205433392
6,2018.12990E+03,294.9,0.001,0.006,0.001,0.001,12990,25.634712806431136,491.1601676713088,0.0,62.08688422365413,0.0,2.404905425067553,0.016628559551029
7,2018.12785E+03,260.9,0.001,0.004,0.001,0.0,12785,32.66128311418672,710.7400128117587,0.0,29.085507929915455,7.052098805409095,0.52021371702908,0.002815771134123
8,2018.12233E+03,348.8,0.001,0.006,0.001,0.003,12233,30.18670878130093,625.6174932132689,0.0,77.79175586895907,0.0,0.680512333826246,0.0
9,2018.19228E+03,260.9,0.0,0.001,0.0,0.0,19228,34.36246307511638,820.1150807395272,0.0,77.95459864263984,0.0,0.482096887432716,0.000936110461034
10,2018.40616E+03,248.2,0.0,0.002,0.0,0.0,40616,29.691034248570336,755.0618521292485,0.0,67.4080294979237,0.0,0.742766228068233,0.010636270568996
11,2018.16266E+03,539.8,0.003,0.011,0.002,0.013,16266,40.77669054742595,504.2856249654181,0.0,78.59071543185968,0.0,1.397665025175676,2.174514469097549
12,2018.51207E+02,450.5,0.001,0.012,0.002,0.004,5121,33.58702833654999,483.4569660966308,0.0,80.6404555600471,0.0,2.052832311018156,0.147635200449936
13,2018.22301E+03,578.3,0.005,0.015,0.003,0.023,22301,30.845331735862043,532.8902390791981,0.0,74.23037807122333,0.0,1.298308203919544,0.489539276143739
14,2018.43711E+02,672.6,0.446,0.968,0.215,0.162,4371,12.39272077109365,134.60869296656236,15.959067698896392,33.112337341459394,0.0,42.79978586723769,0.422088618020096
15,2018.87316E+02,608.2,0.729,1.711,0.393,0.06,8732,15.22976270305725,284.5455482487786,29.212104970211712,36.40973839905997,0.0,6.252447999340329,5.949411449421756
16,2018.70627E+02,672.6,0.333,0.841,0.194,0.145,7063,4.208287025399914,72.89904936666922,42.26240538267452,0.0,0.0,26.963070571144584,0.047149374315059
17,2018.35018E+03,576.1,0.539,1.06,0.254,0.072,35018,19.152642394642903,261.0541831153878,15.664322723908215,36.570133234641006,0.0,9.855868081256682,0.462620281273131
18,2018.17507E+03,671.3,0.374,0.724,0.165,0.033,17507,27.858034110475717,391.41686244068944,13.32617066011402,57.47942445007634,0.0,3.693574670868311,1.801292365584211
19,2018.35436E+03,572.6,0.181,0.298,0.068,0.009,35436,26.41756080268095,438.7000619717165,10.191553559817946,39.18237971391417,0.0,2.672657265929779,0.853634996749025
20,2018.11300E+03,672.6,0.007,0.024,0.007,0.051,11300,32.057487961659845,489.7347021671432,0.0,70.59901080784027,0.0,7.1346081859235255,1.642281991446116
21,2018.20005E+03,672.6,0.349,0.693,0.154,0.065,20005,25.025608937481863,330.604511386437,23.11838115546918,47.699318883220414,0.0,9.60086736667836,0.116068777498853
22,2018.19905E+03,513.4,0.469,0.901,0.217,0.039,19905,26.86646520042202,412.7586980209883,11.108599228651132,41.351714284422464,0.0,3.86171785631932,1.5580704522744848
23,2018.24503E+03,724.8,0.009,0.019,0.003,0.043,24502,34.75216078793627,721.3639816345271,0.0,74.36914600550963,0.0,0.606795224977044,0.01505968778696
24,2018.12981E+03,608.2,0.316,0.7,0.162,0.036,12981,24.182426273681894,396.8857235957237,11.458145564969008,64.65217210443849,0.0,1.911424173934746,1.562001691648526
25,2018.28206E+03,461.2,0.438,0.811,0.17,0.031,28206,32.08664439145956,629.6594161510898,3.73863683500158,30.325491459877536,0.0,1.154424175901316,0.066368222384597
26,2018.14931E+03,513.2,0.362,0.755,0.156,0.037,14931,19.678815390948746,307.2944147749876,8.013164398259214,50.06811250015069,0.0,5.168111294619716,0.074140155031284
27,2018.37620E+00,551.3,1.007,2.355,0.456,0.02,38,4.463205406326426,28.258373205741627,0.239234449760766,0.0,0.0,0.0,0.0
28,2018.76990E+02,596.2,0.241,0.762,0.155,0.141,7699,2.927109847097829,33.73128448517722,38.02370709810156,0.0,0.0,39.22192088282053,8.569858786121761
29,2018.10083E+03,593.2,0.138,0.384,0.087,0.136,10083,2.568417997307553,54.73326549375608,37.75718787099769,0.0,0.0,34.11973685385034,6.057360147818868
30,2018.31632E+02,617.8,0.2,0.54,0.115,0.139,3163,2.552870526126334,40.06285031439384,46.60710729222978,0.0,0.0,33.90901072637779,2.728540131447918
31,2018.28342E+03,577.8,0.383,1.272,0.237,0.11,28342,4.410624211260036,52.966508316556265,40.11380884940015,0.0,0.0,22.40992778980928,0.330566440361495
32,2018.37645E+03,615.2,0.412,0.698,0.157,0.044,37645,11.57116200308904,221.8039844314069,8.30739364728721,23.717957913158237,0.0,5.579064641219476,31.17711187296487
1,1.14660E+03,1.0,0.0,0.0,0.0,0.0,14660,27.435247076317104,562.4830869533188,0.0,74.97482994867765,0.0,1.028288682071556,0.0509540063354859
2,1.81630E+00,0.8,0.0,0.0,0.0,0.0,82,12.954862920778917,339.04961411245864,41.12458654906284,34.619625137816975,0.0,16.5380374862183,0.0
3,1.50535E+02,0.8,0.0,0.0,0.0,0.0,5054,41.958584091155615,641.3518076580588,0.0,68.74977738201247,0.0,0.309884238646482,0.003561887800534
4,1.38595E+03,1.1,0.0,0.0,0.0,0.0,38595,35.874289922904694,809.4428144354899,0.0,64.04792552794568,0.0,0.282628162077457,0.665528691888665
5,1.26874E+03,0.5,0.0,0.0,0.0,0.0,26874,31.515515664452156,814.6438522696067,0.0,70.19102606179545,0.0,0.517752965525554,0.00971205433392
6,1.12990E+03,0.9,0.0,0.0,0.0,0.0,12990,25.634712806431136,491.1601676713088,0.0,62.08688422365413,0.0,2.404905425067553,0.016628559551029
7,1.12785E+03,1.2,0.0,0.0,0.0,0.0,12785,32.66128311418672,710.7400128117587,0.0,29.085507929915455,7.052098805409095,0.52021371702908,0.002815771134123
8,1.12233E+03,0.6,0.0,0.0,0.0,0.0,12233,30.18670878130093,625.6174932132689,0.0,77.79175586895907,0.0,0.680512333826246,0.0
9,1.19228E+03,1.2,0.0,0.0,0.0,0.0,19228,34.36246307511638,820.1150807395272,0.0,77.95459864263984,0.0,0.482096887432716,0.000936110461034
10,1.40616E+03,0.9,0.0,0.0,0.0,0.0,40616,29.691034248570336,755.0618521292485,0.0,67.4080294979237,0.0,0.742766228068233,0.010636270568996
11,1.16266E+03,0.7,0.0,0.0,0.0,0.0,16266,40.77669054742595,504.2856249654181,0.0,78.59071543185968,0.0,1.397665025175676,2.174514469097549
12,1.51207E+02,0.7,0.0,0.0,0.0,0.0,5121,33.58702833654999,483.4569660966308,0.0,80.6404555600471,0.0,2.052832311018156,0.147635200449936
13,1.22301E+03,0.5,0.0,0.0,0.0,0.0,22301,30.845331735862043,532.8902390791981,0.0,74.23037807122333,0.0,1.298308203919544,0.489539276143739
14,1.43711E+02,0.2,0.0,0.0,0.0,0.0,4371,12.39272077109365,134.60869296656236,15.959067698896392,33.112337341459394,0.0,42.79978586723769,0.422088618020096
15,1.87316E+02,0.5,0.0,0.0,0.0,0.0,8732,15.22976270305725,284.5455482487786,29.212104970211712,36.40973839905997,0.0,6.252447999340329,5.949411449421756
16,1.70627E+02,0.2,0.0,0.0,0.0,0.0,7063,4.208287025399914,72.89904936666922,42.26240538267452,0.0,0.0,26.963070571144584,0.047149374315059
17,1.35018E+03,0.4,0.0,0.0,0.0,0.0,35018,19.152642394642903,261.0541831153878,15.664322723908215,36.570133234641006,0.0,9.855868081256682,0.462620281273131
18,1.17507E+03,0.2,0.0,0.0,0.0,0.0,17507,27.858034110475717,391.41686244068944,13.32617066011402,57.47942445007634,0.0,3.693574670868311,1.801292365584211
19,1.35436E+03,0.3,0.0,0.0,0.0,0.0,35436,26.41756080268095,438.7000619717165,10.191553559817946,39.18237971391417,0.0,2.672657265929779,0.853634996749025
20,1.11300E+03,0.2,0.0,0.0,0.0,0.0,11300,32.057487961659845,489.7347021671432,0.0,70.59901080784027,0.0,7.1346081859235255,1.642281991446116
21,1.20005E+03,0.2,0.0,0.0,0.0,0.0,20005,25.025608937481863,330.604511386437,23.11838115546918,47.699318883220414,0.0,9.60086736667836,0.116068777498853
22,1.19905E+03,0.7,0.0,0.0,0.0,0.0,19905,26.86646520042202,412.7586980209883,11.108599228651132,41.351714284422464,0.0,3.86171785631932,1.5580704522744848
23,1.24503E+03,0.4,0.0,0.0,0.0,0.0,24502,34.75216078793627,721.3639816345271,0.0,74.36914600550963,0.0,0.606795224977044,0.01505968778696
24,1.12981E+03,0.5,0.0,0.0,0.0,0.0,12981,24.182426273681894,396.8857235957237,11.458145564969008,64.65217210443849,0.0,1.911424173934746,1.562001691648526
25,1.28206E+03,0.8,0.0,0.0,0.0,0.0,28206,32.08664439145956,629.6594161510898,3.73863683500158,30.325491459877536,0.0,1.154424175901316,0.066368222384597
26,1.14931E+03,0.7,0.0,0.0,0.0,0.0,14931,19.678815390948746,307.2944147749876,8.013164398259214,50.06811250015069,0.0,5.168111294619716,0.074140155031284
27,1.37620E+00,0.1,0.0,0.0,0.0,0.0,38,4.463205406326426,28.258373205741627,0.239234449760766,0.0,0.0,0.0,0.0
28,1.76990E+02,0.1,0.0,0.0,0.0,0.0,7699,2.927109847097829,33.73128448517722,38.02370709810156,0.0,0.0,39.22192088282053,8.569858786121761
29,1.10083E+03,0.1,0.0,0.0,0.0,0.0,10083,2.568417997307553,54.73326549375608,37.75718787099769,0.0,0.0,34.11973685385034,6.057360147818868
30,1.31632E+02,0.1,0.0,0.0,0.0,0.0,3163,2.552870526126334,40.06285031439384,46.60710729222978,0.0,0.0,33.90901072637779,2.728540131447918
31,1.28342E+03,0.1,0.0,0.0,0.0,0.0,28342,4.410624211260036,52.966508316556265,40.11380884940015,0.0,0.0,22.40992778980928,0.330566440361495
32,1.37645E+03,0.3,0.0,0.0,0.0,0.0,37645,11.57116200308904,221.8039844314069,8.30739364728721,23.717957913158237,0.0,5.579064641219476,31.17711187296487
1,2.14660E+03,124.4,0.0,0.002,0.0,0.001,14660,27.435247076317104,562.4830869533188,0.0,74.97482994867765,0.0,1.028288682071556,0.0509540063354859
2,2.81630E+00,119.1,0.008,0.073,0.01,0.008,82,12.954862920778917,339.04961411245864,41.12458654906284,34.619625137816975,0.0,16.5380374862183,0.0
3,2.50535E+02,119.1,0.0,0.002,0.0,0.001,5054,41.958584091155615,641.3518076580588,0.0,68.74977738201247,0.0,0.309884238646482,0.003561887800534
4,2.38595E+03,128.4,0.0,0.001,0.0,0.001,38595,35.874289922904694,809.4428144354899,0.0,64.04792552794568,0.0,0.282628162077457,0.665528691888665
5,2.26874E+03,117.2,0.0,0.001,0.0,0.001,26874,31.515515664452156,814.6438522696067,0.0,70.19102606179545,0.0,0.517752965525554,0.00971205433392
6,2.12990E+03,114.8,0.0,0.003,0.001,0.001,12990,25.634712806431136,491.1601676713088,0.0,62.08688422365413,0.0,2.404905425067553,0.016628559551029
7,2.12785E+03,129.0,0.021,0.038,0.005,0.001,12785,32.66128311418672,710.7400128117587,0.0,29.085507929915455,7.052098805409095,0.52021371702908,0.002815771134123
8,2.12233E+03,109.0,0.0,0.002,0.0,0.001,12233,30.18670878130093,625.6174932132689,0.0,77.79175586895907,0.0,0.680512333826246,0.0
9,2.19228E+03,129.0,0.0,0.001,0.0,0.0,19228,34.36246307511638,820.1150807395272,0.0,77.95459864263984,0.0,0.482096887432716,0.000936110461034
10,2.40616E+03,120.6,0.0,0.001,0.0,0.0,40616,29.691034248570336,755.0618521292485,0.0,67.4080294979237,0.0,0.742766228068233,0.010636270568996
11,2.16266E+03,103.5,0.0,0.001,0.0,0.001,16266,40.77669054742595,504.2856249654181,0.0,78.59071543185968,0.0,1.397665025175676,2.174514469097549
12,2.51207E+02,109.5,0.0,0.003,0.001,0.002,5121,33.58702833654999,483.4569660966308,0.0,80.6404555600471,0.0,2.052832311018156,0.147635200449936
13,2.22301E+03,97.5,0.0,0.001,0.0,0.001,22301,30.845331735862043,532.8902390791981,0.0,74.23037807122333,0.0,1.298308203919544,0.489539276143739
14,2.43711E+02,90.1,0.071,0.297,0.063,0.023,4371,12.39272077109365,134.60869296656236,15.959067698896392,33.112337341459394,0.0,42.79978586723769,0.422088618020096
15,2.87316E+02,92.0,0.062,0.165,0.033,0.009,8732,15.22976270305725,284.5455482487786,29.212104970211712,36.40973839905997,0.0,6.252447999340329,5.949411449421756
16,2.70627E+02,90.1,0.035,0.165,0.036,0.023,7063,4.208287025399914,72.89904936666922,42.26240538267452,0.0,0.0,26.963070571144584,0.047149374315059
17,2.35018E+03,75.8,0.016,0.036,0.008,0.005,35018,19.152642394642903,261.0541831153878,15.664322723908215,36.570133234641006,0.0,9.855868081256682,0.462620281273131
18,2.17507E+03,105.5,0.007,0.023,0.005,0.003,17507,27.858034110475717,391.41686244068944,13.32617066011402,57.47942445007634,0.0,3.693574670868311,1.801292365584211
19,2.35436E+03,115.0,0.011,0.036,0.008,0.003,35436,26.41756080268095,438.7000619717165,10.191553559817946,39.18237971391417,0.0,2.672657265929779,0.853634996749025
20,2.11300E+03,90.1,0.0,0.002,0.001,0.004,11300,32.057487961659845,489.7347021671432,0.0,70.59901080784027,0.0,7.1346081859235255,1.642281991446116
21,2.20005E+03,90.1,0.04,0.157,0.034,0.009,20005,25.025608937481863,330.604511386437,23.11838115546918,47.699318883220414,0.0,9.60086736667836,0.116068777498853
22,2.19905E+03,77.0,0.006,0.013,0.003,0.002,19905,26.86646520042202,412.7586980209883,11.108599228651132,41.351714284422464,0.0,3.86171785631932,1.5580704522744848
23,2.24503E+03,96.7,0.0,0.001,0.0,0.0,24502,34.75216078793627,721.3639816345271,0.0,74.36914600550963,0.0,0.606795224977044,0.01505968778696
24,2.12981E+03,92.0,0.024,0.062,0.012,0.004,12981,24.182426273681894,396.8857235957237,11.458145564969008,64.65217210443849,0.0,1.911424173934746,1.562001691648526
25,2.28206E+03,82.8,0.009,0.025,0.005,0.001,28206,32.08664439145956,629.6594161510898,3.73863683500158,30.325491459877536,0.0,1.154424175901316,0.066368222384597
26,2.14931E+03,85.8,0.061,0.238,0.046,0.006,14931,19.678815390948746,307.2944147749876,8.013164398259214,50.06811250015069,0.0,5.168111294619716,0.074140155031284
27,2.37620E+00,51.7,0.085,0.304,0.063,0.013,38,4.463205406326426,28.258373205741627,0.239234449760766,0.0,0.0,0.0,0.0
28,2.76990E+02,70.5,0.036,0.164,0.032,0.021,7699,2.927109847097829,33.73128448517722,38.02370709810156,0.0,0.0,39.22192088282053,8.569858786121761
29,2.10083E+03,77.8,0.004,0.015,0.004,0.016,10083,2.568417997307553,54.73326549375608,37.75718787099769,0.0,0.0,34.11973685385034,6.057360147818868
30,2.31632E+02,81.4,0.025,0.11,0.024,0.021,3163,2.552870526126334,40.06285031439384,46.60710729222978,0.0,0.0,33.90901072637779,2.728540131447918
31,2.28342E+03,67.6,0.054,0.228,0.045,0.018,28342,4.410624211260036,52.966508316556265,40.11380884940015,0.0,0.0,22.40992778980928,0.330566440361495
32,2.37645E+03,85.9,0.025,0.073,0.014,0.005,37645,11.57116200308904,221.8039844314069,8.30739364728721,23.717957913158237,0.0,5.579064641219476,31.17711187296487
1,3.14660E+03,140.9,0.004,0.008,0.001,0.007,14660,27.435247076317104,562.4830869533188,0.0,74.97482994867765,0.0,1.028288682071556,0.0509540063354859
2,3.81630E+00,144.9,0.179,0.598,0.116,0.038,82,12.954862920778917,339.04961411245864,41.12458654906284,34.619625137816975,0.0,16.5380374862183,0.0
3,3.50535E+02,144.9,0.003,0.007,0.001,0.012,5054,41.958584091155615,641.3518076580588,0.0,68.74977738201247,0.0,0.309884238646482,0.003561887800534
4,3.38595E+03,124.4,0.002,0.005,0.001,0.008,38595,35.874289922904694,809.4428144354899,0.0,64.04792552794568,0.0,0.282628162077457,0.665528691888665
5,3.26874E+03,132.9,0.003,0.006,0.001,0.008,26874,31.515515664452156,814.6438522696067,0.0,70.19102606179545,0.0,0.517752965525554,0.00971205433392
6,3.12990E+03,143.3,0.005,0.011,0.002,0.008,12990,25.634712806431136,491.1601676713088,0.0,62.08688422365413,0.0,2.404905425067553,0.016628559551029
7,3.12785E+03,132.8,0.418,0.472,0.068,0.011,12785,32.66128311418672,710.7400128117587,0.0,29.085507929915455,7.052098805409095,0.52021371702908,0.002815771134123
8,3.12233E+03,131.5,0.005,0.01,0.001,0.008,12233,30.18670878130093,625.6174932132689,0.0,77.79175586895907,0.0,0.680512333826246,0.0
9,3.19228E+03,132.8,0.002,0.005,0.001,0.006,19228,34.36246307511638,820.1150807395272,0.0,77.95459864263984,0.0,0.482096887432716,0.000936110461034
10,3.40616E+03,142.6,0.004,0.009,0.001,0.009,40616,29.691034248570336,755.0618521292485,0.0,67.4080294979237,0.0,0.742766228068233,0.010636270568996
11,3.16266E+03,128.1,0.001,0.003,0.0,0.003,16266,40.77669054742595,504.2856249654181,0.0,78.59071543185968,0.0,1.397665025175676,2.174514469097549
12,3.51207E+02,147.5,0.002,0.005,0.001,0.004,5121,33.58702833654999,483.4569660966308,0.0,80.6404555600471,0.0,2.052832311018156,0.147635200449936
13,3.22301E+03,107.6,0.001,0.002,0.0,0.003,22301,30.845331735862043,532.8902390791981,0.0,74.23037807122333,0.0,1.298308203919544,0.489539276143739
14,3.43711E+02,132.0,0.091,0.23,0.05,0.051,4371,12.39272077109365,134.60869296656236,15.959067698896392,33.112337341459394,0.0,42.79978586723769,0.422088618020096
15,3.87316E+02,96.3,0.088,0.19,0.041,0.01,8732,15.22976270305725,284.5455482487786,29.212104970211712,36.40973839905997,0.0,6.252447999340329,5.949411449421756
16,3.70627E+02,132.0,0.084,0.22,0.05,0.054,7063,4.208287025399914,72.89904936666922,42.26240538267452,0.0,0.0,26.963070571144584,0.047149374315059
17,3.35018E+03,81.2,0.072,0.115,0.027,0.01,35018,19.152642394642903,261.0541831153878,15.664322723908215,36.570133234641006,0.0,9.855868081256682,0.462620281273131
18,3.17507E+03,136.5,0.064,0.156,0.035,0.014,17507,27.858034110475717,391.41686244068944,13.32617066011402,57.47942445007634,0.0,3.693574670868311,1.801292365584211
19,3.35436E+03,131.1,0.038,0.093,0.02,0.007,35436,26.41756080268095,438.7000619717165,10.191553559817946,39.18237971391417,0.0,2.672657265929779,0.853634996749025
20,3.11300E+03,132.0,0.002,0.006,0.002,0.013,11300,32.057487961659845,489.7347021671432,0.0,70.59901080784027,0.0,7.1346081859235255,1.642281991446116
21,3.20005E+03,132.0,0.078,0.17,0.037,0.022,20005,25.025608937481863,330.604511386437,23.11838115546918,47.699318883220414,0.0,9.60086736667836,0.116068777498853
22,3.19905E+03,132.7,0.11,0.201,0.043,0.013,19905,26.86646520042202,412.7586980209883,11.108599228651132,41.351714284422464,0.0,3.86171785631932,1.5580704522744848
23,3.24503E+03,141.9,0.005,0.008,0.001,0.009,24502,34.75216078793627,721.3639816345271,0.0,74.36914600550963,0.0,0.606795224977044,0.01505968778696
24,3.12981E+03,96.3,0.038,0.08,0.017,0.005,12981,24.182426273681894,396.8857235957237,11.458145564969008,64.65217210443849,0.0,1.911424173934746,1.562001691648526
25,3.28206E+03,157.1,0.21,0.494,0.086,0.022,28206,32.08664439145956,629.6594161510898,3.73863683500158,30.325491459877536,0.0,1.154424175901316,0.066368222384597
26,3.14931E+03,134.7,0.08,0.179,0.036,0.018,14931,19.678815390948746,307.2944147749876,8.013164398259214,50.06811250015069,0.0,5.168111294619716,0.074140155031284
27,3.37620E+00,163.1,0.211,0.553,0.112,0.042,38,4.463205406326426,28.258373205741627,0.239234449760766,0.0,0.0,0.0,0.0
28,3.76990E+02,143.8,0.059,0.216,0.043,0.065,7699,2.927109847097829,33.73128448517722,38.02370709810156,0.0,0.0,39.22192088282053,8.569858786121761
29,3.10083E+03,117.2,0.021,0.061,0.014,0.045,10083,2.568417997307553,54.73326549375608,37.75718787099769,0.0,0.0,34.11973685385034,6.057360147818868
30,3.31632E+02,129.6,0.061,0.17,0.035,0.054,3163,2.552870526126334,40.06285031439384,46.60710729222978,0.0,0.0,33.90901072637779,2.728540131447918
31,3.28342E+03,137.6,0.118,0.402,0.077,0.056,28342,4.410624211260036,52.966508316556265,40.11380884940015,0.0,0.0,22.40992778980928,0.330566440361495
32,3.37645E+03,97.2,0.045,0.076,0.015,0.008,37645,11.57116200308904,221.8039844314069,8.30739364728721,23.717957913158237,0.0,5.579064641219476,31.17711187296487
1,4.14660E+03,491.4,0.194,0.255,0.035,0.089,14660,27.435247076317104,562.4830869533188,0.0,74.97482994867765,0.0,1.028288682071556,0.0509540063354859
2,4.81630E+00,481.8,1.862,5.637,1.12,0.302,82,12.954862920778917,339.04961411245864,41.12458654906284,34.619625137816975,0.0,16.5380374862183,0.0
3,4.50535E+02,481.8,0.086,0.154,0.021,0.103,5054,41.958584091155615,641.3518076580588,0.0,68.74977738201247,0.0,0.309884238646482,0.003561887800534
4,4.38595E+03,508.4,0.113,0.198,0.027,0.101,38595,35.874289922904694,809.4428144354899,0.0,64.04792552794568,0.0,0.282628162077457,0.665528691888665
5,4.26874E+03,482.3,0.173,0.246,0.034,0.09,26874,31.515515664452156,814.6438522696067,0.0,70.19102606179545,0.0,0.517752965525554,0.00971205433392
6,4.12990E+03,448.7,0.171,0.218,0.031,0.079,12990,25.634712806431136,491.1601676713088,0.0,62.08688422365413,0.0,2.404905425067553,0.016628559551029
7,4.12785E+03,507.3,4.242,4.537,0.646,0.111,12785,32.66128311418672,710.7400128117587,0.0,29.085507929915455,7.052098805409095,0.52021371702908,0.002815771134123
8,4.12233E+03,418.0,0.177,0.251,0.034,0.077,12233,30.18670878130093,625.6174932132689,0.0,77.79175586895907,0.0,0.680512333826246,0.0
9,4.19228E+03,507.3,0.143,0.243,0.033,0.1,19228,34.36246307511638,820.1150807395272,0.0,77.95459864263984,0.0,0.482096887432716,0.000936110461034
10,4.40616E+03,455.4,0.214,0.37,0.051,0.089,40616,29.691034248570336,755.0618521292485,0.0,67.4080294979237,0.0,0.742766228068233,0.010636270568996
11,4.16266E+03,419.5,0.141,0.16,0.023,0.064,16266,40.77669054742595,504.2856249654181,0.0,78.59071543185968,0.0,1.397665025175676,2.174514469097549
12,4.51207E+02,447.9,0.181,0.17,0.024,0.075,5121,33.58702833654999,483.4569660966308,0.0,80.6404555600471,0.0,2.052832311018156,0.147635200449936
13,4.22301E+03,391.2,0.117,0.137,0.019,0.063,22301,30.845331735862043,532.8902390791981,0.0,74.23037807122333,0.0,1.298308203919544,0.489539276143739
14,4.43711E+02,479.1,0.872,1.967,0.408,0.397,4371,12.39272077109365,134.60869296656236,15.959067698896392,33.112337341459394,0.0,42.79978586723769,0.422088618020096
15,4.87316E+02,370.2,1.069,2.283,0.472,0.139,8732,15.22976270305725,284.5455482487786,29.212104970211712,36.40973839905997,0.0,6.252447999340329,5.949411449421756
16,4.70627E+02,479.1,0.923,2.292,0.503,0.427,7063,4.208287025399914,72.89904936666922,42.26240538267452,0.0,0.0,26.963070571144584,0.047149374315059
17,4.35018E+03,447.0,1.781,2.929,0.637,0.181,35018,19.152642394642903,261.0541831153878,15.664322723908215,36.570133234641006,0.0,9.855868081256682,0.462620281273131
18,4.17507E+03,483.7,1.224,2.228,0.483,0.142,17507,27.858034110475717,391.41686244068944,13.32617066011402,57.47942445007634,0.0,3.693574670868311,1.801292365584211
19,4.35436E+03,482.7,1.272,2.096,0.445,0.11,35436,26.41756080268095,438.7000619717165,10.191553559817946,39.18237971391417,0.0,2.672657265929779,0.853634996749025
20,4.11300E+03,479.1,0.138,0.17,0.027,0.133,11300,32.057487961659845,489.7347021671432,0.0,70.59901080784027,0.0,7.1346081859235255,1.642281991446116
21,4.20005E+03,479.1,0.926,1.73,0.369,0.212,20005,25.025608937481863,330.604511386437,23.11838115546918,47.699318883220414,0.0,9.60086736667836,0.116068777498853
22,4.19905E+03,407.9,1.359,2.278,0.467,0.106,19905,26.86646520042202,412.7586980209883,11.108599228651132,41.351714284422464,0.0,3.86171785631932,1.5580704522744848
23,4.24503E+03,463.6,0.172,0.215,0.03,0.091,24502,34.75216078793627,721.3639816345271,0.0,74.36914600550963,0.0,0.606795224977044,0.01505968778696
24,4.12981E+03,370.2,0.546,1.048,0.214,0.085,12981,24.182426273681894,396.8857235957237,11.458145564969008,64.65217210443849,0.0,1.911424173934746,1.562001691648526
25,4.28206E+03,374.4,1.329,2.545,0.443,0.096,28206,32.08664439145956,629.6594161510898,3.73863683500158,30.325491459877536,0.0,1.154424175901316,0.066368222384597
26,4.14931E+03,370.6,0.929,1.697,0.336,0.107,14931,19.678815390948746,307.2944147749876,8.013164398259214,50.06811250015069,0.0,5.168111294619716,0.074140155031284
27,4.37620E+00,438.5,1.986,5.306,1.05,0.207,38,4.463205406326426,28.258373205741627,0.239234449760766,0.0,0.0,0.0,0.0
28,4.76990E+02,467.9,0.557,1.871,0.355,0.385,7699,2.927109847097829,33.73128448517722,38.02370709810156,0.0,0.0,39.22192088282053,8.569858786121761
29,4.10083E+03,480.2,0.501,1.431,0.278,0.404,10083,2.568417997307553,54.73326549375608,37.75718787099769,0.0,0.0,34.11973685385034,6.057360147818868
30,4.31632E+02,485.2,0.76,2.004,0.392,0.428,3163,2.552870526126334,40.06285031439384,46.60710729222978,0.0,0.0,33.90901072637779,2.728540131447918
31,4.28342E+03,466.0,0.923,3.014,0.557,0.373,28342,4.410624211260036,52.966508316556265,40.11380884940015,0.0,0.0,22.40992778980928,0.330566440361495
32,4.37645E+03,427.9,0.92,1.425,0.27,0.104,37645,11.57116200308904,221.8039844314069,8.30739364728721,23.717957913158237,0.0,5.579064641219476,31.17711187296487
1,5.14660E+03,740.8,0.506,0.918,0.125,0.133,14660,27.435247076317104,562.4830869533188,0.0,74.97482994867765,0.0,1.028288682071556,0.0509540063354859
2,5.81630E+00,703.7,2.067,7.157,1.412,0.406,82,12.954862920778917,339.04961411245864,41.12458654906284,34.619625137816975,0.0,16.5380374862183,0.0
3,5.50535E+02,703.7,0.241,0.537,0.072,0.15,5054,41.958584091155615,641.3518076580588,0.0,68.74977738201247,0.0,0.309884238646482,0.003561887800534
4,5.38595E+03,661.2,0.268,0.604,0.082,0.128,38595,35.874289922904694,809.4428144354899,0.0,64.04792552794568,0.0,0.282628162077457,0.665528691888665
5,5.26874E+03,596.6,0.399,0.744,0.101,0.106,26874,31.515515664452156,814.6438522696067,0.0,70.19102606179545,0.0,0.517752965525554,0.00971205433392
6,5.12990E+03,748.3,0.669,1.228,0.169,0.136,12990,25.634712806431136,491.1601676713088,0.0,62.08688422365413,0.0,2.404905425067553,0.016628559551029
7,5.12785E+03,707.8,6.425,4.107,0.579,0.146,12785,32.66128311418672,710.7400128117587,0.0,29.085507929915455,7.052098805409095,0.52021371702908,0.002815771134123
8,5.12233E+03,696.7,0.451,1.023,0.138,0.133,12233,30.18670878130093,625.6174932132689,0.0,77.79175586895907,0.0,0.680512333826246,0.0
9,5.19228E+03,707.8,0.283,0.735,0.098,0.137,19228,34.36246307511638,820.1150807395272,0.0,77.95459864263984,0.0,0.482096887432716,0.000936110461034
10,5.40616E+03,799.2,0.621,1.359,0.184,0.161,40616,29.691034248570336,755.0618521292485,0.0,67.4080294979237,0.0,0.742766228068233,0.010636270568996
11,5.16266E+03,644.4,0.358,0.516,0.071,0.102,16266,40.77669054742595,504.2856249654181,0.0,78.59071543185968,0.0,1.397665025175676,2.174514469097549
12,5.51207E+02,701.4,0.433,0.457,0.064,0.119,5121,33.58702833654999,483.4569660966308,0.0,80.6404555600471,0.0,2.052832311018156,0.147635200449936
13,5.22301E+03,587.4,0.255,0.394,0.055,0.101,22301,30.845331735862043,532.8902390791981,0.0,74.23037807122333,0.0,1.298308203919544,0.489539276143739
14,5.43711E+02,472.1,0.821,1.825,0.374,0.322,4371,12.39272077109365,134.60869296656236,15.959067698896392,33.112337341459394,0.0,42.79978586723769,0.422088618020096
15,5.87316E+02,542.8,2.195,5.286,1.065,0.204,8732,15.22976270305725,284.5455482487786,29.212104970211712,36.40973839905997,0.0,6.252447999340329,5.949411449421756
16,5.70627E+02,472.1,0.816,2.114,0.457,0.341,7063,4.208287025399914,72.89904936666922,42.26240538267452,0.0,0.0,26.963070571144584,0.047149374315059
17,5.35018E+03,294.0,0.811,1.239,0.272,0.082,35018,19.152642394642903,261.0541831153878,15.664322723908215,36.570133234641006,0.0,9.855868081256682,0.462620281273131
18,5.17507E+03,528.4,1.033,1.786,0.373,0.129,17507,27.858034110475717,391.41686244068944,13.32617066011402,57.47942445007634,0.0,3.693574670868311,1.801292365584211
19,5.35436E+03,540.0,1.227,1.85,0.381,0.101,35436,26.41756080268095,438.7000619717165,10.191553559817946,39.18237971391417,0.0,2.672657265929779,0.853634996749025
20,5.11300E+03,472.1,0.128,0.212,0.033,0.11,11300,32.057487961659845,489.7347021671432,0.0,70.59901080784027,0.0,7.1346081859235255,1.642281991446116
21,5.20005E+03,472.1,0.748,1.517,0.315,0.17,20005,25.025608937481863,330.604511386437,23.11838115546918,47.699318883220414,0.0,9.60086736667836,0.116068777498853
22,5.19905E+03,424.6,1.017,2.095,0.425,0.095,19905,26.86646520042202,412.7586980209883,11.108599228651132,41.351714284422464,0.0,3.86171785631932,1.5580704522744848
23,5.24503E+03,560.5,0.242,0.412,0.056,0.102,24502,34.75216078793627,721.3639816345271,0.0,74.36914600550963,0.0,0.606795224977044,0.01505968778696
24,5.12981E+03,542.8,1.132,2.371,0.461,0.128,12981,24.182426273681894,396.8857235957237,11.458145564969008,64.65217210443849,0.0,1.911424173934746,1.562001691648526
25,5.28206E+03,527.2,1.709,3.475,0.599,0.131,28206,32.08664439145956,629.6594161510898,3.73863683500158,30.325491459877536,0.0,1.154424175901316,0.066368222384597
26,5.14931E+03,529.0,1.089,2.241,0.435,0.147,14931,19.678815390948746,307.2944147749876,8.013164398259214,50.06811250015069,0.0,5.168111294619716,0.074140155031284
27,5.37620E+00,250.1,0.725,2.231,0.435,0.064,38,4.463205406326426,28.258373205741627,0.239234449760766,0.0,0.0,0.0,0.0
28,5.76990E+02,325.5,0.329,1.17,0.222,0.22,7699,2.927109847097829,33.73128448517722,38.02370709810156,0.0,0.0,39.22192088282053,8.569858786121761
29,5.10083E+03,337.0,0.291,0.84,0.164,0.193,10083,2.568417997307553,54.73326549375608,37.75718787099769,0.0,0.0,34.11973685385034,6.057360147818868
30,5.31632E+02,391.8,0.427,1.273,0.248,0.256,3163,2.552870526126334,40.06285031439384,46.60710729222978,0.0,0.0,33.90901072637779,2.728540131447918
31,5.28342E+03,293.0,0.479,1.656,0.305,0.163,28342,4.410624211260036,52.966508316556265,40.11380884940015,0.0,0.0,22.40992778980928,0.330566440361495
32,5.37645E+03,441.0,1.022,1.571,0.297,0.086,37645,11.57116200308904,221.8039844314069,8.30739364728721,23.717957913158237,0.0,5.579064641219476,31.17711187296487
1,6.14660E+03,604.9,0.357,0.56,0.076,0.072,14660,27.435247076317104,562.4830869533188,0.0,74.97482994867765,0.0,1.028288682071556,0.0509540063354859
2,6.81630E+00,615.5,1.853,3.701,0.716,0.193,82,12.954862920778917,339.04961411245864,41.12458654906284,34.619625137816975,0.0,16.5380374862183,0.0
3,6.50535E+02,615.5,0.22,0.417,0.056,0.096,5054,41.958584091155615,641.3518076580588,0.0,68.74977738201247,0.0,0.309884238646482,0.003561887800534
4,6.38595E+03,548.3,0.274,0.546,0.073,0.075,38595,35.874289922904694,809.4428144354899,0.0,64.04792552794568,0.0,0.282628162077457,0.665528691888665
5,6.26874E+03,511.1,0.225,0.422,0.057,0.061,26874,31.515515664452156,814.6438522696067,0.0,70.19102606179545,0.0,0.517752965525554,0.00971205433392
6,6.12990E+03,618.3,0.447,0.643,0.088,0.07,12990,25.634712806431136,491.1601676713088,0.0,62.08688422365413,0.0,2.404905425067553,0.016628559551029
7,6.12785E+03,545.2,6.31,1.195,0.166,0.076,12785,32.66128311418672,710.7400128117587,0.0,29.085507929915455,7.052098805409095,0.52021371702908,0.002815771134123
8,6.12233E+03,522.3,0.254,0.439,0.059,0.062,12233,30.18670878130093,625.6174932132689,0.0,77.79175586895907,0.0,0.680512333826246,0.0
9,6.19228E+03,545.2,0.236,0.481,0.064,0.07,19228,34.36246307511638,820.1150807395272,0.0,77.95459864263984,0.0,0.482096887432716,0.000936110461034
10,6.40616E+03,653.1,0.459,0.845,0.114,0.093,40616,29.691034248570336,755.0618521292485,0.0,67.4080294979237,0.0,0.742766228068233,0.010636270568996
11,6.16266E+03,511.5,0.115,0.159,0.022,0.04,16266,40.77669054742595,504.2856249654181,0.0,78.59071543185968,0.0,1.397665025175676,2.174514469097549
12,6.51207E+02,609.2,0.193,0.222,0.031,0.057,5121,33.58702833654999,483.4569660966308,0.0,80.6404555600471,0.0,2.052832311018156,0.147635200449936
13,6.22301E+03,414.3,0.078,0.134,0.018,0.031,22301,30.845331735862043,532.8902390791981,0.0,74.23037807122333,0.0,1.298308203919544,0.489539276143739
14,6.43711E+02,420.9,0.563,1.22,0.249,0.146,4371,12.39272077109365,134.60869296656236,15.959067698896392,33.112337341459394,0.0,42.79978586723769,0.422088618020096
15,6.87316E+02,336.8,0.553,1.329,0.263,0.044,8732,15.22976270305725,284.5455482487786,29.212104970211712,36.40973839905997,0.0,6.252447999340329,5.949411449421756
16,6.70627E+02,420.9,0.488,1.32,0.285,0.142,7063,4.208287025399914,72.89904936666922,42.26240538267452,0.0,0.0,26.963070571144584,0.047149374315059
17,6.35018E+03,352.0,0.788,1.336,0.288,0.068,35018,19.152642394642903,261.0541831153878,15.664322723908215,36.570133234641006,0.0,9.855868081256682,0.462620281273131
18,6.17507E+03,424.6,0.556,0.845,0.176,0.053,17507,27.858034110475717,391.41686244068944,13.32617066011402,57.47942445007634,0.0,3.693574670868311,1.801292365584211
19,6.35436E+03,417.3,0.494,0.67,0.138,0.031,35436,26.41756080268095,438.7000619717165,10.191553559817946,39.18237971391417,0.0,2.672657265929779,0.853634996749025
20,6.11300E+03,420.9,0.093,0.152,0.023,0.058,11300,32.057487961659845,489.7347021671432,0.0,70.59901080784027,0.0,7.1346081859235255,1.642281991446116
21,6.20005E+03,420.9,0.503,1.001,0.206,0.077,20005,25.025608937481863,330.604511386437,23.11838115546918,47.699318883220414,0.0,9.60086736667836,0.116068777498853
22,6.19905E+03,352.7,0.584,0.897,0.182,0.037,19905,26.86646520042202,412.7586980209883,11.108599228651132,41.351714284422464,0.0,3.86171785631932,1.5580704522744848
23,6.24503E+03,503.3,0.157,0.258,0.035,0.061,24502,34.75216078793627,721.3639816345271,0.0,74.36914600550963,0.0,0.606795224977044,0.01505968778696
24,6.12981E+03,336.8,0.254,0.549,0.107,0.027,12981,24.182426273681894,396.8857235957237,11.458145564969008,64.65217210443849,0.0,1.911424173934746,1.562001691648526
25,6.28206E+03,292.6,0.473,0.672,0.115,0.03,28206,32.08664439145956,629.6594161510898,3.73863683500158,30.325491459877536,0.0,1.154424175901316,0.066368222384597
26,6.14931E+03,300.0,0.25,0.48,0.092,0.03,14931,19.678815390948746,307.2944147749876,8.013164398259214,50.06811250015069,0.0,5.168111294619716,0.074140155031284
27,6.37620E+00,355.4,1.019,3.835,0.742,0.047,38,4.463205406326426,28.258373205741627,0.239234449760766,0.0,0.0,0.0,0.0
28,6.76990E+02,347.5,0.29,0.995,0.189,0.144,7699,2.927109847097829,33.73128448517722,38.02370709810156,0.0,0.0,39.22192088282053,8.569858786121761
29,6.10083E+03,359.8,0.291,0.842,0.165,0.132,10083,2.568417997307553,54.73326549375608,37.75718787099769,0.0,0.0,34.11973685385034,6.057360147818868
30,6.31632E+02,357.3,0.386,1.059,0.205,0.138,3163,2.552870526126334,40.06285031439384,46.60710729222978,0.0,0.0,33.90901072637779,2.728540131447918
31,6.28342E+03,360.8,0.579,2.044,0.375,0.133,28342,4.410624211260036,52.966508316556265,40.11380884940015,0.0,0.0,22.40992778980928,0.330566440361495
32,6.37645E+03,392.4,0.583,0.821,0.158,0.035,37645,11.57116200308904,221.8039844314069,8.30739364728721,23.717957913158237,0.0,5.579064641219476,31.17711187296487
1,7.14660E+03,3186.099,2.239,3.711,0.499,0.565,14660,27.435247076317104,562.4830869533188,0.0,74.97482994867765,0.0,1.028288682071556,0.0509540063354859
2,7.81630E+00,3226.6,14.518,18.197,3.55,0.798,82,12.954862920778917,339.04961411245864,41.12458654906284,34.619625137816975,0.0,16.5380374862183,0.0
3,7.50535E+02,3226.601,1.257,2.48,0.332,0.667,5054,41.958584091155615,641.3518076580588,0.0,68.74977738201247,0.0,0.309884238646482,0.003561887800534
4,7.38595E+03,3115.7,1.941,4.135,0.552,0.588,38595,35.874289922904694,809.4428144354899,0.0,64.04792552794568,0.0,0.282628162077457,0.665528691888665
5,7.26874E+03,2847.8,2.237,3.593,0.483,0.513,26874,31.515515664452156,814.6438522696067,0.0,70.19102606179545,0.0,0.517752965525554,0.00971205433392
6,7.12990E+03,3072.3,2.127,3.37,0.459,0.521,12990,25.634712806431136,491.1601676713088,0.0,62.08688422365413,0.0,2.404905425067553,0.016628559551029
7,7.12785E+03,3083.199,52.399,4.247,0.572,0.561,12785,32.66128311418672,710.7400128117587,0.0,29.085507929915455,7.052098805409095,0.52021371702908,0.002815771134123
8,7.12233E+03,2710.799,1.617,2.846,0.381,0.499,12233,30.18670878130093,625.6174932132689,0.0,77.79175586895907,0.0,0.680512333826246,0.0
9,7.19228E+03,3083.199,1.669,3.674,0.486,0.607,19228,34.36246307511638,820.1150807395272,0.0,77.95459864263984,0.0,0.482096887432716,0.000936110461034
10,7.40616E+03,3097.7,2.459,5.126,0.68,0.585,40616,29.691034248570336,755.0618521292485,0.0,67.4080294979237,0.0,0.742766228068233,0.010636270568996
11,7.16266E+03,2726.3,1.476,2.013,0.277,0.445,16266,40.77669054742595,504.2856249654181,0.0,78.59071543185968,0.0,1.397665025175676,2.174514469097549
12,7.51207E+02,3091.2,1.781,1.953,0.272,0.524,5121,33.58702833654999,483.4569660966308,0.0,80.6404555600471,0.0,2.052832311018156,0.147635200449936
13,7.22301E+03,2364.1,1.185,1.837,0.252,0.416,22301,30.845331735862043,532.8902390791981,0.0,74.23037807122333,0.0,1.298308203919544,0.489539276143739
14,7.43711E+02,2270.9,5.236,6.537,1.341,0.955,4371,12.39272077109365,134.60869296656236,15.959067698896392,33.112337341459394,0.0,42.79978586723769,0.422088618020096
15,7.87316E+02,2107.9,9.47,13.182,2.671,0.322,8732,15.22976270305725,284.5455482487786,29.212104970211712,36.40973839905997,0.0,6.252447999340329,5.949411449421756
16,7.70627E+02,2270.9,4.699,10.684,2.285,0.791,7063,4.208287025399914,72.89904936666922,42.26240538267452,0.0,0.0,26.963070571144584,0.047149374315059
17,7.35018E+03,1891.2,7.475,6.552,1.412,0.398,35018,19.152642394642903,261.0541831153878,15.664322723908215,36.570133234641006,0.0,9.855868081256682,0.462620281273131
18,7.17507E+03,2422.4,6.194,5.475,1.121,0.431,17507,27.858034110475717,391.41686244068944,13.32617066011402,57.47942445007634,0.0,3.693574670868311,1.801292365584211
19,7.35436E+03,2473.499,6.833,4.999,0.996,0.362,35436,26.41756080268095,438.7000619717165,10.191553559817946,39.18237971391417,0.0,2.672657265929779,0.853634996749025
20,7.11300E+03,2270.9,0.364,0.622,0.103,0.498,11300,32.057487961659845,489.7347021671432,0.0,70.59901080784027,0.0,7.1346081859235255,1.642281991446116
21,7.20005E+03,2270.9,5.133,6.641,1.388,0.521,20005,25.025608937481863,330.604511386437,23.11838115546918,47.699318883220414,0.0,9.60086736667836,0.116068777498853
22,7.19905E+03,2289.3,7.435,6.958,1.411,0.36,19905,26.86646520042202,412.7586980209883,11.108599228651132,41.351714284422464,0.0,3.86171785631932,1.5580704522744848
23,7.24503E+03,2659.001,1.104,1.689,0.23,0.51,24502,34.75216078793627,721.3639816345271,0.0,74.36914600550963,0.0,0.606795224977044,0.01505968778696
24,7.12981E+03,2107.9,4.411,5.751,1.135,0.324,12981,24.182426273681894,396.8857235957237,11.458145564969008,64.65217210443849,0.0,1.911424173934746,1.562001691648526
25,7.28206E+03,2350.9,7.551,6.587,1.128,0.419,28206,32.08664439145956,629.6594161510898,3.73863683500158,30.325491459877536,0.0,1.154424175901316,0.066368222384597
26,7.14931E+03,2236.299,4.649,5.736,1.107,0.427,14931,19.678815390948746,307.2944147749876,8.013164398259214,50.06811250015069,0.0,5.168111294619716,0.074140155031284
27,7.37620E+00,1622.0,8.025,18.201,3.48,0.074,38,4.463205406326426,28.258373205741627,0.239234449760766,0.0,0.0,0.0,0.0
28,7.76990E+02,1782.0,2.218,6.01,1.127,0.65,7699,2.927109847097829,33.73128448517722,38.02370709810156,0.0,0.0,39.22192088282053,8.569858786121761
29,7.10083E+03,1894.2,2.096,5.375,1.046,0.668,10083,2.568417997307553,54.73326549375608,37.75718787099769,0.0,0.0,34.11973685385034,6.057360147818868
30,7.31632E+02,1940.4,2.951,7.481,1.435,0.707,3163,2.552870526126334,40.06285031439384,46.60710729222978,0.0,0.0,33.90901072637779,2.728540131447918
31,7.28342E+03,1776.0,4.103,11.608,2.112,0.586,28342,4.410624211260036,52.966508316556265,40.11380884940015,0.0,0.0,22.40992778980928,0.330566440361495
32,7.37645E+03,2198.8,5.318,4.544,0.881,0.287,37645,11.57116200308904,221.8039844314069,8.30739364728721,23.717957913158237,0.0,5.579064641219476,31.17711187296487
1,8.14660E+03,1722.099,0.452,0.766,0.105,0.262,14660,27.435247076317104,562.4830869533188,0.0,74.97482994867765,0.0,1.028288682071556,0.0509540063354859
2,8.81630E+00,1893.5,8.747,5.282,1.02,0.418,82,12.954862920778917,339.04961411245864,41.12458654906284,34.619625137816975,0.0,16.5380374862183,0.0
3,8.50535E+02,1893.5,0.245,0.543,0.073,0.349,5054,41.958584091155615,641.3518076580588,0.0,68.74977738201247,0.0,0.309884238646482,0.003561887800534
4,8.38595E+03,1593.9,0.464,0.987,0.132,0.263,38595,35.874289922904694,809.4428144354899,0.0,64.04792552794568,0.0,0.282628162077457,0.665528691888665
5,8.26874E+03,1834.6,0.455,0.831,0.112,0.29,26874,31.515515664452156,814.6438522696067,0.0,70.19102606179545,0.0,0.517752965525554,0.00971205433392
6,8.12990E+03,1879.9,0.544,0.816,0.115,0.281,12990,25.634712806431136,491.1601676713088,0.0,62.08688422365413,0.0,2.404905425067553,0.016628559551029
7,8.12785E+03,1501.4,20.361,0.749,0.1,0.234,12785,32.66128311418672,710.7400128117587,0.0,29.085507929915455,7.052098805409095,0.52021371702908,0.002815771134123
8,8.12233E+03,1684.799,0.433,0.767,0.103,0.276,12233,30.18670878130093,625.6174932132689,0.0,77.79175586895907,0.0,0.680512333826246,0.0
9,8.19228E+03,1501.4,0.367,0.818,0.109,0.255,19228,34.36246307511638,820.1150807395272,0.0,77.95459864263984,0.0,0.482096887432716,0.000936110461034
10,8.40616E+03,1818.8,0.709,1.425,0.19,0.297,40616,29.691034248570336,755.0618521292485,0.0,67.4080294979237,0.0,0.742766228068233,0.010636270568996
11,8.16266E+03,1765.0,0.347,0.522,0.074,0.259,16266,40.77669054742595,504.2856249654181,0.0,78.59071543185968,0.0,1.397665025175676,2.174514469097549
12,8.51207E+02,1984.6,0.431,0.581,0.083,0.297,5121,33.58702833654999,483.4569660966308,0.0,80.6404555600471,0.0,2.052832311018156,0.147635200449936
13,8.22301E+03,1545.9,0.311,0.507,0.072,0.247,22301,30.845331735862043,532.8902390791981,0.0,74.23037807122333,0.0,1.298308203919544,0.489539276143739
14,8.43711E+02,1717.0,3.469,2.556,0.544,0.62,4371,12.39272077109365,134.60869296656236,15.959067698896392,33.112337341459394,0.0,42.79978586723769,0.422088618020096
15,8.87316E+02,1390.1,5.587,3.709,0.753,0.185,8732,15.22976270305725,284.5455482487786,29.212104970211712,36.40973839905997,0.0,6.252447999340329,5.949411449421756
16,8.70627E+02,1717.0,3.252,6.08,1.302,0.528,7063,4.208287025399914,72.89904936666922,42.26240538267452,0.0,0.0,26.963070571144584,0.047149374315059
17,8.35018E+03,1485.4,5.621,2.564,0.558,0.294,35018,19.152642394642903,261.0541831153878,15.664322723908215,36.570133234641006,0.0,9.855868081256682,0.462620281273131
18,8.17507E+03,1741.2,4.52,2.013,0.411,0.279,17507,27.858034110475717,391.41686244068944,13.32617066011402,57.47942445007634,0.0,3.693574670868311,1.801292365584211
19,8.35436E+03,1720.799,3.602,1.314,0.261,0.231,35436,26.41756080268095,438.7000619717165,10.191553559817946,39.18237971391417,0.0,2.672657265929779,0.853634996749025
20,8.11300E+03,1717.0,0.157,0.294,0.054,0.342,11300,32.057487961659845,489.7347021671432,0.0,70.59901080784027,0.0,7.1346081859235255,1.642281991446116
21,8.20005E+03,1717.0,3.254,2.905,0.613,0.353,20005,25.025608937481863,330.604511386437,23.11838115546918,47.699318883220414,0.0,9.60086736667836,0.116068777498853
22,8.19905E+03,1686.6,4.387,1.656,0.335,0.253,19905,26.86646520042202,412.7586980209883,11.108599228651132,41.351714284422464,0.0,3.86171785631932,1.5580704522744848
23,8.24503E+03,1881.601,0.236,0.438,0.061,0.33,24502,34.75216078793627,721.3639816345271,0.0,74.36914600550963,0.0,0.606795224977044,0.01505968778696
24,8.12981E+03,1390.1,2.534,1.677,0.332,0.193,12981,24.182426273681894,396.8857235957237,11.458145564969008,64.65217210443849,0.0,1.911424173934746,1.562001691648526
25,8.28206E+03,1542.3,5.552,1.697,0.297,0.26,28206,32.08664439145956,629.6594161510898,3.73863683500158,30.325491459877536,0.0,1.154424175901316,0.066368222384597
26,8.14931E+03,1472.5,3.51,1.944,0.379,0.264,14931,19.678815390948746,307.2944147749876,8.013164398259214,50.06811250015069,0.0,5.168111294619716,0.074140155031284
27,8.37620E+00,2095.8,10.576,23.01,4.378,0.089,38,4.463205406326426,28.258373205741627,0.239234449760766,0.0,0.0,0.0,0.0
28,8.76990E+02,1747.2,2.251,5.663,1.066,0.68,7699,2.927109847097829,33.73128448517722,38.02370709810156,0.0,0.0,39.22192088282053,8.569858786121761
29,8.10083E+03,1609.6,1.702,4.109,0.8,0.526,10083,2.568417997307553,54.73326549375608,37.75718787099769,0.0,0.0,34.11973685385034,6.057360147818868
30,8.31632E+02,1628.8,2.482,5.412,1.041,0.541,3163,2.552870526126334,40.06285031439384,46.60710729222978,0.0,0.0,33.90901072637779,2.728540131447918
31,8.28342E+03,1768.5,3.491,8.838,1.618,0.539,28342,4.410624211260036,52.966508316556265,40.11380884940015,0.0,0.0,22.40992778980928,0.330566440361495
32,8.37645E+03,1587.6,3.038,1.308,0.258,0.184,37645,11.57116200308904,221.8039844314069,8.30739364728721,23.717957913158237,0.0,5.579064641219476,31.17711187296487
1,9.14660E+03,461.8,0.046,0.066,0.009,0.062,14660,27.435247076317104,562.4830869533188,0.0,74.97482994867765,0.0,1.028288682071556,0.0509540063354859
2,9.81630E+00,465.3,1.928,0.796,0.153,0.091,82,12.954862920778917,339.04961411245864,41.12458654906284,34.619625137816975,0.0,16.5380374862183,0.0
3,9.50535E+02,465.3,0.03,0.05,0.007,0.079,5054,41.958584091155615,641.3518076580588,0.0,68.74977738201247,0.0,0.309884238646482,0.003561887800534
4,9.38595E+03,466.3,0.045,0.074,0.01,0.069,38595,35.874289922904694,809.4428144354899,0.0,64.04792552794568,0.0,0.282628162077457,0.665528691888665
5,9.26874E+03,523.7,0.05,0.074,0.01,0.075,26874,31.515515664452156,814.6438522696067,0.0,70.19102606179545,0.0,0.517752965525554,0.00971205433392
6,9.12990E+03,445.2,0.038,0.05,0.008,0.058,12990,25.634712806431136,491.1601676713088,0.0,62.08688422365413,0.0,2.404905425067553,0.016628559551029
7,9.12785E+03,459.6,5.977,0.064,0.009,0.066,12785,32.66128311418672,710.7400128117587,0.0,29.085507929915455,7.052098805409095,0.52021371702908,0.002815771134123
8,9.12233E+03,415.7,0.036,0.054,0.007,0.06,12233,30.18670878130093,625.6174932132689,0.0,77.79175586895907,0.0,0.680512333826246,0.0
9,9.19228E+03,459.6,0.036,0.063,0.009,0.069,19228,34.36246307511638,820.1150807395272,0.0,77.95459864263984,0.0,0.482096887432716,0.000936110461034
10,9.40616E+03,457.1,0.051,0.079,0.011,0.068,40616,29.691034248570336,755.0618521292485,0.0,67.4080294979237,0.0,0.742766228068233,0.010636270568996
11,9.16266E+03,410.4,0.015,0.026,0.004,0.046,16266,40.77669054742595,504.2856249654181,0.0,78.59071543185968,0.0,1.397665025175676,2.174514469097549
12,9.51207E+02,444.8,0.028,0.038,0.006,0.053,5121,33.58702833654999,483.4569660966308,0.0,80.6404555600471,0.0,2.052832311018156,0.147635200449936
13,9.22301E+03,375.3,0.02,0.033,0.005,0.045,22301,30.845331735862043,532.8902390791981,0.0,74.23037807122333,0.0,1.298308203919544,0.489539276143739
14,9.43711E+02,475.1,1.204,0.476,0.105,0.151,4371,12.39272077109365,134.60869296656236,15.959067698896392,33.112337341459394,0.0,42.79978586723769,0.422088618020096
15,9.87316E+02,350.9,1.383,0.551,0.111,0.034,8732,15.22976270305725,284.5455482487786,29.212104970211712,36.40973839905997,0.0,6.252447999340329,5.949411449421756
16,9.70627E+02,475.1,0.946,1.263,0.272,0.128,7063,4.208287025399914,72.89904936666922,42.26240538267452,0.0,0.0,26.963070571144584,0.047149374315059
17,9.35018E+03,373.5,1.223,0.333,0.072,0.055,35018,19.152642394642903,261.0541831153878,15.664322723908215,36.570133234641006,0.0,9.855868081256682,0.462620281273131
18,9.17507E+03,541.9,1.396,0.357,0.074,0.077,17507,27.858034110475717,391.41686244068944,13.32617066011402,57.47942445007634,0.0,3.693574670868311,1.801292365584211
19,9.35436E+03,573.5,1.536,0.288,0.059,0.063,35436,26.41756080268095,438.7000619717165,10.191553559817946,39.18237971391417,0.0,2.672657265929779,0.853634996749025
20,9.11300E+03,475.1,0.026,0.046,0.01,0.081,11300,32.057487961659845,489.7347021671432,0.0,70.59901080784027,0.0,7.1346081859235255,1.642281991446116
21,9.20005E+03,475.1,1.003,0.553,0.118,0.083,20005,25.025608937481863,330.604511386437,23.11838115546918,47.699318883220414,0.0,9.60086736667836,0.116068777498853
22,9.19905E+03,389.8,1.072,0.206,0.043,0.04,19905,26.86646520042202,412.7586980209883,11.108599228651132,41.351714284422464,0.0,3.86171785631932,1.5580704522744848
23,9.24503E+03,460.1,0.031,0.047,0.007,0.071,24502,34.75216078793627,721.3639816345271,0.0,74.36914600550963,0.0,0.606795224977044,0.01505968778696
24,9.12981E+03,350.9,0.56,0.217,0.043,0.034,12981,24.182426273681894,396.8857235957237,11.458145564969008,64.65217210443849,0.0,1.911424173934746,1.562001691648526
25,9.28206E+03,381.3,1.053,0.167,0.03,0.052,28206,32.08664439145956,629.6594161510898,3.73863683500158,30.325491459877536,0.0,1.154424175901316,0.066368222384597
26,9.14931E+03,368.6,0.736,0.248,0.049,0.052,14931,19.678815390948746,307.2944147749876,8.013164398259214,50.06811250015069,0.0,5.168111294619716,0.074140155031284
27,9.37620E+00,404.2,2.219,2.455,0.464,0.01,38,4.463205406326426,28.258373205741627,0.239234449760766,0.0,0.0,0.0,0.0
28,9.76990E+02,482.5,0.656,1.069,0.204,0.14,7699,2.927109847097829,33.73128448517722,38.02370709810156,0.0,0.0,39.22192088282053,8.569858786121761
29,9.10083E+03,451.6,0.42,0.824,0.163,0.113,10083,2.568417997307553,54.73326549375608,37.75718787099769,0.0,0.0,34.11973685385034,6.057360147818868
30,9.31632E+02,485.5,0.837,1.297,0.251,0.129,3163,2.552870526126334,40.06285031439384,46.60710729222978,0.0,0.0,33.90901072637779,2.728540131447918
31,9.28342E+03,448.0,0.93,1.653,0.302,0.105,28342,4.410624211260036,52.966508316556265,40.11380884940015,0.0,0.0,22.40992778980928,0.330566440361495
32,9.37645E+03,387.3,0.868,0.181,0.037,0.032,37645,11.57116200308904,221.8039844314069,8.30739364728721,23.717957913158237,0.0,5.579064641219476,31.17711187296487
1,10.14660E+03,507.5,0.018,0.031,0.005,0.05,14660,27.435247076317104,562.4830869533188,0.0,74.97482994867765,0.0,1.028288682071556,0.0509540063354859
2,10.81630E+00,475.3,1.397,0.596,0.11,0.074,82,12.954862920778917,339.04961411245864,41.12458654906284,34.619625137816975,0.0,16.5380374862183,0.0
3,10.50535E+02,475.3,0.014,0.027,0.004,0.065,5054,41.958584091155615,641.3518076580588,0.0,68.74977738201247,0.0,0.309884238646482,0.003561887800534
4,10.38595E+03,447.6,0.02,0.037,0.005,0.053,38595,35.874289922904694,809.4428144354899,0.0,64.04792552794568,0.0,0.282628162077457,0.665528691888665
5,10.26874E+03,415.2,0.015,0.025,0.004,0.039,26874,31.515515664452156,814.6438522696067,0.0,70.19102606179545,0.0,0.517752965525554,0.00971205433392
6,10.12990E+03,492.1,0.015,0.026,0.005,0.044,12990,25.634712806431136,491.1601676713088,0.0,62.08688422365413,0.0,2.404905425067553,0.016628559551029
7,10.12785E+03,497.1,4.107,0.036,0.005,0.059,12785,32.66128311418672,710.7400128117587,0.0,29.085507929915455,7.052098805409095,0.52021371702908,0.002815771134123
8,10.12233E+03,450.4,0.016,0.031,0.004,0.048,12233,30.18670878130093,625.6174932132689,0.0,77.79175586895907,0.0,0.680512333826246,0.0
9,10.19228E+03,497.1,0.019,0.035,0.005,0.059,19228,34.36246307511638,820.1150807395272,0.0,77.95459864263984,0.0,0.482096887432716,0.000936110461034
10,10.40616E+03,521.0,0.025,0.047,0.007,0.061,40616,29.691034248570336,755.0618521292485,0.0,67.4080294979237,0.0,0.742766228068233,0.010636270568996
11,10.16266E+03,429.7,0.005,0.012,0.002,0.024,16266,40.77669054742595,504.2856249654181,0.0,78.59071543185968,0.0,1.397665025175676,2.174514469097549
12,10.51207E+02,471.2,0.006,0.016,0.003,0.03,5121,33.58702833654999,483.4569660966308,0.0,80.6404555600471,0.0,2.052832311018156,0.147635200449936
13,10.22301E+03,388.5,0.005,0.013,0.002,0.024,22301,30.845331735862043,532.8902390791981,0.0,74.23037807122333,0.0,1.298308203919544,0.489539276143739
14,10.43711E+02,354.0,0.536,0.199,0.047,0.064,4371,12.39272077109365,134.60869296656236,15.959067698896392,33.112337341459394,0.0,42.79978586723769,0.422088618020096
15,10.87316E+02,353.9,0.551,0.244,0.049,0.02,8732,15.22976270305725,284.5455482487786,29.212104970211712,36.40973839905997,0.0,6.252447999340329,5.949411449421756
16,10.70627E+02,354.0,0.331,0.432,0.095,0.056,7063,4.208287025399914,72.89904936666922,42.26240538267452,0.0,0.0,26.963070571144584,0.047149374315059
17,10.35018E+03,279.1,0.447,0.118,0.027,0.023,35018,19.152642394642903,261.0541831153878,15.664322723908215,36.570133234641006,0.0,9.855868081256682,0.462620281273131
18,10.17507E+03,391.1,0.456,0.12,0.025,0.032,17507,27.858034110475717,391.41686244068944,13.32617066011402,57.47942445007634,0.0,3.693574670868311,1.801292365584211
19,10.35436E+03,406.0,0.346,0.069,0.015,0.014,35436,26.41756080268095,438.7000619717165,10.191553559817946,39.18237971391417,0.0,2.672657265929779,0.853634996749025
20,10.11300E+03,354.0,0.007,0.016,0.004,0.032,11300,32.057487961659845,489.7347021671432,0.0,70.59901080784027,0.0,7.1346081859235255,1.642281991446116
21,10.20005E+03,354.0,0.395,0.198,0.043,0.033,20005,25.025608937481863,330.604511386437,23.11838115546918,47.699318883220414,0.0,9.60086736667836,0.116068777498853
22,10.19905E+03,292.5,0.308,0.071,0.015,0.016,19905,26.86646520042202,412.7586980209883,11.108599228651132,41.351714284422464,0.0,3.86171785631932,1.5580704522744848
23,10.24503E+03,399.4,0.009,0.015,0.002,0.037,24502,34.75216078793627,721.3639816345271,0.0,74.36914600550963,0.0,0.606795224977044,0.01505968778696
24,10.12981E+03,353.9,0.233,0.098,0.02,0.017,12981,24.182426273681894,396.8857235957237,11.458145564969008,64.65217210443849,0.0,1.911424173934746,1.562001691648526
25,10.28206E+03,314.3,0.502,0.079,0.015,0.03,28206,32.08664439145956,629.6594161510898,3.73863683500158,30.325491459877536,0.0,1.154424175901316,0.066368222384597
26,10.14931E+03,325.0,0.309,0.13,0.026,0.031,14931,19.678815390948746,307.2944147749876,8.013164398259214,50.06811250015069,0.0,5.168111294619716,0.074140155031284
27,10.37620E+00,264.8,0.563,0.843,0.159,0.01,38,4.463205406326426,28.258373205741627,0.239234449760766,0.0,0.0,0.0,0.0
28,10.76990E+02,287.6,0.187,0.296,0.06,0.055,7699,2.927109847097829,33.73128448517722,38.02370709810156,0.0,0.0,39.22192088282053,8.569858786121761
29,10.10083E+03,295.5,0.103,0.188,0.041,0.043,10083,2.568417997307553,54.73326549375608,37.75718787099769,0.0,0.0,34.11973685385034,6.057360147818868
30,10.31632E+02,313.5,0.218,0.337,0.069,0.054,3163,2.552870526126334,40.06285031439384,46.60710729222978,0.0,0.0,33.90901072637779,2.728540131447918
31,10.28342E+03,277.5,0.294,0.513,0.095,0.042,28342,4.410624211260036,52.966508316556265,40.11380884940015,0.0,0.0,22.40992778980928,0.330566440361495
32,10.37645E+03,336.8,0.317,0.077,0.016,0.014,37645,11.57116200308904,221.8039844314069,8.30739364728721,23.717957913158237,0.0,5.579064641219476,31.17711187296487
1,11.14660E+03,278.5,0.009,0.015,0.002,0.025,14660,27.435247076317104,562.4830869533188,0.0,74.97482994867765,0.0,1.028288682071556,0.0509540063354859
2,11.81630E+00,278.6,0.656,0.258,0.046,0.041,82,12.954862920778917,339.04961411245864,41.12458654906284,34.619625137816975,0.0,16.5380374862183,0.0
3,11.50535E+02,278.6,0.006,0.011,0.001,0.035,5054,41.958584091155615,641.3518076580588,0.0,68.74977738201247,0.0,0.309884238646482,0.003561887800534
4,11.38595E+03,262.4,0.008,0.014,0.002,0.026,38595,35.874289922904694,809.4428144354899,0.0,64.04792552794568,0.0,0.282628162077457,0.665528691888665
5,11.26874E+03,265.9,0.008,0.012,0.002,0.024,26874,31.515515664452156,814.6438522696067,0.0,70.19102606179545,0.0,0.517752965525554,0.00971205433392
6,11.12990E+03,276.3,0.009,0.013,0.002,0.023,12990,25.634712806431136,491.1601676713088,0.0,62.08688422365413,0.0,2.404905425067553,0.016628559551029
7,11.12785E+03,273.8,1.375,0.01,0.001,0.028,12785,32.66128311418672,710.7400128117587,0.0,29.085507929915455,7.052098805409095,0.52021371702908,0.002815771134123
8,11.12233E+03,264.5,0.007,0.012,0.002,0.026,12233,30.18670878130093,625.6174932132689,0.0,77.79175586895907,0.0,0.680512333826246,0.0
9,11.19228E+03,273.8,0.007,0.013,0.002,0.027,19228,34.36246307511638,820.1150807395272,0.0,77.95459864263984,0.0,0.482096887432716,0.000936110461034
10,11.40616E+03,271.3,0.01,0.017,0.002,0.027,40616,29.691034248570336,755.0618521292485,0.0,67.4080294979237,0.0,0.742766228068233,0.010636270568996
11,11.16266E+03,266.4,0.005,0.008,0.001,0.017,16266,40.77669054742595,504.2856249654181,0.0,78.59071543185968,0.0,1.397665025175676,2.174514469097549
12,11.51207E+02,280.7,0.006,0.012,0.002,0.019,5121,33.58702833654999,483.4569660966308,0.0,80.6404555600471,0.0,2.052832311018156,0.147635200449936
13,11.22301E+03,251.6,0.004,0.008,0.001,0.018,22301,30.845331735862043,532.8902390791981,0.0,74.23037807122333,0.0,1.298308203919544,0.489539276143739
14,11.43711E+02,233.7,0.229,0.084,0.021,0.055,4371,12.39272077109365,134.60869296656236,15.959067698896392,33.112337341459394,0.0,42.79978586723769,0.422088618020096
15,11.87316E+02,240.5,0.492,0.171,0.035,0.017,8732,15.22976270305725,284.5455482487786,29.212104970211712,36.40973839905997,0.0,6.252447999340329,5.949411449421756
16,11.70627E+02,233.7,0.198,0.215,0.048,0.048,7063,4.208287025399914,72.89904936666922,42.26240538267452,0.0,0.0,26.963070571144584,0.047149374315059
17,11.35018E+03,221.9,0.52,0.102,0.023,0.027,35018,19.152642394642903,261.0541831153878,15.664322723908215,36.570133234641006,0.0,9.855868081256682,0.462620281273131
18,11.17507E+03,253.0,0.423,0.091,0.019,0.024,17507,27.858034110475717,391.41686244068944,13.32617066011402,57.47942445007634,0.0,3.693574670868311,1.801292365584211
19,11.35436E+03,264.8,0.288,0.046,0.01,0.013,35436,26.41756080268095,438.7000619717165,10.191553559817946,39.18237971391417,0.0,2.672657265929779,0.853634996749025
20,11.11300E+03,233.7,0.006,0.011,0.003,0.026,11300,32.057487961659845,489.7347021671432,0.0,70.59901080784027,0.0,7.1346081859235255,1.642281991446116
21,11.20005E+03,233.7,0.191,0.09,0.02,0.028,20005,25.025608937481863,330.604511386437,23.11838115546918,47.699318883220414,0.0,9.60086736667836,0.116068777498853
22,11.19905E+03,243.2,0.418,0.069,0.015,0.019,19905,26.86646520042202,412.7586980209883,11.108599228651132,41.351714284422464,0.0,3.86171785631932,1.5580704522744848
23,11.24503E+03,257.5,0.006,0.01,0.001,0.027,24502,34.75216078793627,721.3639816345271,0.0,74.36914600550963,0.0,0.606795224977044,0.01505968778696
24,11.12981E+03,240.5,0.2,0.067,0.014,0.015,12981,24.182426273681894,396.8857235957237,11.458145564969008,64.65217210443849,0.0,1.911424173934746,1.562001691648526
25,11.28206E+03,241.0,0.414,0.056,0.01,0.027,28206,32.08664439145956,629.6594161510898,3.73863683500158,30.325491459877536,0.0,1.154424175901316,0.066368222384597
26,11.14931E+03,240.1,0.298,0.093,0.018,0.028,14931,19.678815390948746,307.2944147749876,8.013164398259214,50.06811250015069,0.0,5.168111294619716,0.074140155031284
27,11.37620E+00,175.9,0.558,0.51,0.096,0.009,38,4.463205406326426,28.258373205741627,0.239234449760766,0.0,0.0,0.0,0.0
28,11.76990E+02,194.5,0.184,0.233,0.046,0.051,7699,2.927109847097829,33.73128448517722,38.02370709810156,0.0,0.0,39.22192088282053,8.569858786121761
29,11.10083E+03,211.7,0.12,0.188,0.039,0.046,10083,2.568417997307553,54.73326549375608,37.75718787099769,0.0,0.0,34.11973685385034,6.057360147818868
30,11.31632E+02,210.4,0.185,0.237,0.048,0.048,3163,2.552870526126334,40.06285031439384,46.60710729222978,0.0,0.0,33.90901072637779,2.728540131447918
31,11.28342E+03,198.0,0.341,0.462,0.084,0.045,28342,4.410624211260036,52.966508316556265,40.11380884940015,0.0,0.0,22.40992778980928,0.330566440361495
32,11.37645E+03,237.9,0.303,0.066,0.014,0.014,37645,11.57116200308904,221.8039844314069,8.30739364728721,23.717957913158237,0.0,5.579064641219476,31.17711187296487
1,12.14660E+03,58.2,0.0,0.001,0.0,0.001,14660,27.435247076317104,562.4830869533188,0.0,74.97482994867765,0.0,1.028288682071556,0.0509540063354859
2,12.81630E+00,63.1,0.02,0.018,0.002,0.002,82,12.954862920778917,339.04961411245864,41.12458654906284,34.619625137816975,0.0,16.5380374862183,0.0
3,12.50535E+02,63.1,0.0,0.001,0.0,0.002,5054,41.958584091155615,641.3518076580588,0.0,68.74977738201247,0.0,0.309884238646482,0.003561887800534
4,12.38595E+03,56.5,0.0,0.0,0.0,0.001,38595,35.874289922904694,809.4428144354899,0.0,64.04792552794568,0.0,0.282628162077457,0.665528691888665
5,12.26874E+03,69.8,0.0,0.0,0.0,0.001,26874,31.515515664452156,814.6438522696067,0.0,70.19102606179545,0.0,0.517752965525554,0.00971205433392
6,12.12990E+03,66.0,0.0,0.001,0.0,0.001,12990,25.634712806431136,491.1601676713088,0.0,62.08688422365413,0.0,2.404905425067553,0.016628559551029
7,12.12785E+03,56.1,0.034,0.0,0.0,0.001,12785,32.66128311418672,710.7400128117587,0.0,29.085507929915455,7.052098805409095,0.52021371702908,0.002815771134123
8,12.12233E+03,73.2,0.0,0.001,0.0,0.001,12233,30.18670878130093,625.6174932132689,0.0,77.79175586895907,0.0,0.680512333826246,0.0
9,12.19228E+03,56.1,0.0,0.0,0.0,0.001,19228,34.36246307511638,820.1150807395272,0.0,77.95459864263984,0.0,0.482096887432716,0.000936110461034
10,12.40616E+03,61.0,0.0,0.0,0.0,0.0,40616,29.691034248570336,755.0618521292485,0.0,67.4080294979237,0.0,0.742766228068233,0.010636270568996
11,12.16266E+03,77.5,0.0,0.0,0.0,0.0,16266,40.77669054742595,504.2856249654181,0.0,78.59071543185968,0.0,1.397665025175676,2.174514469097549
12,12.51207E+02,71.3,0.0,0.001,0.0,0.0,5121,33.58702833654999,483.4569660966308,0.0,80.6404555600471,0.0,2.052832311018156,0.147635200449936
13,12.22301E+03,83.6,0.0,0.0,0.0,0.0,22301,30.845331735862043,532.8902390791981,0.0,74.23037807122333,0.0,1.298308203919544,0.489539276143739
14,12.43711E+02,81.8,0.011,0.005,0.001,0.002,4371,12.39272077109365,134.60869296656236,15.959067698896392,33.112337341459394,0.0,42.79978586723769,0.422088618020096
15,12.87316E+02,87.4,0.003,0.003,0.001,0.001,8732,15.22976270305725,284.5455482487786,29.212104970211712,36.40973839905997,0.0,6.252447999340329,5.949411449421756
16,12.70627E+02,81.8,0.005,0.007,0.002,0.002,7063,4.208287025399914,72.89904936666922,42.26240538267452,0.0,0.0,26.963070571144584,0.047149374315059
17,12.35018E+03,91.1,0.007,0.003,0.001,0.001,35018,19.152642394642903,261.0541831153878,15.664322723908215,36.570133234641006,0.0,9.855868081256682,0.462620281273131
18,12.17507E+03,77.7,0.004,0.002,0.0,0.001,17507,27.858034110475717,391.41686244068944,13.32617066011402,57.47942445007634,0.0,3.693574670868311,1.801292365584211
19,12.35436E+03,76.0,0.003,0.001,0.0,0.0,35436,26.41756080268095,438.7000619717165,10.191553559817946,39.18237971391417,0.0,2.672657265929779,0.853634996749025
20,12.11300E+03,81.8,0.0,0.001,0.0,0.001,11300,32.057487961659845,489.7347021671432,0.0,70.59901080784027,0.0,7.1346081859235255,1.642281991446116
21,12.20005E+03,81.8,0.006,0.003,0.001,0.001,20005,25.025608937481863,330.604511386437,23.11838115546918,47.699318883220414,0.0,9.60086736667836,0.116068777498853
22,12.19905E+03,82.9,0.001,0.001,0.0,0.001,19905,26.86646520042202,412.7586980209883,11.108599228651132,41.351714284422464,0.0,3.86171785631932,1.5580704522744848
23,12.24503E+03,79.2,0.0,0.0,0.0,0.0,24502,34.75216078793627,721.3639816345271,0.0,74.36914600550963,0.0,0.606795224977044,0.01505968778696
24,12.12981E+03,87.4,0.001,0.001,0.0,0.001,12981,24.182426273681894,396.8857235957237,11.458145564969008,64.65217210443849,0.0,1.911424173934746,1.562001691648526
25,12.28206E+03,75.9,0.002,0.001,0.0,0.002,28206,32.08664439145956,629.6594161510898,3.73863683500158,30.325491459877536,0.0,1.154424175901316,0.066368222384597
26,12.14931E+03,80.5,0.002,0.002,0.0,0.001,14931,19.678815390948746,307.2944147749876,8.013164398259214,50.06811250015069,0.0,5.168111294619716,0.074140155031284
27,12.37620E+00,56.6,0.007,0.007,0.001,0.0,38,4.463205406326426,28.258373205741627,0.239234449760766,0.0,0.0,0.0,0.0
28,12.76990E+02,70.0,0.005,0.011,0.003,0.004,7699,2.927109847097829,33.73128448517722,38.02370709810156,0.0,0.0,39.22192088282053,8.569858786121761
29,12.10083E+03,83.5,0.001,0.002,0.001,0.002,10083,2.568417997307553,54.73326549375608,37.75718787099769,0.0,0.0,34.11973685385034,6.057360147818868
30,12.31632E+02,80.6,0.004,0.009,0.002,0.003,3163,2.552870526126334,40.06285031439384,46.60710729222978,0.0,0.0,33.90901072637779,2.728540131447918
31,12.28342E+03,73.2,0.016,0.024,0.005,0.003,28342,4.410624211260036,52.966508316556265,40.11380884940015,0.0,0.0,22.40992778980928,0.330566440361495
32,12.37645E+03,87.5,0.003,0.001,0.0,0.0,37645,11.57116200308904,221.8039844314069,8.30739364728721,23.717957913158237,0.0,5.579064641219476,31.17711187296487
1,2019.14660E+03,8317.598,3.826,6.331,0.858,1.267,14660,27.435247076317104,562.4830869533188,0.0,74.97482994867765,0.0,1.028288682071556,0.0509540063354859
2,2019.81630E+00,8468.2,33.236,42.314,8.256,2.371,82,12.954862920778917,339.04961411245864,41.12458654906284,34.619625137816975,0.0,16.5380374862183,0.0
3,2019.50535E+02,8468.202,2.101,4.231,0.567,1.557,5054,41.958584091155615,641.3518076580588,0.0,68.74977738201247,0.0,0.309884238646482,0.003561887800534
4,2019.38595E+03,7914.2,3.136,6.603,0.884,1.312,38595,35.874289922904694,809.4428144354899,0.0,64.04792552794568,0.0,0.282628162077457,0.665528691888665
5,2019.26874E+03,7797.599,3.566,5.955,0.803,1.207,26874,31.515515664452156,814.6438522696067,0.0,70.19102606179545,0.0,0.517752965525554,0.00971205433392
6,2019.12990E+03,8306.1,4.026,6.378,0.88,1.223,12990,25.634712806431136,491.1601676713088,0.0,62.08688422365413,0.0,2.404905425067553,0.016628559551029
7,2019.12785E+03,7894.498,101.668,15.456,2.153,1.294,12785,32.66128311418672,710.7400128117587,0.0,29.085507929915455,7.052098805409095,0.52021371702908,0.002815771134123
8,2019.12233E+03,7477.498,2.995,5.435,0.731,1.191,12233,30.18670878130093,625.6174932132689,0.0,77.79175586895907,0.0,0.680512333826246,0.0
9,2019.19228E+03,7894.498,2.763,6.069,0.805,1.332,19228,34.36246307511638,820.1150807395272,0.0,77.95459864263984,0.0,0.482096887432716,0.000936110461034
10,2019.40616E+03,8398.699,4.553,9.278,1.241,1.39,40616,29.691034248570336,755.0618521292485,0.0,67.4080294979237,0.0,0.742766228068233,0.010636270568996
11,2019.16266E+03,7482.999,2.463,3.42,0.475,1.002,16266,40.77669054742595,504.2856249654181,0.0,78.59071543185968,0.0,1.397665025175676,2.174514469097549
12,2019.51207E+02,8359.999,3.061,3.458,0.488,1.181,5121,33.58702833654999,483.4569660966308,0.0,80.6404555600471,0.0,2.052832311018156,0.147635200449936
13,2019.22301E+03,6607.5,1.977,3.065,0.426,0.95,22301,30.845331735862043,532.8902390791981,0.0,74.23037807122333,0.0,1.298308203919544,0.489539276143739
14,2019.43711E+02,6726.901,13.103,15.395,3.204,2.785,4371,12.39272077109365,134.60869296656236,15.959067698896392,33.112337341459394,0.0,42.79978586723769,0.422088618020096
15,2019.87316E+02,5969.3,21.451,27.112,5.493,0.984,8732,15.22976270305725,284.5455482487786,29.212104970211712,36.40973839905997,0.0,6.252447999340329,5.949411449421756
16,2019.70627E+02,6726.9,11.778,24.793,5.336,2.542,7063,4.208287025399914,72.89904936666922,42.26240538267452,0.0,0.0,26.963070571144584,0.047149374315059
17,2019.35018E+03,5592.6,18.761,15.326,3.324,1.145,35018,19.152642394642903,261.0541831153878,15.664322723908215,36.570133234641006,0.0,9.855868081256682,0.462620281273131
18,2019.17507E+03,7106.2,15.877,13.095,2.723,1.185,17507,27.858034110475717,391.41686244068944,13.32617066011402,57.47942445007634,0.0,3.693574670868311,1.801292365584211
19,2019.35436E+03,7200.998,15.651,11.464,2.333,0.934,35436,26.41756080268095,438.7000619717165,10.191553559817946,39.18237971391417,0.0,2.672657265929779,0.853634996749025
20,2019.11300E+03,6726.9,0.921,1.532,0.26,1.299,11300,32.057487961659845,489.7347021671432,0.0,70.59901080784027,0.0,7.1346081859235255,1.642281991446116
21,2019.20005E+03,6726.901,12.278,14.966,3.144,1.509,20005,25.025608937481863,330.604511386437,23.11838115546918,47.699318883220414,0.0,9.60086736667836,0.116068777498853
22,2019.19905E+03,6379.901,16.697,14.446,2.94,0.941,19905,26.86646520042202,412.7586980209883,11.108599228651132,41.351714284422464,0.0,3.86171785631932,1.5580704522744848
23,2019.24503E+03,7503.203,1.962,3.093,0.423,1.239,24502,34.75216078793627,721.3639816345271,0.0,74.36914600550963,0.0,0.606795224977044,0.01505968778696
24,2019.12981E+03,5969.301,9.933,11.923,2.356,0.832,12981,24.182426273681894,396.8857235957237,11.458145564969008,64.65217210443849,0.0,1.911424173934746,1.562001691648526
25,2019.28206E+03,6340.6,18.805,15.799,2.727,1.07,28206,32.08664439145956,629.6594161510898,3.73863683500158,30.325491459877536,0.0,1.154424175901316,0.066368222384597
26,2019.14931E+03,6143.798,11.913,12.989,2.526,1.112,14931,19.678815390948746,307.2944147749876,8.013164398259214,50.06811250015069,0.0,5.168111294619716,0.074140155031284
27,2019.37620E+00,5878.2,25.974,57.256,10.981,0.566,38,4.463205406326426,28.258373205741627,0.239234449760766,0.0,0.0,0.0,0.0
28,2019.76990E+02,5919.099,6.771,17.698,3.346,2.414,7699,2.927109847097829,33.73128448517722,38.02370709810156,0.0,0.0,39.22192088282053,8.569858786121761
29,2019.10083E+03,5918.201,5.548,13.875,2.715,2.187,10083,2.568417997307553,54.73326549375608,37.75718787099769,0.0,0.0,34.11973685385034,6.057360147818868
30,2019.31632E+02,6104.6,8.336,19.39,3.751,2.38,3163,2.552870526126334,40.06285031439384,46.60710729222978,0.0,0.0,33.90901072637779,2.728540131447918
31,2019.28342E+03,5866.301,11.329,30.441,5.574,2.063,28342,4.410624211260036,52.966508316556265,40.11380884940015,0.0,0.0,22.40992778980928,0.330566440361495
32,2019.37645E+03,6280.6,12.444,10.143,1.961,0.769,37645,11.57116200308904,221.8039844314069,8.30739364728721,23.717957913158237,0.0,5.579064641219476,31.17711187296487
1,1.14660E+03,28.2,0.002,0.004,0.001,0.003,14660,27.435247076317104,562.4830869533188,0.0,74.97482994867765,0.0,1.028288682071556,0.0509540063354859
2,1.81630E+00,28.1,0.081,0.1,0.025,0.004,82,12.954862920778917,339.04961411245864,41.12458654906284,34.619625137816975,0.0,16.5380374862183,0.0
3,1.50535E+02,28.1,0.002,0.004,0.0,0.004,5054,41.958584091155615,641.3518076580588,0.0,68.74977738201247,0.0,0.309884238646482,0.003561887800534
4,1.38595E+03,30.8,0.001,0.002,0.0,0.002,38595,35.874289922904694,809.4428144354899,0.0,64.04792552794568,0.0,0.282628162077457,0.665528691888665
5,1.26874E+03,29.3,0.001,0.002,0.0,0.001,26874,31.515515664452156,814.6438522696067,0.0,70.19102606179545,0.0,0.517752965525554,0.00971205433392
6,1.12990E+03,26.4,0.002,0.004,0.001,0.003,12990,25.634712806431136,491.1601676713088,0.0,62.08688422365413,0.0,2.404905425067553,0.016628559551029
7,1.12785E+03,29.5,0.099,0.023,0.003,0.002,12785,32.66128311418672,710.7400128117587,0.0,29.085507929915455,7.052098805409095,0.52021371702908,0.002815771134123
8,1.12233E+03,26.0,0.001,0.002,0.0,0.002,12233,30.18670878130093,625.6174932132689,0.0,77.79175586895907,0.0,0.680512333826246,0.0
9,1.19228E+03,29.5,0.001,0.001,0.0,0.001,19228,34.36246307511638,820.1150807395272,0.0,77.95459864263984,0.0,0.482096887432716,0.000936110461034
10,1.40616E+03,26.5,0.001,0.001,0.0,0.001,40616,29.691034248570336,755.0618521292485,0.0,67.4080294979237,0.0,0.742766228068233,0.010636270568996
11,1.16266E+03,25.8,0.0,0.001,0.0,0.001,16266,40.77669054742595,504.2856249654181,0.0,78.59071543185968,0.0,1.397665025175676,2.174514469097549
12,1.51207E+02,26.2,0.0,0.002,0.0,0.001,5121,33.58702833654999,483.4569660966308,0.0,80.6404555600471,0.0,2.052832311018156,0.147635200449936
13,1.22301E+03,25.7,0.0,0.001,0.0,0.001,22301,30.845331735862043,532.8902390791981,0.0,74.23037807122333,0.0,1.298308203919544,0.489539276143739
14,1.43711E+02,24.8,0.078,0.087,0.023,0.016,4371,12.39272077109365,134.60869296656236,15.959067698896392,33.112337341459394,0.0,42.79978586723769,0.422088618020096
15,1.87316E+02,25.9,0.053,0.047,0.017,0.002,8732,15.22976270305725,284.5455482487786,29.212104970211712,36.40973839905997,0.0,6.252447999340329,5.949411449421756
16,1.70627E+02,24.8,0.063,0.122,0.032,0.014,7063,4.208287025399914,72.89904936666922,42.26240538267452,0.0,0.0,26.963070571144584,0.047149374315059
17,1.35018E+03,24.5,0.175,0.149,0.049,0.01,35018,19.152642394642903,261.0541831153878,15.664322723908215,36.570133234641006,0.0,9.855868081256682,0.462620281273131
18,1.17507E+03,27.2,0.071,0.061,0.02,0.006,17507,27.858034110475717,391.41686244068944,13.32617066011402,57.47942445007634,0.0,3.693574670868311,1.801292365584211
19,1.35436E+03,29.0,0.045,0.034,0.013,0.001,35436,26.41756080268095,438.7000619717165,10.191553559817946,39.18237971391417,0.0,2.672657265929779,0.853634996749025
20,1.11300E+03,24.8,0.003,0.008,0.002,0.008,11300,32.057487961659845,489.7347021671432,0.0,70.59901080784027,0.0,7.1346081859235255,1.642281991446116
21,1.20005E+03,24.8,0.058,0.069,0.018,0.008,20005,25.025608937481863,330.604511386437,23.11838115546918,47.699318883220414,0.0,9.60086736667836,0.116068777498853
22,1.19905E+03,27.4,0.027,0.026,0.009,0.002,19905,26.86646520042202,412.7586980209883,11.108599228651132,41.351714284422464,0.0,3.86171785631932,1.5580704522744848
23,1.24503E+03,25.5,0.001,0.002,0.0,0.003,24502,34.75216078793627,721.3639816345271,0.0,74.36914600550963,0.0,0.606795224977044,0.01505968778696
24,1.12981E+03,25.9,0.021,0.018,0.006,0.001,12981,24.182426273681894,396.8857235957237,11.458145564969008,64.65217210443849,0.0,1.911424173934746,1.562001691648526
25,1.28206E+03,28.8,0.028,0.021,0.008,0.003,28206,32.08664439145956,629.6594161510898,3.73863683500158,30.325491459877536,0.0,1.154424175901316,0.066368222384597
26,1.14931E+03,28.1,0.04,0.042,0.014,0.004,14931,19.678815390948746,307.2944147749876,8.013164398259214,50.06811250015069,0.0,5.168111294619716,0.074140155031284
27,1.37620E+00,21.9,0.062,0.131,0.033,0.002,38,4.463205406326426,28.258373205741627,0.239234449760766,0.0,0.0,0.0,0.0
28,1.76990E+02,23.2,0.03,0.082,0.021,0.013,7699,2.927109847097829,33.73128448517722,38.02370709810156,0.0,0.0,39.22192088282053,8.569858786121761
29,1.10083E+03,24.0,0.022,0.054,0.015,0.01,10083,2.568417997307553,54.73326549375608,37.75718787099769,0.0,0.0,34.11973685385034,6.057360147818868
30,1.31632E+02,24.1,0.041,0.098,0.025,0.013,3163,2.552870526126334,40.06285031439384,46.60710729222978,0.0,0.0,33.90901072637779,2.728540131447918
31,1.28342E+03,23.0,0.066,0.162,0.04,0.011,28342,4.410624211260036,52.966508316556265,40.11380884940015,0.0,0.0,22.40992778980928,0.330566440361495
32,1.37645E+03,25.2,0.056,0.04,0.013,0.003,37645,11.57116200308904,221.8039844314069,8.30739364728721,23.717957913158237,0.0,5.579064641219476,31.17711187296487
1,2.14660E+03,128.7,0.007,0.017,0.002,0.013,14660,27.435247076317104,562.4830869533188,0.0,74.97482994867765,0.0,1.028288682071556,0.0509540063354859
2,2.81630E+00,147.9,0.284,0.475,0.124,0.032,82,12.954862920778917,339.04961411245864,41.12458654906284,34.619625137816975,0.0,16.5380374862183,0.0
3,2.50535E+02,147.9,0.008,0.021,0.003,0.027,5054,41.958584091155615,641.3518076580588,0.0,68.74977738201247,0.0,0.309884238646482,0.003561887800534
4,2.38595E+03,130.8,0.015,0.037,0.005,0.028,38595,35.874289922904694,809.4428144354899,0.0,64.04792552794568,0.0,0.282628162077457,0.665528691888665
5,2.26874E+03,169.9,0.016,0.036,0.005,0.027,26874,31.515515664452156,814.6438522696067,0.0,70.19102606179545,0.0,0.517752965525554,0.00971205433392
6,2.12990E+03,138.3,0.01,0.023,0.004,0.016,12990,25.634712806431136,491.1601676713088,0.0,62.08688422365413,0.0,2.404905425067553,0.016628559551029
7,2.12785E+03,123.1,1.059,0.305,0.044,0.026,12785,32.66128311418672,710.7400128117587,0.0,29.085507929915455,7.052098805409095,0.52021371702908,0.002815771134123
8,2.12233E+03,145.5,0.011,0.028,0.004,0.027,12233,30.18670878130093,625.6174932132689,0.0,77.79175586895907,0.0,0.680512333826246,0.0
9,2.19228E+03,123.1,0.01,0.024,0.003,0.024,19228,34.36246307511638,820.1150807395272,0.0,77.95459864263984,0.0,0.482096887432716,0.000936110461034
10,2.40616E+03,119.5,0.015,0.042,0.006,0.026,40616,29.691034248570336,755.0618521292485,0.0,67.4080294979237,0.0,0.742766228068233,0.010636270568996
11,2.16266E+03,162.8,0.007,0.017,0.003,0.017,16266,40.77669054742595,504.2856249654181,0.0,78.59071543185968,0.0,1.397665025175676,2.174514469097549
12,2.51207E+02,158.1,0.005,0.014,0.002,0.013,5121,33.58702833654999,483.4569660966308,0.0,80.6404555600471,0.0,2.052832311018156,0.147635200449936
13,2.22301E+03,160.0,0.008,0.019,0.003,0.02,22301,30.845331735862043,532.8902390791981,0.0,74.23037807122333,0.0,1.298308203919544,0.489539276143739
14,2.43711E+02,196.0,0.191,0.203,0.053,0.047,4371,12.39272077109365,134.60869296656236,15.959067698896392,33.112337341459394,0.0,42.79978586723769,0.422088618020096
15,2.87316E+02,158.7,0.275,0.364,0.135,0.019,8732,15.22976270305725,284.5455482487786,29.212104970211712,36.40973839905997,0.0,6.252447999340329,5.949411449421756
16,2.70627E+02,196.0,0.135,0.27,0.069,0.043,7063,4.208287025399914,72.89904936666922,42.26240538267452,0.0,0.0,26.963070571144584,0.047149374315059
17,2.35018E+03,175.1,0.171,0.188,0.061,0.021,35018,19.152642394642903,261.0541831153878,15.664322723908215,36.570133234641006,0.0,9.855868081256682,0.462620281273131
18,2.17507E+03,192.5,0.153,0.153,0.05,0.021,17507,27.858034110475717,391.41686244068944,13.32617066011402,57.47942445007634,0.0,3.693574670868311,1.801292365584211
19,2.35436E+03,185.1,0.138,0.134,0.051,0.009,35436,26.41756080268095,438.7000619717165,10.191553559817946,39.18237971391417,0.0,2.672657265929779,0.853634996749025
20,2.11300E+03,196.0,0.006,0.017,0.004,0.019,11300,32.057487961659845,489.7347021671432,0.0,70.59901080784027,0.0,7.1346081859235255,1.642281991446116
21,2.20005E+03,196.0,0.14,0.164,0.043,0.023,20005,25.025608937481863,330.604511386437,23.11838115546918,47.699318883220414,0.0,9.60086736667836,0.116068777498853
22,2.19905E+03,179.9,0.216,0.215,0.079,0.019,19905,26.86646520042202,412.7586980209883,11.108599228651132,41.351714284422464,0.0,3.86171785631932,1.5580704522744848
23,2.24503E+03,183.5,0.007,0.019,0.003,0.026,24502,34.75216078793627,721.3639816345271,0.0,74.36914600550963,0.0,0.606795224977044,0.01505968778696
24,2.12981E+03,158.7,0.117,0.153,0.056,0.016,12981,24.182426273681894,396.8857235957237,11.458145564969008,64.65217210443849,0.0,1.911424173934746,1.562001691648526
25,2.28206E+03,169.9,0.255,0.281,0.11,0.031,28206,32.08664439145956,629.6594161510898,3.73863683500158,30.325491459877536,0.0,1.154424175901316,0.066368222384597
26,2.14931E+03,166.1,0.147,0.196,0.064,0.026,14931,19.678815390948746,307.2944147749876,8.013164398259214,50.06811250015069,0.0,5.168111294619716,0.074140155031284
27,2.37620E+00,184.7,0.254,0.509,0.123,0.025,38,4.463205406326426,28.258373205741627,0.239234449760766,0.0,0.0,0.0,0.0
28,2.76990E+02,190.4,0.07,0.191,0.049,0.056,7699,2.927109847097829,33.73128448517722,38.02370709810156,0.0,0.0,39.22192088282053,8.569858786121761
29,2.10083E+03,193.5,0.038,0.094,0.027,0.041,10083,2.568417997307553,54.73326549375608,37.75718787099769,0.0,0.0,34.11973685385034,6.057360147818868
30,2.31632E+02,203.0,0.066,0.184,0.048,0.053,3163,2.552870526126334,40.06285031439384,46.60710729222978,0.0,0.0,33.90901072637779,2.728540131447918
31,2.28342E+03,183.3,0.141,0.386,0.093,0.052,28342,4.410624211260036,52.966508316556265,40.11380884940015,0.0,0.0,22.40992778980928,0.330566440361495
32,2.37645E+03,172.8,0.142,0.103,0.032,0.013,37645,11.57116200308904,221.8039844314069,8.30739364728721,23.717957913158237,0.0,5.579064641219476,31.17711187296487
1,3.14660E+03,257.0,0.035,0.056,0.008,0.029,14660,27.435247076317104,562.4830869533188,0.0,74.97482994867765,0.0,1.028288682071556,0.0509540063354859
2,3.81630E+00,254.8,0.722,0.695,0.183,0.075,82,12.954862920778917,339.04961411245864,41.12458654906284,34.619625137816975,0.0,16.5380374862183,0.0
3,3.50535E+02,254.8,0.034,0.059,0.008,0.041,5054,41.958584091155615,641.3518076580588,0.0,68.74977738201247,0.0,0.309884238646482,0.003561887800534
4,3.38595E+03,247.7,0.038,0.07,0.009,0.035,38595,35.874289922904694,809.4428144354899,0.0,64.04792552794568,0.0,0.282628162077457,0.665528691888665
5,3.26874E+03,250.1,0.039,0.062,0.008,0.033,26874,31.515515664452156,814.6438522696067,0.0,70.19102606179545,0.0,0.517752965525554,0.00971205433392
6,3.12990E+03,269.4,0.043,0.057,0.009,0.031,12990,25.634712806431136,491.1601676713088,0.0,62.08688422365413,0.0,2.404905425067553,0.016628559551029
7,3.12785E+03,247.7,2.07,0.371,0.053,0.034,12785,32.66128311418672,710.7400128117587,0.0,29.085507929915455,7.052098805409095,0.52021371702908,0.002815771134123
8,3.12233E+03,264.9,0.039,0.062,0.009,0.036,12233,30.18670878130093,625.6174932132689,0.0,77.79175586895907,0.0,0.680512333826246,0.0
9,3.19228E+03,247.7,0.032,0.059,0.008,0.032,19228,34.36246307511638,820.1150807395272,0.0,77.95459864263984,0.0,0.482096887432716,0.000936110461034
10,3.40616E+03,273.6,0.041,0.076,0.01,0.036,40616,29.691034248570336,755.0618521292485,0.0,67.4080294979237,0.0,0.742766228068233,0.010636270568996
11,3.16266E+03,256.9,0.021,0.029,0.004,0.025,16266,40.77669054742595,504.2856249654181,0.0,78.59071543185968,0.0,1.397665025175676,2.174514469097549
12,3.51207E+02,263.4,0.018,0.027,0.004,0.024,5121,33.58702833654999,483.4569660966308,0.0,80.6404555600471,0.0,2.052832311018156,0.147635200449936
13,3.22301E+03,246.1,0.022,0.034,0.005,0.028,22301,30.845331735862043,532.8902390791981,0.0,74.23037807122333,0.0,1.298308203919544,0.489539276143739
14,3.43711E+02,214.4,0.192,0.171,0.043,0.073,4371,12.39272077109365,134.60869296656236,15.959067698896392,33.112337341459394,0.0,42.79978586723769,0.422088618020096
15,3.87316E+02,237.3,0.564,0.477,0.17,0.042,8732,15.22976270305725,284.5455482487786,29.212104970211712,36.40973839905997,0.0,6.252447999340329,5.949411449421756
16,3.70627E+02,214.4,0.15,0.24,0.061,0.069,7063,4.208287025399914,72.89904936666922,42.26240538267452,0.0,0.0,26.963070571144584,0.047149374315059
17,3.35018E+03,193.7,0.193,0.17,0.052,0.033,35018,19.152642394642903,261.0541831153878,15.664322723908215,36.570133234641006,0.0,9.855868081256682,0.462620281273131
18,3.17507E+03,231.0,0.232,0.181,0.054,0.031,17507,27.858034110475717,391.41686244068944,13.32617066011402,57.47942445007634,0.0,3.693574670868311,1.801292365584211
19,3.35436E+03,239.7,0.249,0.178,0.062,0.021,35436,26.41756080268095,438.7000619717165,10.191553559817946,39.18237971391417,0.0,2.672657265929779,0.853634996749025
20,3.11300E+03,214.4,0.02,0.034,0.006,0.028,11300,32.057487961659845,489.7347021671432,0.0,70.59901080784027,0.0,7.1346081859235255,1.642281991446116
21,3.20005E+03,214.4,0.154,0.145,0.036,0.036,20005,25.025608937481863,330.604511386437,23.11838115546918,47.699318883220414,0.0,9.60086736667836,0.116068777498853
22,3.19905E+03,206.8,0.269,0.192,0.066,0.028,19905,26.86646520042202,412.7586980209883,11.108599228651132,41.351714284422464,0.0,3.86171785631932,1.5580704522744848
23,3.24503E+03,235.9,0.025,0.036,0.005,0.031,24502,34.75216078793627,721.3639816345271,0.0,74.36914600550963,0.0,0.606795224977044,0.01505968778696
24,3.12981E+03,237.3,0.257,0.21,0.072,0.028,12981,24.182426273681894,396.8857235957237,11.458145564969008,64.65217210443849,0.0,1.911424173934746,1.562001691648526
25,3.28206E+03,229.9,0.489,0.331,0.12,0.042,28206,32.08664439145956,629.6594161510898,3.73863683500158,30.325491459877536,0.0,1.154424175901316,0.066368222384597
26,3.14931E+03,233.6,0.291,0.254,0.078,0.047,14931,19.678815390948746,307.2944147749876,8.013164398259214,50.06811250015069,0.0,5.168111294619716,0.074140155031284
27,3.37620E+00,142.0,0.459,0.611,0.144,0.031,38,4.463205406326426,28.258373205741627,0.239234449760766,0.0,0.0,0.0,0.0
28,3.76990E+02,162.3,0.105,0.218,0.054,0.076,7699,2.927109847097829,33.73128448517722,38.02370709810156,0.0,0.0,39.22192088282053,8.569858786121761
29,3.10083E+03,185.2,0.068,0.142,0.037,0.068,10083,2.568417997307553,54.73326549375608,37.75718787099769,0.0,0.0,34.11973685385034,6.057360147818868
30,3.31632E+02,190.5,0.13,0.233,0.058,0.081,3163,2.552870526126334,40.06285031439384,46.60710729222978,0.0,0.0,33.90901072637779,2.728540131447918
31,3.28342E+03,159.5,0.202,0.398,0.093,0.068,28342,4.410624211260036,52.966508316556265,40.11380884940015,0.0,0.0,22.40992778980928,0.330566440361495
32,3.37645E+03,218.6,0.182,0.114,0.033,0.021,37645,11.57116200308904,221.8039844314069,8.30739364728721,23.717957913158237,0.0,5.579064641219476,31.17711187296487
1,4.14660E+03,198.0,0.089,0.115,0.015,0.021,14660,27.435247076317104,562.4830869533188,0.0,74.97482994867765,0.0,1.028288682071556,0.0509540063354859
2,4.81630E+00,189.8,0.793,0.594,0.145,0.075,82,12.954862920778917,339.04961411245864,41.12458654906284,34.619625137816975,0.0,16.5380374862183,0.0
3,4.50535E+02,189.8,0.078,0.11,0.015,0.027,5054,41.958584091155615,641.3518076580588,0.0,68.74977738201247,0.0,0.309884238646482,0.003561887800534
4,4.38595E+03,209.9,0.083,0.137,0.018,0.027,38595,35.874289922904694,809.4428144354899,0.0,64.04792552794568,0.0,0.282628162077457,0.665528691888665
5,4.26874E+03,158.3,0.068,0.093,0.012,0.016,26874,31.515515664452156,814.6438522696067,0.0,70.19102606179545,0.0,0.517752965525554,0.00971205433392
6,4.12990E+03,180.5,0.069,0.082,0.011,0.019,12990,25.634712806431136,491.1601676713088,0.0,62.08688422365413,0.0,2.404905425067553,0.016628559551029
7,4.12785E+03,207.3,3.457,0.464,0.064,0.027,12785,32.66128311418672,710.7400128117587,0.0,29.085507929915455,7.052098805409095,0.52021371702908,0.002815771134123
8,4.12233E+03,172.3,0.066,0.091,0.012,0.019,12233,30.18670878130093,625.6174932132689,0.0,77.79175586895907,0.0,0.680512333826246,0.0
9,4.19228E+03,207.3,0.072,0.115,0.015,0.025,19228,34.36246307511638,820.1150807395272,0.0,77.95459864263984,0.0,0.482096887432716,0.000936110461034
10,4.40616E+03,189.6,0.057,0.087,0.012,0.022,40616,29.691034248570336,755.0618521292485,0.0,67.4080294979237,0.0,0.742766228068233,0.010636270568996
11,4.16266E+03,163.5,0.019,0.028,0.004,0.01,16266,40.77669054742595,504.2856249654181,0.0,78.59071543185968,0.0,1.397665025175676,2.174514469097549
12,4.51207E+02,171.9,0.019,0.021,0.003,0.012,5121,33.58702833654999,483.4569660966308,0.0,80.6404555600471,0.0,2.052832311018156,0.147635200449936
13,4.22301E+03,155.1,0.022,0.035,0.005,0.011,22301,30.845331735862043,532.8902390791981,0.0,74.23037807122333,0.0,1.298308203919544,0.489539276143739
14,4.43711E+02,131.3,0.227,0.135,0.032,0.072,4371,12.39272077109365,134.60869296656236,15.959067698896392,33.112337341459394,0.0,42.79978586723769,0.422088618020096
15,4.87316E+02,151.1,0.443,0.281,0.089,0.034,8732,15.22976270305725,284.5455482487786,29.212104970211712,36.40973839905997,0.0,6.252447999340329,5.949411449421756
16,4.70627E+02,131.3,0.163,0.204,0.049,0.073,7063,4.208287025399914,72.89904936666922,42.26240538267452,0.0,0.0,26.963070571144584,0.047149374315059
17,4.35018E+03,143.3,0.427,0.223,0.062,0.038,35018,19.152642394642903,261.0541831153878,15.664322723908215,36.570133234641006,0.0,9.855868081256682,0.462620281273131
18,4.17507E+03,127.8,0.212,0.122,0.033,0.02,17507,27.858034110475717,391.41686244068944,13.32617066011402,57.47942445007634,0.0,3.693574670868311,1.801292365584211
19,4.35436E+03,130.0,0.221,0.097,0.032,0.012,35436,26.41756080268095,438.7000619717165,10.191553559817946,39.18237971391417,0.0,2.672657265929779,0.853634996749025
20,4.11300E+03,131.3,0.021,0.03,0.005,0.02,11300,32.057487961659845,489.7347021671432,0.0,70.59901080784027,0.0,7.1346081859235255,1.642281991446116
21,4.20005E+03,131.3,0.182,0.125,0.029,0.031,20005,25.025608937481863,330.604511386437,23.11838115546918,47.699318883220414,0.0,9.60086736667836,0.116068777498853
22,4.19905E+03,162.7,0.222,0.12,0.037,0.026,19905,26.86646520042202,412.7586980209883,11.108599228651132,41.351714284422464,0.0,3.86171785631932,1.5580704522744848
23,4.24503E+03,151.6,0.032,0.043,0.006,0.015,24502,34.75216078793627,721.3639816345271,0.0,74.36914600550963,0.0,0.606795224977044,0.01505968778696
24,4.12981E+03,151.1,0.189,0.122,0.037,0.018,12981,24.182426273681894,396.8857235957237,11.458145564969008,64.65217210443849,0.0,1.911424173934746,1.562001691648526
25,4.28206E+03,171.7,0.564,0.274,0.082,0.034,28206,32.08664439145956,629.6594161510898,3.73863683500158,30.325491459877536,0.0,1.154424175901316,0.066368222384597
26,4.14931E+03,168.5,0.263,0.186,0.05,0.038,14931,19.678815390948746,307.2944147749876,8.013164398259214,50.06811250015069,0.0,5.168111294619716,0.074140155031284
27,4.37620E+00,114.5,0.536,0.662,0.148,0.037,38,4.463205406326426,28.258373205741627,0.239234449760766,0.0,0.0,0.0,0.0
28,4.76990E+02,110.5,0.104,0.172,0.04,0.077,7699,2.927109847097829,33.73128448517722,38.02370709810156,0.0,0.0,39.22192088282053,8.569858786121761
29,4.10083E+03,123.8,0.053,0.108,0.027,0.073,10083,2.568417997307553,54.73326549375608,37.75718787099769,0.0,0.0,34.11973685385034,6.057360147818868
30,4.31632E+02,114.7,0.087,0.137,0.033,0.072,3163,2.552870526126334,40.06285031439384,46.60710729222978,0.0,0.0,33.90901072637779,2.728540131447918
31,4.28342E+03,119.1,0.183,0.323,0.071,0.08,28342,4.410624211260036,52.966508316556265,40.11380884940015,0.0,0.0,22.40992778980928,0.330566440361495
32,4.37645E+03,149.1,0.241,0.092,0.026,0.021,37645,11.57116200308904,221.8039844314069,8.30739364728721,23.717957913158237,0.0,5.579064641219476,31.17711187296487
1,5.14660E+03,425.3,0.394,0.588,0.078,0.041,14660,27.435247076317104,562.4830869533188,0.0,74.97482994867765,0.0,1.028288682071556,0.0509540063354859
2,5.81630E+00,427.1,1.159,0.996,0.217,0.143,82,12.954862920778917,339.04961411245864,41.12458654906284,34.619625137816975,0.0,16.5380374862183,0.0
3,5.50535E+02,427.1,0.224,0.395,0.052,0.053,5054,41.958584091155615,641.3518076580588,0.0,68.74977738201247,0.0,0.309884238646482,0.003561887800534
4,5.38595E+03,481.7,0.393,0.738,0.098,0.055,38595,35.874289922904694,809.4428144354899,0.0,64.04792552794568,0.0,0.282628162077457,0.665528691888665
5,5.26874E+03,407.5,0.267,0.434,0.058,0.037,26874,31.515515664452156,814.6438522696067,0.0,70.19102606179545,0.0,0.517752965525554,0.00971205433392
6,5.12990E+03,352.7,0.202,0.3,0.041,0.031,12990,25.634712806431136,491.1601676713088,0.0,62.08688422365413,0.0,2.404905425067553,0.016628559551029
7,5.12785E+03,461.4,5.547,0.982,0.131,0.053,12785,32.66128311418672,710.7400128117587,0.0,29.085507929915455,7.052098805409095,0.52021371702908,0.002815771134123
8,5.12233E+03,323.4,0.175,0.315,0.042,0.029,12233,30.18670878130093,625.6174932132689,0.0,77.79175586895907,0.0,0.680512333826246,0.0
9,5.19228E+03,461.4,0.388,0.685,0.09,0.052,19228,34.36246307511638,820.1150807395272,0.0,77.95459864263984,0.0,0.482096887432716,0.000936110461034
10,5.40616E+03,353.7,0.281,0.493,0.065,0.033,40616,29.691034248570336,755.0618521292485,0.0,67.4080294979237,0.0,0.742766228068233,0.010636270568996
11,5.16266E+03,338.2,0.063,0.101,0.014,0.018,16266,40.77669054742595,504.2856249654181,0.0,78.59071543185968,0.0,1.397665025175676,2.174514469097549
12,5.51207E+02,361.7,0.073,0.094,0.013,0.022,5121,33.58702833654999,483.4569660966308,0.0,80.6404555600471,0.0,2.052832311018156,0.147635200449936
13,5.22301E+03,328.0,0.081,0.16,0.022,0.022,22301,30.845331735862043,532.8902390791981,0.0,74.23037807122333,0.0,1.298308203919544,0.489539276143739
14,5.43711E+02,298.6,0.34,0.277,0.06,0.119,4371,12.39272077109365,134.60869296656236,15.959067698896392,33.112337341459394,0.0,42.79978586723769,0.422088618020096
15,5.87316E+02,317.7,0.504,0.457,0.125,0.06,8732,15.22976270305725,284.5455482487786,29.212104970211712,36.40973839905997,0.0,6.252447999340329,5.949411449421756
16,5.70627E+02,298.6,0.234,0.357,0.084,0.114,7063,4.208287025399914,72.89904936666922,42.26240538267452,0.0,0.0,26.963070571144584,0.047149374315059
17,5.35018E+03,240.6,0.358,0.269,0.066,0.043,35018,19.152642394642903,261.0541831153878,15.664322723908215,36.570133234641006,0.0,9.855868081256682,0.462620281273131
18,5.17507E+03,347.2,0.431,0.314,0.07,0.042,17507,27.858034110475717,391.41686244068944,13.32617066011402,57.47942445007634,0.0,3.693574670868311,1.801292365584211
19,5.35436E+03,372.4,0.372,0.203,0.056,0.027,35436,26.41756080268095,438.7000619717165,10.191553559817946,39.18237971391417,0.0,2.672657265929779,0.853634996749025
20,5.11300E+03,298.6,0.071,0.126,0.019,0.035,11300,32.057487961659845,489.7347021671432,0.0,70.59901080784027,0.0,7.1346081859235255,1.642281991446116
21,5.20005E+03,298.6,0.274,0.265,0.055,0.051,20005,25.025608937481863,330.604511386437,23.11838115546918,47.699318883220414,0.0,9.60086736667836,0.116068777498853
22,5.19905E+03,277.9,0.373,0.273,0.07,0.036,19905,26.86646520042202,412.7586980209883,11.108599228651132,41.351714284422464,0.0,3.86171785631932,1.5580704522744848
23,5.24503E+03,332.1,0.092,0.161,0.022,0.026,24502,34.75216078793627,721.3639816345271,0.0,74.36914600550963,0.0,0.606795224977044,0.01505968778696
24,5.12981E+03,317.7,0.252,0.254,0.06,0.032,12981,24.182426273681894,396.8857235957237,11.458145564969008,64.65217210443849,0.0,1.911424173934746,1.562001691648526
25,5.28206E+03,309.0,0.622,0.519,0.111,0.049,28206,32.08664439145956,629.6594161510898,3.73863683500158,30.325491459877536,0.0,1.154424175901316,0.066368222384597
26,5.14931E+03,298.8,0.327,0.329,0.073,0.054,14931,19.678815390948746,307.2944147749876,8.013164398259214,50.06811250015069,0.0,5.168111294619716,0.074140155031284
27,5.37620E+00,359.2,1.15,1.792,0.385,0.073,38,4.463205406326426,28.258373205741627,0.239234449760766,0.0,0.0,0.0,0.0
28,5.76990E+02,278.5,0.162,0.307,0.07,0.126,7699,2.927109847097829,33.73128448517722,38.02370709810156,0.0,0.0,39.22192088282053,8.569858786121761
29,5.10083E+03,252.1,0.072,0.155,0.039,0.092,10083,2.568417997307553,54.73326549375608,37.75718787099769,0.0,0.0,34.11973685385034,6.057360147818868
30,5.31632E+02,275.4,0.137,0.26,0.061,0.116,3163,2.552870526126334,40.06285031439384,46.60710729222978,0.0,0.0,33.90901072637779,2.728540131447918
31,5.28342E+03,262.9,0.229,0.473,0.101,0.113,28342,4.410624211260036,52.966508316556265,40.11380884940015,0.0,0.0,22.40992778980928,0.330566440361495
32,5.37645E+03,300.8,0.297,0.156,0.039,0.03,37645,11.57116200308904,221.8039844314069,8.30739364728721,23.717957913158237,0.0,5.579064641219476,31.17711187296487
1,6.14660E+03,512.4,0.481,0.766,0.102,0.053,14660,27.435247076317104,562.4830869533188,0.0,74.97482994867765,0.0,1.028288682071556,0.0509540063354859
2,6.81630E+00,501.9,2.004,1.572,0.333,0.088,82,12.954862920778917,339.04961411245864,41.12458654906284,34.619625137816975,0.0,16.5380374862183,0.0
3,6.50535E+02,501.9,0.253,0.549,0.073,0.064,5054,41.958584091155615,641.3518076580588,0.0,68.74977738201247,0.0,0.309884238646482,0.003561887800534
4,6.38595E+03,601.9,0.671,1.213,0.16,0.075,38595,35.874289922904694,809.4428144354899,0.0,64.04792552794568,0.0,0.282628162077457,0.665528691888665
5,6.26874E+03,601.9,0.798,1.112,0.147,0.071,26874,31.515515664452156,814.6438522696067,0.0,70.19102606179545,0.0,0.517752965525554,0.00971205433392
6,6.12990E+03,545.9,0.467,0.646,0.087,0.059,12990,25.634712806431136,491.1601676713088,0.0,62.08688422365413,0.0,2.404905425067553,0.016628559551029
7,6.12785E+03,499.3,7.828,0.913,0.121,0.055,12785,32.66128311418672,710.7400128117587,0.0,29.085507929915455,7.052098805409095,0.52021371702908,0.002815771134123
8,6.12233E+03,520.4,0.478,0.837,0.111,0.062,12233,30.18670878130093,625.6174932132689,0.0,77.79175586895907,0.0,0.680512333826246,0.0
9,6.19228E+03,499.3,0.31,0.665,0.087,0.057,19228,34.36246307511638,820.1150807395272,0.0,77.95459864263984,0.0,0.482096887432716,0.000936110461034
10,6.40616E+03,593.5,0.706,1.409,0.185,0.076,40616,29.691034248570336,755.0618521292485,0.0,67.4080294979237,0.0,0.742766228068233,0.010636270568996
11,6.16266E+03,461.8,0.332,0.413,0.056,0.042,16266,40.77669054742595,504.2856249654181,0.0,78.59071543185968,0.0,1.397665025175676,2.174514469097549
12,6.51207E+02,498.4,0.404,0.387,0.053,0.047,5121,33.58702833654999,483.4569660966308,0.0,80.6404555600471,0.0,2.052832311018156,0.147635200449936
13,6.22301E+03,405.7,0.277,0.395,0.053,0.039,22301,30.845331735862043,532.8902390791981,0.0,74.23037807122333,0.0,1.298308203919544,0.489539276143739
14,6.43711E+02,355.9,0.716,0.512,0.106,0.112,4371,12.39272077109365,134.60869296656236,15.959067698896392,33.112337341459394,0.0,42.79978586723769,0.422088618020096
15,6.87316E+02,374.5,1.119,0.826,0.222,0.039,8732,15.22976270305725,284.5455482487786,29.212104970211712,36.40973839905997,0.0,6.252447999340329,5.949411449421756
16,6.70627E+02,355.9,0.53,0.775,0.174,0.094,7063,4.208287025399914,72.89904936666922,42.26240538267452,0.0,0.0,26.963070571144584,0.047149374315059
17,6.35018E+03,314.9,0.685,0.461,0.109,0.042,35018,19.152642394642903,261.0541831153878,15.664322723908215,36.570133234641006,0.0,9.855868081256682,0.462620281273131
18,6.17507E+03,485.4,1.173,0.739,0.154,0.059,17507,27.858034110475717,391.41686244068944,13.32617066011402,57.47942445007634,0.0,3.693574670868311,1.801292365584211
19,6.35436E+03,579.5,1.639,0.891,0.195,0.058,35436,26.41756080268095,438.7000619717165,10.191553559817946,39.18237971391417,0.0,2.672657265929779,0.853634996749025
20,6.11300E+03,355.9,0.196,0.253,0.036,0.048,11300,32.057487961659845,489.7347021671432,0.0,70.59901080784027,0.0,7.1346081859235255,1.642281991446116
21,6.20005E+03,355.9,0.665,0.542,0.111,0.051,20005,25.025608937481863,330.604511386437,23.11838115546918,47.699318883220414,0.0,9.60086736667836,0.116068777498853
22,6.19905E+03,404.8,0.675,0.478,0.113,0.036,19905,26.86646520042202,412.7586980209883,11.108599228651132,41.351714284422464,0.0,3.86171785631932,1.5580704522744848
23,6.24503E+03,413.2,0.271,0.355,0.047,0.046,24502,34.75216078793627,721.3639816345271,0.0,74.36914600550963,0.0,0.606795224977044,0.01505968778696
24,6.12981E+03,374.5,0.559,0.446,0.105,0.032,12981,24.182426273681894,396.8857235957237,11.458145564969008,64.65217210443849,0.0,1.911424173934746,1.562001691648526
25,6.28206E+03,482.4,1.191,0.81,0.173,0.064,28206,32.08664439145956,629.6594161510898,3.73863683500158,30.325491459877536,0.0,1.154424175901316,0.066368222384597
26,6.14931E+03,463.6,0.655,0.65,0.141,0.061,14931,19.678815390948746,307.2944147749876,8.013164398259214,50.06811250015069,0.0,5.168111294619716,0.074140155031284
27,6.37620E+00,411.9,1.343,2.292,0.476,0.013,38,4.463205406326426,28.258373205741627,0.239234449760766,0.0,0.0,0.0,0.0
28,6.76990E+02,320.1,0.233,0.461,0.101,0.097,7699,2.927109847097829,33.73128448517722,38.02370709810156,0.0,0.0,39.22192088282053,8.569858786121761
29,6.10083E+03,313.6,0.215,0.426,0.096,0.084,10083,2.568417997307553,54.73326549375608,37.75718787099769,0.0,0.0,34.11973685385034,6.057360147818868
30,6.31632E+02,309.6,0.306,0.572,0.126,0.087,3163,2.552870526126334,40.06285031439384,46.60710729222978,0.0,0.0,33.90901072637779,2.728540131447918
31,6.28342E+03,327.2,0.466,0.955,0.196,0.079,28342,4.410624211260036,52.966508316556265,40.11380884940015,0.0,0.0,22.40992778980928,0.330566440361495
32,6.37645E+03,349.5,0.593,0.311,0.068,0.027,37645,11.57116200308904,221.8039844314069,8.30739364728721,23.717957913158237,0.0,5.579064641219476,31.17711187296487
1,7.14660E+03,1784.599,1.409,2.386,0.318,0.246,14660,27.435247076317104,562.4830869533188,0.0,74.97482994867765,0.0,1.028288682071556,0.0509540063354859
2,7.81630E+00,1792.1,6.625,4.749,0.976,0.353,82,12.954862920778917,339.04961411245864,41.12458654906284,34.619625137816975,0.0,16.5380374862183,0.0
3,7.50535E+02,1792.1,0.827,1.823,0.241,0.302,5054,41.958584091155615,641.3518076580588,0.0,68.74977738201247,0.0,0.309884238646482,0.003561887800534
4,7.38595E+03,1764.5,1.617,3.343,0.442,0.259,38595,35.874289922904694,809.4428144354899,0.0,64.04792552794568,0.0,0.282628162077457,0.665528691888665
5,7.26874E+03,1534.4,1.118,2.109,0.28,0.209,26874,31.515515664452156,814.6438522696067,0.0,70.19102606179545,0.0,0.517752965525554,0.00971205433392
6,7.12990E+03,1725.5,1.171,1.952,0.264,0.234,12990,25.634712806431136,491.1601676713088,0.0,62.08688422365413,0.0,2.404905425067553,0.016628559551029
7,7.12785E+03,1705.3,27.947,2.51,0.331,0.242,12785,32.66128311418672,710.7400128117587,0.0,29.085507929915455,7.052098805409095,0.52021371702908,0.002815771134123
8,7.12233E+03,1438.9,0.945,1.751,0.232,0.206,12233,30.18670878130093,625.6174932132689,0.0,77.79175586895907,0.0,0.680512333826246,0.0
9,7.19228E+03,1705.3,1.131,2.649,0.347,0.265,19228,34.36246307511638,820.1150807395272,0.0,77.95459864263984,0.0,0.482096887432716,0.000936110461034
10,7.40616E+03,1760.9,1.572,3.441,0.453,0.255,40616,29.691034248570336,755.0618521292485,0.0,67.4080294979237,0.0,0.742766228068233,0.010636270568996
11,7.16266E+03,1453.2,0.673,1.022,0.139,0.183,16266,40.77669054742595,504.2856249654181,0.0,78.59071543185968,0.0,1.397665025175676,2.174514469097549
12,7.51207E+02,1735.6,0.762,1.168,0.16,0.235,5121,33.58702833654999,483.4569660966308,0.0,80.6404555600471,0.0,2.052832311018156,0.147635200449936
13,7.22301E+03,1247.2,0.474,0.809,0.11,0.166,22301,30.845331735862043,532.8902390791981,0.0,74.23037807122333,0.0,1.298308203919544,0.489539276143739
14,7.43711E+02,1258.1,2.048,1.467,0.314,0.493,4371,12.39272077109365,134.60869296656236,15.959067698896392,33.112337341459394,0.0,42.79978586723769,0.422088618020096
15,7.87316E+02,1091.3,4.252,2.531,0.634,0.122,8732,15.22976270305725,284.5455482487786,29.212104970211712,36.40973839905997,0.0,6.252447999340329,5.949411449421756
16,7.70627E+02,1258.1,1.794,2.869,0.64,0.399,7063,4.208287025399914,72.89904936666922,42.26240538267452,0.0,0.0,26.963070571144584,0.047149374315059
17,7.35018E+03,688.1,1.55,0.788,0.195,0.104,35018,19.152642394642903,261.0541831153878,15.664322723908215,36.570133234641006,0.0,9.855868081256682,0.462620281273131
18,7.17507E+03,1310.0,2.482,1.456,0.308,0.186,17507,27.858034110475717,391.41686244068944,13.32617066011402,57.47942445007634,0.0,3.693574670868311,1.801292365584211
19,7.35436E+03,1258.7,2.18,1.061,0.229,0.131,35436,26.41756080268095,438.7000619717165,10.191553559817946,39.18237971391417,0.0,2.672657265929779,0.853634996749025
20,7.11300E+03,1258.1,0.269,0.466,0.072,0.23,11300,32.057487961659845,489.7347021671432,0.0,70.59901080784027,0.0,7.1346081859235255,1.642281991446116
21,7.20005E+03,1258.1,1.825,1.583,0.331,0.241,20005,25.025608937481863,330.604511386437,23.11838115546918,47.699318883220414,0.0,9.60086736667836,0.116068777498853
22,7.19905E+03,969.6,2.226,1.11,0.264,0.115,19905,26.86646520042202,412.7586980209883,11.108599228651132,41.351714284422464,0.0,3.86171785631932,1.5580704522744848
23,7.24503E+03,1504.601,0.574,1.028,0.138,0.234,24502,34.75216078793627,721.3639816345271,0.0,74.36914600550963,0.0,0.606795224977044,0.01505968778696
24,7.12981E+03,1091.3,2.067,1.398,0.306,0.12,12981,24.182426273681894,396.8857235957237,11.458145564969008,64.65217210443849,0.0,1.911424173934746,1.562001691648526
25,7.28206E+03,1123.2,3.42,1.613,0.328,0.166,28206,32.08664439145956,629.6594161510898,3.73863683500158,30.325491459877536,0.0,1.154424175901316,0.066368222384597
26,7.14931E+03,1095.1,1.943,1.391,0.308,0.178,14931,19.678815390948746,307.2944147749876,8.013164398259214,50.06811250015069,0.0,5.168111294619716,0.074140155031284
27,7.37620E+00,878.6,2.884,5.0,1.021,0.024,38,4.463205406326426,28.258373205741627,0.239234449760766,0.0,0.0,0.0,0.0
28,7.76990E+02,930.0,0.805,1.597,0.338,0.327,7699,2.927109847097829,33.73128448517722,38.02370709810156,0.0,0.0,39.22192088282053,8.569858786121761
29,7.10083E+03,870.0,0.523,1.093,0.245,0.262,10083,2.568417997307553,54.73326549375608,37.75718787099769,0.0,0.0,34.11973685385034,6.057360147818868
30,7.31632E+02,1064.0,1.045,2.187,0.473,0.364,3163,2.552870526126334,40.06285031439384,46.60710729222978,0.0,0.0,33.90901072637779,2.728540131447918
31,7.28342E+03,769.7,1.076,2.283,0.459,0.212,28342,4.410624211260036,52.966508316556265,40.11380884940015,0.0,0.0,22.40992778980928,0.330566440361495
32,7.37645E+03,1101.5,1.899,0.786,0.178,0.117,37645,11.57116200308904,221.8039844314069,8.30739364728721,23.717957913158237,0.0,5.579064641219476,31.17711187296487
1,8.14660E+03,2704.499,0.899,1.14,0.155,0.374,14660,27.435247076317104,562.4830869533188,0.0,74.97482994867765,0.0,1.028288682071556,0.0509540063354859
2,8.81630E+00,2715.7,16.293,5.433,1.116,0.512,82,12.954862920778917,339.04961411245864,41.12458654906284,34.619625137816975,0.0,16.5380374862183,0.0
3,8.50535E+02,2715.701,0.631,0.995,0.133,0.45,5054,41.958584091155615,641.3518076580588,0.0,68.74977738201247,0.0,0.309884238646482,0.003561887800534
4,8.38595E+03,4693.3,2.263,3.097,0.411,0.62,38595,35.874289922904694,809.4428144354899,0.0,64.04792552794568,0.0,0.282628162077457,0.665528691888665
5,8.26874E+03,1558.811,0.426,0.59,0.079,0.208,26874,31.515515664452156,814.6438522696067,0.0,70.19102606179545,0.0,0.517752965525554,0.00971205433392
6,8.12990E+03,1784.898,0.4,0.5,0.073,0.239,12990,25.634712806431136,491.1601676713088,0.0,62.08688422365413,0.0,2.404905425067553,0.016628559551029
7,8.12785E+03,1587.21,26.555,0.592,0.079,0.215,12785,32.66128311418672,710.7400128117587,0.0,29.085507929915455,7.052098805409095,0.52021371702908,0.002815771134123
8,8.12233E+03,1574.49,0.387,0.529,0.071,0.226,12233,30.18670878130093,625.6174932132689,0.0,77.79175586895907,0.0,0.680512333826246,0.0
9,8.19228E+03,1587.21,0.354,0.589,0.078,0.236,19228,34.36246307511638,820.1150807395272,0.0,77.95459864263984,0.0,0.482096887432716,0.000936110461034
10,8.40616E+03,1864.59,0.558,0.919,0.123,0.262,40616,29.691034248570336,755.0618521292485,0.0,67.4080294979237,0.0,0.742766228068233,0.010636270568996
11,8.16266E+03,1570.79,0.235,0.321,0.046,0.204,16266,40.77669054742595,504.2856249654181,0.0,78.59071543185968,0.0,1.397665025175676,2.174514469097549
12,8.51207E+02,1730.49,0.298,0.361,0.053,0.232,5121,33.58702833654999,483.4569660966308,0.0,80.6404555600471,0.0,2.052832311018156,0.147635200449936
13,8.22301E+03,1384.47,0.23,0.307,0.044,0.196,22301,30.845331735862043,532.8902390791981,0.0,74.23037807122333,0.0,1.298308203919544,0.489539276143739
14,8.43711E+02,1243.66,2.591,0.963,0.218,0.461,4371,12.39272077109365,134.60869296656236,15.959067698896392,33.112337341459394,0.0,42.79978586723769,0.422088618020096
15,8.87316E+02,1213.06,6.211,2.093,0.522,0.141,8732,15.22976270305725,284.5455482487786,29.212104970211712,36.40973839905997,0.0,6.252447999340329,5.949411449421756
16,8.70627E+02,1243.66,2.106,2.368,0.528,0.369,7063,4.208287025399914,72.89904936666922,42.26240538267452,0.0,0.0,26.963070571144584,0.047149374315059
17,8.35018E+03,1067.84,3.904,1.304,0.318,0.204,35018,19.152642394642903,261.0541831153878,15.664322723908215,36.570133234641006,0.0,9.855868081256682,0.462620281273131
18,8.17507E+03,1328.48,3.469,0.901,0.2,0.187,17507,27.858034110475717,391.41686244068944,13.32617066011402,57.47942445007634,0.0,3.693574670868311,1.801292365584211
19,8.35436E+03,1479.91,3.296,0.723,0.164,0.166,35436,26.41756080268095,438.7000619717165,10.191553559817946,39.18237971391417,0.0,2.672657265929779,0.853634996749025
20,8.11300E+03,1243.66,0.121,0.203,0.037,0.225,11300,32.057487961659845,489.7347021671432,0.0,70.59901080784027,0.0,7.1346081859235255,1.642281991446116
21,8.20005E+03,1243.66,2.228,1.123,0.242,0.23,20005,25.025608937481863,330.604511386437,23.11838115546918,47.699318883220414,0.0,9.60086736667836,0.116068777498853
22,8.19905E+03,1110.2,3.728,0.954,0.239,0.146,19905,26.86646520042202,412.7586980209883,11.108599228651132,41.351714284422464,0.0,3.86171785631932,1.5580704522744848
23,8.24503E+03,1855.801,0.325,0.441,0.061,0.295,24502,34.75216078793627,721.3639816345271,0.0,74.36914600550963,0.0,0.606795224977044,0.01505968778696
24,8.12981E+03,1213.06,2.725,0.95,0.225,0.145,12981,24.182426273681894,396.8857235957237,11.458145564969008,64.65217210443849,0.0,1.911424173934746,1.562001691648526
25,8.28206E+03,1953.3,9.702,1.452,0.323,0.306,28206,32.08664439145956,629.6594161510898,3.73863683500158,30.325491459877536,0.0,1.154424175901316,0.066368222384597
26,8.14931E+03,1630.2,5.337,1.811,0.409,0.284,14931,19.678815390948746,307.2944147749876,8.013164398259214,50.06811250015069,0.0,5.168111294619716,0.074140155031284
27,8.37620E+00,1711.8,12.944,12.094,2.438,0.033,38,4.463205406326426,28.258373205741627,0.239234449760766,0.0,0.0,0.0,0.0
28,8.76990E+02,1209.1,1.605,2.374,0.492,0.471,7699,2.927109847097829,33.73128448517722,38.02370709810156,0.0,0.0,39.22192088282053,8.569858786121761
29,8.10083E+03,1368.5,1.501,2.553,0.552,0.481,10083,2.568417997307553,54.73326549375608,37.75718787099769,0.0,0.0,34.11973685385034,6.057360147818868
30,8.31632E+02,1406.5,2.749,3.579,0.759,0.5,3163,2.552870526126334,40.06285031439384,46.60710729222978,0.0,0.0,33.90901072637779,2.728540131447918
31,8.28342E+03,1462.3,3.582,5.129,1.014,0.465,28342,4.410624211260036,52.966508316556265,40.11380884940015,0.0,0.0,22.40992778980928,0.330566440361495
32,8.37645E+03,1592.5,4.058,0.881,0.201,0.188,37645,11.57116200308904,221.8039844314069,8.30739364728721,23.717957913158237,0.0,5.579064641219476,31.17711187296487
1,9.14660E+03,919.9,0.061,0.107,0.015,0.099,14660,27.435247076317104,562.4830869533188,0.0,74.97482994867765,0.0,1.028288682071556,0.0509540063354859
2,9.81630E+00,983.3,2.748,0.978,0.183,0.15,82,12.954862920778917,339.04961411245864,41.12458654906284,34.619625137816975,0.0,16.5380374862183,0.0
3,9.50535E+02,983.3,0.049,0.109,0.014,0.14,5054,41.958584091155615,641.3518076580588,0.0,68.74977738201247,0.0,0.309884238646482,0.003561887800534
4,9.38595E+03,910.7,0.061,0.122,0.016,0.102,38595,35.874289922904694,809.4428144354899,0.0,64.04792552794568,0.0,0.282628162077457,0.665528691888665
5,9.26874E+03,921.5,0.065,0.121,0.017,0.108,26874,31.515515664452156,814.6438522696067,0.0,70.19102606179545,0.0,0.517752965525554,0.00971205433392
6,9.12990E+03,906.8,0.059,0.102,0.016,0.099,12990,25.634712806431136,491.1601676713088,0.0,62.08688422365413,0.0,2.404905425067553,0.016628559551029
7,9.12785E+03,886.4,7.36,0.1,0.014,0.105,12785,32.66128311418672,710.7400128117587,0.0,29.085507929915455,7.052098805409095,0.52021371702908,0.002815771134123
8,9.12233E+03,829.5,0.048,0.09,0.012,0.102,12233,30.18670878130093,625.6174932132689,0.0,77.79175586895907,0.0,0.680512333826246,0.0
9,9.19228E+03,886.4,0.051,0.106,0.014,0.112,19228,34.36246307511638,820.1150807395272,0.0,77.95459864263984,0.0,0.482096887432716,0.000936110461034
10,9.40616E+03,859.6,0.073,0.137,0.019,0.1,40616,29.691034248570336,755.0618521292485,0.0,67.4080294979237,0.0,0.742766228068233,0.010636270568996
11,9.16266E+03,888.1,0.037,0.066,0.01,0.093,16266,40.77669054742595,504.2856249654181,0.0,78.59071543185968,0.0,1.397665025175676,2.174514469097549
12,9.51207E+02,976.9,0.046,0.079,0.013,0.106,5121,33.58702833654999,483.4569660966308,0.0,80.6404555600471,0.0,2.052832311018156,0.147635200449936
13,9.22301E+03,785.9,0.035,0.069,0.011,0.09,22301,30.845331735862043,532.8902390791981,0.0,74.23037807122333,0.0,1.298308203919544,0.489539276143739
14,9.43711E+02,811.1,1.345,0.481,0.112,0.238,4371,12.39272077109365,134.60869296656236,15.959067698896392,33.112337341459394,0.0,42.79978586723769,0.422088618020096
15,9.87316E+02,724.8,2.26,0.757,0.182,0.07,8732,15.22976270305725,284.5455482487786,29.212104970211712,36.40973839905997,0.0,6.252447999340329,5.949411449421756
16,9.70627E+02,811.1,1.091,1.259,0.279,0.19,7063,4.208287025399914,72.89904936666922,42.26240538267452,0.0,0.0,26.963070571144584,0.047149374315059
17,9.35018E+03,803.3,2.057,0.621,0.15,0.131,35018,19.152642394642903,261.0541831153878,15.664322723908215,36.570133234641006,0.0,9.855868081256682,0.462620281273131
18,9.17507E+03,814.8,1.25,0.293,0.066,0.099,17507,27.858034110475717,391.41686244068944,13.32617066011402,57.47942445007634,0.0,3.693574670868311,1.801292365584211
19,9.35436E+03,831.2,1.288,0.198,0.046,0.073,35436,26.41756080268095,438.7000619717165,10.191553559817946,39.18237971391417,0.0,2.672657265929779,0.853634996749025
20,9.11300E+03,811.1,0.034,0.074,0.016,0.123,11300,32.057487961659845,489.7347021671432,0.0,70.59901080784027,0.0,7.1346081859235255,1.642281991446116
21,9.20005E+03,811.1,1.06,0.526,0.114,0.123,20005,25.025608937481863,330.604511386437,23.11838115546918,47.699318883220414,0.0,9.60086736667836,0.116068777498853
22,9.19905E+03,956.4,1.834,0.477,0.114,0.118,19905,26.86646520042202,412.7586980209883,11.108599228651132,41.351714284422464,0.0,3.86171785631932,1.5580704522744848
23,9.24503E+03,954.5,0.045,0.088,0.013,0.13,24502,34.75216078793627,721.3639816345271,0.0,74.36914600550963,0.0,0.606795224977044,0.01505968778696
24,9.12981E+03,724.8,0.946,0.331,0.076,0.072,12981,24.182426273681894,396.8857235957237,11.458145564969008,64.65217210443849,0.0,1.911424173934746,1.562001691648526
25,9.28206E+03,915.9,2.167,0.251,0.053,0.127,28206,32.08664439145956,629.6594161510898,3.73863683500158,30.325491459877536,0.0,1.154424175901316,0.066368222384597
26,9.14931E+03,863.7,1.648,0.518,0.115,0.13,14931,19.678815390948746,307.2944147749876,8.013164398259214,50.06811250015069,0.0,5.168111294619716,0.074140155031284
27,9.37620E+00,808.0,4.342,3.22,0.64,0.019,38,4.463205406326426,28.258373205741627,0.239234449760766,0.0,0.0,0.0,0.0
28,9.76990E+02,679.5,0.624,0.907,0.189,0.185,7699,2.927109847097829,33.73128448517722,38.02370709810156,0.0,0.0,39.22192088282053,8.569858786121761
29,9.10083E+03,736.0,0.488,0.835,0.184,0.176,10083,2.568417997307553,54.73326549375608,37.75718787099769,0.0,0.0,34.11973685385034,6.057360147818868
30,9.31632E+02,697.6,0.767,1.092,0.233,0.168,3163,2.552870526126334,40.06285031439384,46.60710729222978,0.0,0.0,33.90901072637779,2.728540131447918
31,9.28342E+03,724.7,1.332,1.895,0.372,0.169,28342,4.410624211260036,52.966508316556265,40.11380884940015,0.0,0.0,22.40992778980928,0.330566440361495
32,9.37645E+03,862.2,1.225,0.224,0.052,0.076,37645,11.57116200308904,221.8039844314069,8.30739364728721,23.717957913158237,0.0,5.579064641219476,31.17711187296487
1,10.14660E+03,90.3,0.004,0.005,0.001,0.006,14660,27.435247076317104,562.4830869533188,0.0,74.97482994867765,0.0,1.028288682071556,0.0509540063354859
2,10.81630E+00,89.7,0.185,0.055,0.01,0.009,82,12.954862920778917,339.04961411245864,41.12458654906284,34.619625137816975,0.0,16.5380374862183,0.0
3,10.50535E+02,89.7,0.003,0.004,0.001,0.008,5054,41.958584091155615,641.3518076580588,0.0,68.74977738201247,0.0,0.309884238646482,0.003561887800534
4,10.38595E+03,82.8,0.004,0.006,0.001,0.006,38595,35.874289922904694,809.4428144354899,0.0,64.04792552794568,0.0,0.282628162077457,0.665528691888665
5,10.26874E+03,79.1,0.005,0.006,0.001,0.007,26874,31.515515664452156,814.6438522696067,0.0,70.19102606179545,0.0,0.517752965525554,0.00971205433392
6,10.12990E+03,87.4,0.004,0.005,0.001,0.006,12990,25.634712806431136,491.1601676713088,0.0,62.08688422365413,0.0,2.404905425067553,0.016628559551029
7,10.12785E+03,88.4,0.496,0.005,0.001,0.007,12785,32.66128311418672,710.7400128117587,0.0,29.085507929915455,7.052098805409095,0.52021371702908,0.002815771134123
8,10.12233E+03,81.2,0.003,0.004,0.001,0.006,12233,30.18670878130093,625.6174932132689,0.0,77.79175586895907,0.0,0.680512333826246,0.0
9,10.19228E+03,88.4,0.004,0.005,0.001,0.007,19228,34.36246307511638,820.1150807395272,0.0,77.95459864263984,0.0,0.482096887432716,0.000936110461034
10,10.40616E+03,88.5,0.004,0.006,0.001,0.006,40616,29.691034248570336,755.0618521292485,0.0,67.4080294979237,0.0,0.742766228068233,0.010636270568996
11,10.16266E+03,81.1,0.002,0.003,0.0,0.005,16266,40.77669054742595,504.2856249654181,0.0,78.59071543185968,0.0,1.397665025175676,2.174514469097549
12,10.51207E+02,88.1,0.002,0.004,0.001,0.006,5121,33.58702833654999,483.4569660966308,0.0,80.6404555600471,0.0,2.052832311018156,0.147635200449936
13,10.22301E+03,72.7,0.001,0.002,0.0,0.004,22301,30.845331735862043,532.8902390791981,0.0,74.23037807122333,0.0,1.298308203919544,0.489539276143739
14,10.43711E+02,64.0,0.065,0.019,0.005,0.012,4371,12.39272077109365,134.60869296656236,15.959067698896392,33.112337341459394,0.0,42.79978586723769,0.422088618020096
15,10.87316E+02,67.2,0.077,0.017,0.004,0.002,8732,15.22976270305725,284.5455482487786,29.212104970211712,36.40973839905997,0.0,6.252447999340329,5.949411449421756
16,10.70627E+02,64.0,0.071,0.066,0.015,0.01,7063,4.208287025399914,72.89904936666922,42.26240538267452,0.0,0.0,26.963070571144584,0.047149374315059
17,10.35018E+03,38.4,0.028,0.007,0.002,0.002,35018,19.152642394642903,261.0541831153878,15.664322723908215,36.570133234641006,0.0,9.855868081256682,0.462620281273131
18,10.17507E+03,72.3,0.109,0.017,0.004,0.007,17507,27.858034110475717,391.41686244068944,13.32617066011402,57.47942445007634,0.0,3.693574670868311,1.801292365584211
19,10.35436E+03,73.4,0.079,0.009,0.002,0.006,35436,26.41756080268095,438.7000619717165,10.191553559817946,39.18237971391417,0.0,2.672657265929779,0.853634996749025
20,10.11300E+03,64.0,0.001,0.002,0.001,0.006,11300,32.057487961659845,489.7347021671432,0.0,70.59901080784027,0.0,7.1346081859235255,1.642281991446116
21,10.20005E+03,64.0,0.064,0.021,0.005,0.006,20005,25.025608937481863,330.604511386437,23.11838115546918,47.699318883220414,0.0,9.60086736667836,0.116068777498853
22,10.19905E+03,60.6,0.03,0.006,0.001,0.002,19905,26.86646520042202,412.7586980209883,11.108599228651132,41.351714284422464,0.0,3.86171785631932,1.5580704522744848
23,10.24503E+03,75.4,0.002,0.003,0.0,0.006,24502,34.75216078793627,721.3639816345271,0.0,74.36914600550963,0.0,0.606795224977044,0.01505968778696
24,10.12981E+03,67.2,0.032,0.007,0.002,0.002,12981,24.182426273681894,396.8857235957237,11.458145564969008,64.65217210443849,0.0,1.911424173934746,1.562001691648526
25,10.28206E+03,76.3,0.077,0.006,0.001,0.004,28206,32.08664439145956,629.6594161510898,3.73863683500158,30.325491459877536,0.0,1.154424175901316,0.066368222384597
26,10.14931E+03,74.4,0.051,0.013,0.003,0.004,14931,19.678815390948746,307.2944147749876,8.013164398259214,50.06811250015069,0.0,5.168111294619716,0.074140155031284
27,10.37620E+00,37.0,0.101,0.057,0.011,0.001,38,4.463205406326426,28.258373205741627,0.239234449760766,0.0,0.0,0.0,0.0
28,10.76990E+02,40.5,0.035,0.099,0.02,0.017,7699,2.927109847097829,33.73128448517722,38.02370709810156,0.0,0.0,39.22192088282053,8.569858786121761
29,10.10083E+03,43.9,0.023,0.047,0.01,0.007,10083,2.568417997307553,54.73326549375608,37.75718787099769,0.0,0.0,34.11973685385034,6.057360147818868
30,10.31632E+02,52.9,0.044,0.051,0.011,0.009,3163,2.552870526126334,40.06285031439384,46.60710729222978,0.0,0.0,33.90901072637779,2.728540131447918
31,10.28342E+03,34.2,0.038,0.083,0.016,0.005,28342,4.410624211260036,52.966508316556265,40.11380884940015,0.0,0.0,22.40992778980928,0.330566440361495
32,10.37645E+03,58.3,0.045,0.006,0.002,0.002,37645,11.57116200308904,221.8039844314069,8.30739364728721,23.717957913158237,0.0,5.579064641219476,31.17711187296487
1,11.14660E+03,452.8,0.022,0.033,0.005,0.045,14660,27.435247076317104,562.4830869533188,0.0,74.97482994867765,0.0,1.028288682071556,0.0509540063354859
2,11.81630E+00,442.6,1.174,0.319,0.062,0.062,82,12.954862920778917,339.04961411245864,41.12458654906284,34.619625137816975,0.0,16.5380374862183,0.0
3,11.50535E+02,442.6,0.012,0.027,0.004,0.053,5054,41.958584091155615,641.3518076580588,0.0,68.74977738201247,0.0,0.309884238646482,0.003561887800534
4,11.38595E+03,447.0,0.008,0.011,0.001,0.014,38595,35.874289922904694,809.4428144354899,0.0,64.04792552794568,0.0,0.282628162077457,0.665528691888665
5,11.26874E+03,408.9,0.018,0.03,0.004,0.038,26874,31.515515664452156,814.6438522696067,0.0,70.19102606179545,0.0,0.517752965525554,0.00971205433392
6,11.12990E+03,416.5,0.021,0.03,0.005,0.041,12990,25.634712806431136,491.1601676713088,0.0,62.08688422365413,0.0,2.404905425067553,0.016628559551029
7,11.12785E+03,468.4,0.991,0.012,0.002,0.017,12785,32.66128311418672,710.7400128117587,0.0,29.085507929915455,7.052098805409095,0.52021371702908,0.002815771134123
8,11.12233E+03,406.3,0.016,0.026,0.004,0.044,12233,30.18670878130093,625.6174932132689,0.0,77.79175586895907,0.0,0.680512333826246,0.0
9,11.19228E+03,468.4,0.007,0.012,0.002,0.016,19228,34.36246307511638,820.1150807395272,0.0,77.95459864263984,0.0,0.482096887432716,0.000936110461034
10,11.40616E+03,419.2,0.009,0.013,0.002,0.012,40616,29.691034248570336,755.0618521292485,0.0,67.4080294979237,0.0,0.742766228068233,0.010636270568996
11,11.16266E+03,407.8,0.014,0.019,0.003,0.037,16266,40.77669054742595,504.2856249654181,0.0,78.59071543185968,0.0,1.397665025175676,2.174514469097549
12,11.51207E+02,415.9,0.015,0.02,0.003,0.039,5121,33.58702833654999,483.4569660966308,0.0,80.6404555600471,0.0,2.052832311018156,0.147635200449936
13,11.22301E+03,405.0,0.014,0.022,0.003,0.041,22301,30.845331735862043,532.8902390791981,0.0,74.23037807122333,0.0,1.298308203919544,0.489539276143739
14,11.43711E+02,381.2,0.514,0.172,0.042,0.104,4371,12.39272077109365,134.60869296656236,15.959067698896392,33.112337341459394,0.0,42.79978586723769,0.422088618020096
15,11.87316E+02,403.9,1.003,0.238,0.057,0.036,8732,15.22976270305725,284.5455482487786,29.212104970211712,36.40973839905997,0.0,6.252447999340329,5.949411449421756
16,11.70627E+02,381.2,0.474,0.49,0.109,0.089,7063,4.208287025399914,72.89904936666922,42.26240538267452,0.0,0.0,26.963070571144584,0.047149374315059
17,11.35018E+03,402.9,0.798,0.184,0.044,0.057,35018,19.152642394642903,261.0541831153878,15.664322723908215,36.570133234641006,0.0,9.855868081256682,0.462620281273131
18,11.17507E+03,387.3,0.246,0.06,0.013,0.039,17507,27.858034110475717,391.41686244068944,13.32617066011402,57.47942445007634,0.0,3.693574670868311,1.801292365584211
19,11.35436E+03,396.5,0.393,0.052,0.012,0.029,35436,26.41756080268095,438.7000619717165,10.191553559817946,39.18237971391417,0.0,2.672657265929779,0.853634996749025
20,11.11300E+03,381.2,0.012,0.023,0.006,0.052,11300,32.057487961659845,489.7347021671432,0.0,70.59901080784027,0.0,7.1346081859235255,1.642281991446116
21,11.20005E+03,381.2,0.436,0.185,0.04,0.053,20005,25.025608937481863,330.604511386437,23.11838115546918,47.699318883220414,0.0,9.60086736667836,0.116068777498853
22,11.19905E+03,414.8,0.751,0.123,0.029,0.041,19905,26.86646520042202,412.7586980209883,11.108599228651132,41.351714284422464,0.0,3.86171785631932,1.5580704522744848
23,11.24503E+03,402.2,0.016,0.025,0.004,0.044,24502,34.75216078793627,721.3639816345271,0.0,74.36914600550963,0.0,0.606795224977044,0.01505968778696
24,11.12981E+03,403.9,0.439,0.107,0.025,0.036,12981,24.182426273681894,396.8857235957237,11.458145564969008,64.65217210443849,0.0,1.911424173934746,1.562001691648526
25,11.28206E+03,409.7,0.196,0.017,0.003,0.012,28206,32.08664439145956,629.6594161510898,3.73863683500158,30.325491459877536,0.0,1.154424175901316,0.066368222384597
26,11.14931E+03,412.4,0.638,0.143,0.032,0.051,14931,19.678815390948746,307.2944147749876,8.013164398259214,50.06811250015069,0.0,5.168111294619716,0.074140155031284
27,11.37620E+00,373.2,1.454,0.923,0.181,0.015,38,4.463205406326426,28.258373205741627,0.239234449760766,0.0,0.0,0.0,0.0
28,11.76990E+02,354.2,0.329,0.454,0.094,0.101,7699,2.927109847097829,33.73128448517722,38.02370709810156,0.0,0.0,39.22192088282053,8.569858786121761
29,11.10083E+03,374.0,0.277,0.426,0.092,0.096,10083,2.568417997307553,54.73326549375608,37.75718787099769,0.0,0.0,34.11973685385034,6.057360147818868
30,11.31632E+02,362.0,0.311,0.423,0.092,0.096,3163,2.552870526126334,40.06285031439384,46.60710729222978,0.0,0.0,33.90901072637779,2.728540131447918
31,11.28342E+03,368.1,0.548,0.734,0.143,0.087,28342,4.410624211260036,52.966508316556265,40.11380884940015,0.0,0.0,22.40992778980928,0.330566440361495
32,11.37645E+03,408.3,0.542,0.081,0.019,0.035,37645,11.57116200308904,221.8039844314069,8.30739364728721,23.717957913158237,0.0,5.579064641219476,31.17711187296487
1,12.14660E+03,14.6,0.0,0.0,0.0,0.0,14660,27.435247076317104,562.4830869533188,0.0,74.97482994867765,0.0,1.028288682071556,0.0509540063354859
2,12.81630E+00,17.9,0.0,0.0,0.0,0.0,82,12.954862920778917,339.04961411245864,41.12458654906284,34.619625137816975,0.0,16.5380374862183,0.0
3,12.50535E+02,17.9,0.0,0.0,0.0,0.0,5054,41.958584091155615,641.3518076580588,0.0,68.74977738201247,0.0,0.309884238646482,0.003561887800534
4,12.38595E+03,14.7,0.0,0.0,0.0,0.0,38595,35.874289922904694,809.4428144354899,0.0,64.04792552794568,0.0,0.282628162077457,0.665528691888665
5,12.26874E+03,17.5,0.0,0.0,0.0,0.0,26874,31.515515664452156,814.6438522696067,0.0,70.19102606179545,0.0,0.517752965525554,0.00971205433392
6,12.12990E+03,16.5,0.0,0.0,0.0,0.0,12990,25.634712806431136,491.1601676713088,0.0,62.08688422365413,0.0,2.404905425067553,0.016628559551029
7,12.12785E+03,14.4,0.0,0.0,0.0,0.0,12785,32.66128311418672,710.7400128117587,0.0,29.085507929915455,7.052098805409095,0.52021371702908,0.002815771134123
8,12.12233E+03,20.0,0.0,0.0,0.0,0.0,12233,30.18670878130093,625.6174932132689,0.0,77.79175586895907,0.0,0.680512333826246,0.0
9,12.19228E+03,14.4,0.0,0.0,0.0,0.0,19228,34.36246307511638,820.1150807395272,0.0,77.95459864263984,0.0,0.482096887432716,0.000936110461034
10,12.40616E+03,12.5,0.0,0.0,0.0,0.0,40616,29.691034248570336,755.0618521292485,0.0,67.4080294979237,0.0,0.742766228068233,0.010636270568996
11,12.16266E+03,23.1,0.0,0.0,0.0,0.0,16266,40.77669054742595,504.2856249654181,0.0,78.59071543185968,0.0,1.397665025175676,2.174514469097549
12,12.51207E+02,20.0,0.0,0.0,0.0,0.0,5121,33.58702833654999,483.4569660966308,0.0,80.6404555600471,0.0,2.052832311018156,0.147635200449936
13,12.22301E+03,24.2,0.0,0.0,0.0,0.0,22301,30.845331735862043,532.8902390791981,0.0,74.23037807122333,0.0,1.298308203919544,0.489539276143739
14,12.43711E+02,18.9,0.011,0.004,0.001,0.002,4371,12.39272077109365,134.60869296656236,15.959067698896392,33.112337341459394,0.0,42.79978586723769,0.422088618020096
15,12.87316E+02,24.8,0.0,0.0,0.0,0.0,8732,15.22976270305725,284.5455482487786,29.212104970211712,36.40973839905997,0.0,6.252447999340329,5.949411449421756
16,12.70627E+02,18.9,0.005,0.005,0.001,0.001,7063,4.208287025399914,72.89904936666922,42.26240538267452,0.0,0.0,26.963070571144584,0.047149374315059
17,12.35018E+03,19.0,0.005,0.002,0.0,0.001,35018,19.152642394642903,261.0541831153878,15.664322723908215,36.570133234641006,0.0,9.855868081256682,0.462620281273131
18,12.17507E+03,18.2,0.001,0.0,0.0,0.0,17507,27.858034110475717,391.41686244068944,13.32617066011402,57.47942445007634,0.0,3.693574670868311,1.801292365584211
19,12.35436E+03,17.1,0.0,0.0,0.0,0.0,35436,26.41756080268095,438.7000619717165,10.191553559817946,39.18237971391417,0.0,2.672657265929779,0.853634996749025
20,12.11300E+03,18.9,0.0,0.001,0.0,0.001,11300,32.057487961659845,489.7347021671432,0.0,70.59901080784027,0.0,7.1346081859235255,1.642281991446116
21,12.20005E+03,18.9,0.006,0.002,0.001,0.001,20005,25.025608937481863,330.604511386437,23.11838115546918,47.699318883220414,0.0,9.60086736667836,0.116068777498853
22,12.19905E+03,20.3,0.0,0.0,0.0,0.0,19905,26.86646520042202,412.7586980209883,11.108599228651132,41.351714284422464,0.0,3.86171785631932,1.5580704522744848
23,12.24503E+03,20.4,0.0,0.0,0.0,0.0,24502,34.75216078793627,721.3639816345271,0.0,74.36914600550963,0.0,0.606795224977044,0.01505968778696
24,12.12981E+03,24.8,0.0,0.0,0.0,0.0,12981,24.182426273681894,396.8857235957237,11.458145564969008,64.65217210443849,0.0,1.911424173934746,1.562001691648526
25,12.28206E+03,21.2,0.0,0.0,0.0,0.0,28206,32.08664439145956,629.6594161510898,3.73863683500158,30.325491459877536,0.0,1.154424175901316,0.066368222384597
26,12.14931E+03,22.9,0.0,0.0,0.0,0.0,14931,19.678815390948746,307.2944147749876,8.013164398259214,50.06811250015069,0.0,5.168111294619716,0.074140155031284
27,12.37620E+00,14.9,0.027,0.015,0.003,0.0,38,4.463205406326426,28.258373205741627,0.239234449760766,0.0,0.0,0.0,0.0
28,12.76990E+02,15.0,0.006,0.009,0.002,0.002,7699,2.927109847097829,33.73128448517722,38.02370709810156,0.0,0.0,39.22192088282053,8.569858786121761
29,12.10083E+03,16.8,0.002,0.004,0.001,0.001,10083,2.568417997307553,54.73326549375608,37.75718787099769,0.0,0.0,34.11973685385034,6.057360147818868
30,12.31632E+02,17.4,0.004,0.005,0.001,0.001,3163,2.552870526126334,40.06285031439384,46.60710729222978,0.0,0.0,33.90901072637779,2.728540131447918
31,12.28342E+03,15.1,0.009,0.01,0.002,0.001,28342,4.410624211260036,52.966508316556265,40.11380884940015,0.0,0.0,22.40992778980928,0.330566440361495
32,12.37645E+03,21.4,0.001,0.0,0.0,0.0,37645,11.57116200308904,221.8039844314069,8.30739364728721,23.717957913158237,0.0,5.579064641219476,31.17711187296487
1,2020.14660E+03,7516.298,3.403,5.217,0.7,0.929,14660,27.435247076317104,562.4830869533188,0.0,74.97482994867765,0.0,1.028288682071556,0.0509540063354859
2,2020.81630E+00,7590.9,32.068,15.966,3.373,1.504,82,12.954862920778917,339.04961411245864,41.12458654906284,34.619625137816975,0.0,16.5380374862183,0.0
3,2020.50535E+02,7590.902,2.122,4.096,0.543,1.168,5054,41.958584091155615,641.3518076580588,0.0,68.74977738201247,0.0,0.309884238646482,0.003561887800534
4,2020.38595E+03,9615.8,5.154,8.775,1.163,1.222,38595,35.874289922904694,809.4428144354899,0.0,64.04792552794568,0.0,0.282628162077457,0.665528691888665
5,2020.26874E+03,6137.211,2.82,4.594,0.611,0.756,26874,31.515515664452156,814.6438522696067,0.0,70.19102606179545,0.0,0.517752965525554,0.00971205433392
6,2020.12990E+03,6450.798,2.449,3.702,0.511,0.778,12990,25.634712806431136,491.1601676713088,0.0,62.08688422365413,0.0,2.404905425067553,0.016628559551029
7,2020.12785E+03,6318.409,83.409,6.276,0.842,0.782,12785,32.66128311418672,710.7400128117587,0.0,29.085507929915455,7.052098805409095,0.52021371702908,0.002815771134123
8,2020.12233E+03,5802.888,2.17,3.736,0.498,0.758,12233,30.18670878130093,625.6174932132689,0.0,77.79175586895907,0.0,0.680512333826246,0.0
9,2020.19228E+03,6318.409,2.359,4.91,0.646,0.829,19228,34.36246307511638,820.1150807395272,0.0,77.95459864263984,0.0,0.482096887432716,0.000936110461034
10,2020.40616E+03,6561.689,3.317,6.623,0.876,0.83,40616,29.691034248570336,755.0618521292485,0.0,67.4080294979237,0.0,0.742766228068233,0.010636270568996
11,2020.16266E+03,5833.089,1.401,2.019,0.279,0.634,16266,40.77669054742595,504.2856249654181,0.0,78.59071543185968,0.0,1.397665025175676,2.174514469097549
12,2020.51207E+02,6446.689,1.642,2.176,0.305,0.736,5121,33.58702833654999,483.4569660966308,0.0,80.6404555600471,0.0,2.052832311018156,0.147635200449936
13,2020.22301E+03,5240.07,1.166,1.854,0.257,0.618,22301,30.845331735862043,532.8902390791981,0.0,74.23037807122333,0.0,1.298308203919544,0.489539276143739
14,2020.43711E+02,4997.961,8.319,4.491,1.008,1.747,4371,12.39272077109365,134.60869296656236,15.959067698896392,33.112337341459394,0.0,42.79978586723769,0.422088618020096
15,2020.87316E+02,4790.26,16.761,8.09,2.156,0.568,8732,15.22976270305725,284.5455482487786,29.212104970211712,36.40973839905997,0.0,6.252447999340329,5.949411449421756
16,2020.70627E+02,4997.96,6.815,9.025,2.041,1.464,7063,4.208287025399914,72.89904936666922,42.26240538267452,0.0,0.0,26.963070571144584,0.047149374315059
17,2020.35018E+03,4111.64,10.352,4.364,1.108,0.687,35018,19.152642394642903,261.0541831153878,15.664322723908215,36.570133234641006,0.0,9.855868081256682,0.462620281273131
18,2020.17507E+03,5342.18,9.829,4.297,0.972,0.696,17507,27.858034110475717,391.41686244068944,13.32617066011402,57.47942445007634,0.0,3.693574670868311,1.801292365584211
19,2020.35436E+03,5592.508,9.9,3.582,0.86,0.533,35436,26.41756080268095,438.7000619717165,10.191553559817946,39.18237971391417,0.0,2.672657265929779,0.853634996749025
20,2020.11300E+03,4997.96,0.754,1.235,0.202,0.797,11300,32.057487961659845,489.7347021671432,0.0,70.59901080784027,0.0,7.1346081859235255,1.642281991446116
21,2020.20005E+03,4997.96,7.093,4.75,1.024,0.854,20005,25.025608937481863,330.604511386437,23.11838115546918,47.699318883220414,0.0,9.60086736667836,0.116068777498853
22,2020.19905E+03,4791.4,10.351,3.971,1.021,0.568,19905,26.86646520042202,412.7586980209883,11.108599228651132,41.351714284422464,0.0,3.86171785631932,1.5580704522744848
23,2020.24503E+03,6154.702,1.391,2.2,0.298,0.857,24502,34.75216078793627,721.3639816345271,0.0,74.36914600550963,0.0,0.606795224977044,0.01505968778696
24,2020.12981E+03,4790.26,7.605,3.996,0.97,0.503,12981,24.182426273681894,396.8857235957237,11.458145564969008,64.65217210443849,0.0,1.911424173934746,1.562001691648526
25,2020.28206E+03,5891.3,18.711,5.575,1.313,0.839,28206,32.08664439145956,629.6594161510898,3.73863683500158,30.325491459877536,0.0,1.154424175901316,0.066368222384597
26,2020.14931E+03,5457.398,11.338,5.532,1.286,0.877,14931,19.678815390948746,307.2944147749876,8.013164398259214,50.06811250015069,0.0,5.168111294619716,0.074140155031284
27,2020.37620E+00,5057.7,25.556,27.306,5.605,0.272,38,4.463205406326426,28.258373205741627,0.239234449760766,0.0,0.0,0.0,0.0
28,2020.76990E+02,4313.3,4.108,6.872,1.469,1.545,7699,2.927109847097829,33.73128448517722,38.02370709810156,0.0,0.0,39.22192088282053,8.569858786121761
29,2020.10083E+03,4501.4,3.282,5.935,1.326,1.393,10083,2.568417997307553,54.73326549375608,37.75718787099769,0.0,0.0,34.11973685385034,6.057360147818868
30,2020.31632E+02,4717.7,5.687,8.82,1.92,1.561,3163,2.552870526126334,40.06285031439384,46.60710729222978,0.0,0.0,33.90901072637779,2.728540131447918
31,2020.28342E+03,4449.1,7.869,12.829,2.6,1.342,28342,4.410624211260036,52.966508316556265,40.11380884940015,0.0,0.0,22.40992778980928,0.330566440361495
32,2020.37645E+03,5260.2,9.281,2.792,0.662,0.531,37645,11.57116200308904,221.8039844314069,8.30739364728721,23.717957913158237,0.0,5.579064641219476,31.17711187296487
1,1.14660E+03,13.7,0.0,0.001,0.0,0.0,14660,27.435247076317104,562.4830869533188,0.0,74.97482994867765,0.0,1.028288682071556,0.0509540063354859
2,1.81630E+00,15.6,0.015,0.021,0.005,0.001,82,12.954862920778917,339.04961411245864,41.12458654906284,34.619625137816975,0.0,16.5380374862183,0.0
3,1.50535E+02,15.6,0.0,0.001,0.0,0.001,5054,41.958584091155615,641.3518076580588,0.0,68.74977738201247,0.0,0.309884238646482,0.003561887800534
4,1.38595E+03,16.4,0.0,0.001,0.0,0.0,38595,35.874289922904694,809.4428144354899,0.0,64.04792552794568,0.0,0.282628162077457,0.665528691888665
5,1.26874E+03,17.9,0.0,0.001,0.0,0.0,26874,31.515515664452156,814.6438522696067,0.0,70.19102606179545,0.0,0.517752965525554,0.00971205433392
6,1.12990E+03,11.9,0.0,0.001,0.0,0.0,12990,25.634712806431136,491.1601676713088,0.0,62.08688422365413,0.0,2.404905425067553,0.016628559551029
7,1.12785E+03,14.8,0.029,0.006,0.001,0.0,12785,32.66128311418672,710.7400128117587,0.0,29.085507929915455,7.052098805409095,0.52021371702908,0.002815771134123
8,1.12233E+03,12.4,0.0,0.001,0.0,0.0,12233,30.18670878130093,625.6174932132689,0.0,77.79175586895907,0.0,0.680512333826246,0.0
9,1.19228E+03,14.8,0.0,0.0,0.0,0.0,19228,34.36246307511638,820.1150807395272,0.0,77.95459864263984,0.0,0.482096887432716,0.000936110461034
10,1.40616E+03,9.7,0.0,0.001,0.0,0.0,40616,29.691034248570336,755.0618521292485,0.0,67.4080294979237,0.0,0.742766228068233,0.010636270568996
11,1.16266E+03,14.4,0.0,0.0,0.0,0.0,16266,40.77669054742595,504.2856249654181,0.0,78.59071543185968,0.0,1.397665025175676,2.174514469097549
12,1.51207E+02,14.2,0.0,0.0,0.0,0.0,5121,33.58702833654999,483.4569660966308,0.0,80.6404555600471,0.0,2.052832311018156,0.147635200449936
13,1.22301E+03,13.7,0.0,0.0,0.0,0.0,22301,30.845331735862043,532.8902390791981,0.0,74.23037807122333,0.0,1.298308203919544,0.489539276143739
14,1.43711E+02,15.0,0.03,0.023,0.007,0.003,4371,12.39272077109365,134.60869296656236,15.959067698896392,33.112337341459394,0.0,42.79978586723769,0.422088618020096
15,1.87316E+02,13.3,0.015,0.015,0.005,0.001,8732,15.22976270305725,284.5455482487786,29.212104970211712,36.40973839905997,0.0,6.252447999340329,5.949411449421756
16,1.70627E+02,15.0,0.018,0.024,0.007,0.003,7063,4.208287025399914,72.89904936666922,42.26240538267452,0.0,0.0,26.963070571144584,0.047149374315059
17,1.35018E+03,13.3,0.04,0.032,0.011,0.002,35018,19.152642394642903,261.0541831153878,15.664322723908215,36.570133234641006,0.0,9.855868081256682,0.462620281273131
18,1.17507E+03,16.9,0.015,0.01,0.004,0.001,17507,27.858034110475717,391.41686244068944,13.32617066011402,57.47942445007634,0.0,3.693574670868311,1.801292365584211
19,1.35436E+03,18.2,0.007,0.005,0.002,0.0,35436,26.41756080268095,438.7000619717165,10.191553559817946,39.18237971391417,0.0,2.672657265929779,0.853634996749025
20,1.11300E+03,15.0,0.001,0.002,0.0,0.001,11300,32.057487961659845,489.7347021671432,0.0,70.59901080784027,0.0,7.1346081859235255,1.642281991446116
21,1.20005E+03,15.0,0.02,0.016,0.005,0.002,20005,25.025608937481863,330.604511386437,23.11838115546918,47.699318883220414,0.0,9.60086736667836,0.116068777498853
22,1.19905E+03,14.5,0.008,0.005,0.002,0.001,19905,26.86646520042202,412.7586980209883,11.108599228651132,41.351714284422464,0.0,3.86171785631932,1.5580704522744848
23,1.24503E+03,15.7,0.0,0.0,0.0,0.0,24502,34.75216078793627,721.3639816345271,0.0,74.36914600550963,0.0,0.606795224977044,0.01505968778696
24,1.12981E+03,13.3,0.006,0.006,0.002,0.0,12981,24.182426273681894,396.8857235957237,11.458145564969008,64.65217210443849,0.0,1.911424173934746,1.562001691648526
25,1.28206E+03,14.4,0.013,0.008,0.003,0.001,28206,32.08664439145956,629.6594161510898,3.73863683500158,30.325491459877536,0.0,1.154424175901316,0.066368222384597
26,1.14931E+03,13.7,0.009,0.007,0.003,0.001,14931,19.678815390948746,307.2944147749876,8.013164398259214,50.06811250015069,0.0,5.168111294619716,0.074140155031284
27,1.37620E+00,8.5,0.001,0.001,0.0,0.0,38,4.463205406326426,28.258373205741627,0.239234449760766,0.0,0.0,0.0,0.0
28,1.76990E+02,12.4,0.004,0.008,0.002,0.001,7699,2.927109847097829,33.73128448517722,38.02370709810156,0.0,0.0,39.22192088282053,8.569858786121761
29,1.10083E+03,13.7,0.001,0.002,0.001,0.001,10083,2.568417997307553,54.73326549375608,37.75718787099769,0.0,0.0,34.11973685385034,6.057360147818868
30,1.31632E+02,14.3,0.004,0.007,0.002,0.001,3163,2.552870526126334,40.06285031439384,46.60710729222978,0.0,0.0,33.90901072637779,2.728540131447918
31,1.28342E+03,11.5,0.006,0.013,0.003,0.001,28342,4.410624211260036,52.966508316556265,40.11380884940015,0.0,0.0,22.40992778980928,0.330566440361495
32,1.37645E+03,14.3,0.006,0.004,0.001,0.0,37645,11.57116200308904,221.8039844314069,8.30739364728721,23.717957913158237,0.0,5.579064641219476,31.17711187296487
1,2.14660E+03,105.4,0.01,0.02,0.003,0.009,14660,27.435247076317104,562.4830869533188,0.0,74.97482994867765,0.0,1.028288682071556,0.0509540063354859
2,2.81630E+00,117.4,0.282,0.512,0.14,0.026,82,12.954862920778917,339.04961411245864,41.12458654906284,34.619625137816975,0.0,16.5380374862183,0.0
3,2.50535E+02,117.4,0.013,0.026,0.003,0.016,5054,41.958584091155615,641.3518076580588,0.0,68.74977738201247,0.0,0.309884238646482,0.003561887800534
4,2.38595E+03,112.9,0.042,0.087,0.012,0.039,38595,35.874289922904694,809.4428144354899,0.0,64.04792552794568,0.0,0.282628162077457,0.665528691888665
5,2.26874E+03,122.8,0.013,0.027,0.004,0.013,26874,31.515515664452156,814.6438522696067,0.0,70.19102606179545,0.0,0.517752965525554,0.00971205433392
6,2.12990E+03,103.3,0.009,0.018,0.003,0.009,12990,25.634712806431136,491.1601676713088,0.0,62.08688422365413,0.0,2.404905425067553,0.016628559551029
7,2.12785E+03,104.4,2.315,0.635,0.09,0.047,12785,32.66128311418672,710.7400128117587,0.0,29.085507929915455,7.052098805409095,0.52021371702908,0.002815771134123
8,2.12233E+03,99.5,0.011,0.021,0.003,0.011,12233,30.18670878130093,625.6174932132689,0.0,77.79175586895907,0.0,0.680512333826246,0.0
9,2.19228E+03,104.4,0.035,0.087,0.012,0.047,19228,34.36246307511638,820.1150807395272,0.0,77.95459864263984,0.0,0.482096887432716,0.000936110461034
10,2.40616E+03,91.8,0.038,0.09,0.012,0.041,40616,29.691034248570336,755.0618521292485,0.0,67.4080294979237,0.0,0.742766228068233,0.010636270568996
11,2.16266E+03,109.1,0.003,0.009,0.001,0.006,16266,40.77669054742595,504.2856249654181,0.0,78.59071543185968,0.0,1.397665025175676,2.174514469097549
12,2.51207E+02,115.0,0.002,0.008,0.001,0.005,5121,33.58702833654999,483.4569660966308,0.0,80.6404555600471,0.0,2.052832311018156,0.147635200449936
13,2.22301E+03,97.8,0.003,0.009,0.001,0.008,22301,30.845331735862043,532.8902390791981,0.0,74.23037807122333,0.0,1.298308203919544,0.489539276143739
14,2.43711E+02,116.0,0.097,0.076,0.024,0.028,4371,12.39272077109365,134.60869296656236,15.959067698896392,33.112337341459394,0.0,42.79978586723769,0.422088618020096
15,2.87316E+02,89.1,0.172,0.207,0.078,0.011,8732,15.22976270305725,284.5455482487786,29.212104970211712,36.40973839905997,0.0,6.252447999340329,5.949411449421756
16,2.70627E+02,116.0,0.047,0.068,0.02,0.027,7063,4.208287025399914,72.89904936666922,42.26240538267452,0.0,0.0,26.963070571144584,0.047149374315059
17,2.35018E+03,103.8,0.112,0.087,0.03,0.012,35018,19.152642394642903,261.0541831153878,15.664322723908215,36.570133234641006,0.0,9.855868081256682,0.462620281273131
18,2.17507E+03,118.4,0.086,0.071,0.025,0.01,17507,27.858034110475717,391.41686244068944,13.32617066011402,57.47942445007634,0.0,3.693574670868311,1.801292365584211
19,2.35436E+03,119.3,0.088,0.075,0.031,0.005,35436,26.41756080268095,438.7000619717165,10.191553559817946,39.18237971391417,0.0,2.672657265929779,0.853634996749025
20,2.11300E+03,116.0,0.004,0.008,0.002,0.009,11300,32.057487961659845,489.7347021671432,0.0,70.59901080784027,0.0,7.1346081859235255,1.642281991446116
21,2.20005E+03,116.0,0.071,0.053,0.017,0.012,20005,25.025608937481863,330.604511386437,23.11838115546918,47.699318883220414,0.0,9.60086736667836,0.116068777498853
22,2.19905E+03,99.0,0.158,0.129,0.05,0.011,19905,26.86646520042202,412.7586980209883,11.108599228651132,41.351714284422464,0.0,3.86171785631932,1.5580704522744848
23,2.24503E+03,122.7,0.006,0.014,0.002,0.013,24502,34.75216078793627,721.3639816345271,0.0,74.36914600550963,0.0,0.606795224977044,0.01505968778696
24,2.12981E+03,89.1,0.071,0.084,0.031,0.007,12981,24.182426273681894,396.8857235957237,11.458145564969008,64.65217210443849,0.0,1.911424173934746,1.562001691648526
25,2.28206E+03,90.0,0.563,0.452,0.161,0.051,28206,32.08664439145956,629.6594161510898,3.73863683500158,30.325491459877536,0.0,1.154424175901316,0.066368222384597
26,2.14931E+03,88.8,0.138,0.126,0.045,0.017,14931,19.678815390948746,307.2944147749876,8.013164398259214,50.06811250015069,0.0,5.168111294619716,0.074140155031284
27,2.37620E+00,66.7,0.041,0.041,0.011,0.003,38,4.463205406326426,28.258373205741627,0.239234449760766,0.0,0.0,0.0,0.0
28,2.76990E+02,90.2,0.019,0.037,0.01,0.019,7699,2.927109847097829,33.73128448517722,38.02370709810156,0.0,0.0,39.22192088282053,8.569858786121761
29,2.10083E+03,105.6,0.018,0.033,0.01,0.024,10083,2.568417997307553,54.73326549375608,37.75718787099769,0.0,0.0,34.11973685385034,6.057360147818868
30,2.31632E+02,106.5,0.031,0.055,0.015,0.025,3163,2.552870526126334,40.06285031439384,46.60710729222978,0.0,0.0,33.90901072637779,2.728540131447918
31,2.28342E+03,89.4,0.061,0.114,0.025,0.022,28342,4.410624211260036,52.966508316556265,40.11380884940015,0.0,0.0,22.40992778980928,0.330566440361495
32,2.37645E+03,108.0,0.059,0.041,0.015,0.006,37645,11.57116200308904,221.8039844314069,8.30739364728721,23.717957913158237,0.0,5.579064641219476,31.17711187296487
1,3.14660E+03,463.9,0.142,0.217,0.029,0.052,14660,27.435247076317104,562.4830869533188,0.0,74.97482994867765,0.0,1.028288682071556,0.0509540063354859
2,3.81630E+00,435.5,1.132,1.5,0.414,0.159,82,12.954862920778917,339.04961411245864,41.12458654906284,34.619625137816975,0.0,16.5380374862183,0.0
3,3.50535E+02,435.5,0.07,0.134,0.018,0.061,5054,41.958584091155615,641.3518076580588,0.0,68.74977738201247,0.0,0.309884238646482,0.003561887800534
4,3.38595E+03,467.0,0.155,0.281,0.037,0.06,38595,35.874289922904694,809.4428144354899,0.0,64.04792552794568,0.0,0.282628162077457,0.665528691888665
5,3.26874E+03,415.8,0.11,0.17,0.023,0.047,26874,31.515515664452156,814.6438522696067,0.0,70.19102606179545,0.0,0.517752965525554,0.00971205433392
6,3.12990E+03,446.0,0.113,0.165,0.024,0.053,12990,25.634712806431136,491.1601676713088,0.0,62.08688422365413,0.0,2.404905425067553,0.016628559551029
7,3.12785E+03,474.6,4.738,0.767,0.106,0.063,12785,32.66128311418672,710.7400128117587,0.0,29.085507929915455,7.052098805409095,0.52021371702908,0.002815771134123
8,3.12233E+03,437.2,0.129,0.211,0.028,0.055,12233,30.18670878130093,625.6174932132689,0.0,77.79175586895907,0.0,0.680512333826246,0.0
9,3.19228E+03,474.6,0.105,0.199,0.027,0.064,19228,34.36246307511638,820.1150807395272,0.0,77.95459864263984,0.0,0.482096887432716,0.000936110461034
10,3.40616E+03,480.3,0.15,0.285,0.038,0.061,40616,29.691034248570336,755.0618521292485,0.0,67.4080294979237,0.0,0.742766228068233,0.010636270568996
11,3.16266E+03,406.1,0.047,0.067,0.01,0.037,16266,40.77669054742595,504.2856249654181,0.0,78.59071543185968,0.0,1.397665025175676,2.174514469097549
12,3.51207E+02,415.1,0.061,0.078,0.011,0.041,5121,33.58702833654999,483.4569660966308,0.0,80.6404555600471,0.0,2.052832311018156,0.147635200449936
13,3.22301E+03,396.8,0.077,0.101,0.014,0.042,22301,30.845331735862043,532.8902390791981,0.0,74.23037807122333,0.0,1.298308203919544,0.489539276143739
14,3.43711E+02,385.5,0.596,0.486,0.141,0.213,4371,12.39272077109365,134.60869296656236,15.959067698896392,33.112337341459394,0.0,42.79978586723769,0.422088618020096
15,3.87316E+02,393.1,0.887,0.813,0.281,0.092,8732,15.22976270305725,284.5455482487786,29.212104970211712,36.40973839905997,0.0,6.252447999340329,5.949411449421756
16,3.70627E+02,385.5,0.485,0.651,0.184,0.218,7063,4.208287025399914,72.89904936666922,42.26240538267452,0.0,0.0,26.963070571144584,0.047149374315059
17,3.35018E+03,365.0,0.846,0.616,0.197,0.104,35018,19.152642394642903,261.0541831153878,15.664322723908215,36.570133234641006,0.0,9.855868081256682,0.462620281273131
18,3.17507E+03,398.1,0.57,0.427,0.13,0.065,17507,27.858034110475717,391.41686244068944,13.32617066011402,57.47942445007634,0.0,3.693574670868311,1.801292365584211
19,3.35436E+03,405.7,0.375,0.291,0.102,0.047,35436,26.41756080268095,438.7000619717165,10.191553559817946,39.18237971391417,0.0,2.672657265929779,0.853634996749025
20,3.11300E+03,385.5,0.073,0.108,0.018,0.07,11300,32.057487961659845,489.7347021671432,0.0,70.59901080784027,0.0,7.1346081859235255,1.642281991446116
21,3.20005E+03,385.5,0.562,0.443,0.129,0.104,20005,25.025608937481863,330.604511386437,23.11838115546918,47.699318883220414,0.0,9.60086736667836,0.116068777498853
22,3.19905E+03,391.1,0.661,0.399,0.136,0.064,19905,26.86646520042202,412.7586980209883,11.108599228651132,41.351714284422464,0.0,3.86171785631932,1.5580704522744848
23,3.24503E+03,386.7,0.072,0.115,0.016,0.046,24502,34.75216078793627,721.3639816345271,0.0,74.36914600550963,0.0,0.606795224977044,0.01505968778696
24,3.12981E+03,393.1,0.401,0.363,0.116,0.056,12981,24.182426273681894,396.8857235957237,11.458145564969008,64.65217210443849,0.0,1.911424173934746,1.562001691648526
25,3.28206E+03,421.3,1.006,0.574,0.174,0.076,28206,32.08664439145956,629.6594161510898,3.73863683500158,30.325491459877536,0.0,1.154424175901316,0.066368222384597
26,3.14931E+03,417.4,0.662,0.51,0.16,0.093,14931,19.678815390948746,307.2944147749876,8.013164398259214,50.06811250015069,0.0,5.168111294619716,0.074140155031284
27,3.37620E+00,343.1,1.453,1.483,0.372,0.087,38,4.463205406326426,28.258373205741627,0.239234449760766,0.0,0.0,0.0,0.0
28,3.76990E+02,360.8,0.299,0.587,0.144,0.235,7699,2.927109847097829,33.73128448517722,38.02370709810156,0.0,0.0,39.22192088282053,8.569858786121761
29,3.10083E+03,373.3,0.204,0.378,0.102,0.217,10083,2.568417997307553,54.73326549375608,37.75718787099769,0.0,0.0,34.11973685385034,6.057360147818868
30,3.31632E+02,379.5,0.359,0.633,0.153,0.232,3163,2.552870526126334,40.06285031439384,46.60710729222978,0.0,0.0,33.90901072637779,2.728540131447918
31,3.28342E+03,356.1,0.556,1.08,0.24,0.209,28342,4.410624211260036,52.966508316556265,40.11380884940015,0.0,0.0,22.40992778980928,0.330566440361495
32,3.37645E+03,370.8,0.324,0.222,0.07,0.06,37645,11.57116200308904,221.8039844314069,8.30739364728721,23.717957913158237,0.0,5.579064641219476,31.17711187296487
1,4.14660E+03,83.3,0.004,0.006,0.001,0.001,14660,27.435247076317104,562.4830869533188,0.0,74.97482994867765,0.0,1.028288682071556,0.0509540063354859
2,4.81630E+00,70.9,0.015,0.039,0.005,0.006,82,12.954862920778917,339.04961411245864,41.12458654906284,34.619625137816975,0.0,16.5380374862183,0.0
3,4.50535E+02,70.9,0.004,0.006,0.001,0.001,5054,41.958584091155615,641.3518076580588,0.0,68.74977738201247,0.0,0.309884238646482,0.003561887800534
4,4.38595E+03,80.3,0.006,0.008,0.001,0.001,38595,35.874289922904694,809.4428144354899,0.0,64.04792552794568,0.0,0.282628162077457,0.665528691888665
5,4.26874E+03,48.0,0.001,0.001,0.0,0.0,26874,31.515515664452156,814.6438522696067,0.0,70.19102606179545,0.0,0.517752965525554,0.00971205433392
6,4.12990E+03,72.3,0.004,0.006,0.001,0.001,12990,25.634712806431136,491.1601676713088,0.0,62.08688422365413,0.0,2.404905425067553,0.016628559551029
7,4.12785E+03,83.9,0.196,0.018,0.002,0.001,12785,32.66128311418672,710.7400128117587,0.0,29.085507929915455,7.052098805409095,0.52021371702908,0.002815771134123
8,4.12233E+03,55.5,0.001,0.002,0.0,0.0,12233,30.18670878130093,625.6174932132689,0.0,77.79175586895907,0.0,0.680512333826246,0.0
9,4.19228E+03,83.9,0.003,0.005,0.001,0.001,19228,34.36246307511638,820.1150807395272,0.0,77.95459864263984,0.0,0.482096887432716,0.000936110461034
10,4.40616E+03,85.0,0.005,0.008,0.001,0.001,40616,29.691034248570336,755.0618521292485,0.0,67.4080294979237,0.0,0.742766228068233,0.010636270568996
11,4.16266E+03,47.4,0.0,0.001,0.0,0.0,16266,40.77669054742595,504.2856249654181,0.0,78.59071543185968,0.0,1.397665025175676,2.174514469097549
12,4.51207E+02,61.8,0.0,0.002,0.0,0.0,5121,33.58702833654999,483.4569660966308,0.0,80.6404555600471,0.0,2.052832311018156,0.147635200449936
13,4.22301E+03,44.9,0.0,0.001,0.0,0.0,22301,30.845331735862043,532.8902390791981,0.0,74.23037807122333,0.0,1.298308203919544,0.489539276143739
14,4.43711E+02,39.9,0.002,0.004,0.001,0.005,4371,12.39272077109365,134.60869296656236,15.959067698896392,33.112337341459394,0.0,42.79978586723769,0.422088618020096
15,4.87316E+02,47.5,0.004,0.004,0.001,0.001,8732,15.22976270305725,284.5455482487786,29.212104970211712,36.40973839905997,0.0,6.252447999340329,5.949411449421756
16,4.70627E+02,39.9,0.001,0.002,0.001,0.004,7063,4.208287025399914,72.89904936666922,42.26240538267452,0.0,0.0,26.963070571144584,0.047149374315059
17,4.35018E+03,42.0,0.002,0.003,0.001,0.002,35018,19.152642394642903,261.0541831153878,15.664322723908215,36.570133234641006,0.0,9.855868081256682,0.462620281273131
18,4.17507E+03,34.6,0.0,0.001,0.0,0.0,17507,27.858034110475717,391.41686244068944,13.32617066011402,57.47942445007634,0.0,3.693574670868311,1.801292365584211
19,4.35436E+03,32.0,0.0,0.0,0.0,0.0,35436,26.41756080268095,438.7000619717165,10.191553559817946,39.18237971391417,0.0,2.672657265929779,0.853634996749025
20,4.11300E+03,39.9,0.0,0.001,0.0,0.001,11300,32.057487961659845,489.7347021671432,0.0,70.59901080784027,0.0,7.1346081859235255,1.642281991446116
21,4.20005E+03,39.9,0.001,0.001,0.0,0.001,20005,25.025608937481863,330.604511386437,23.11838115546918,47.699318883220414,0.0,9.60086736667836,0.116068777498853
22,4.19905E+03,87.1,0.022,0.013,0.004,0.004,19905,26.86646520042202,412.7586980209883,11.108599228651132,41.351714284422464,0.0,3.86171785631932,1.5580704522744848
23,4.24503E+03,48.2,0.0,0.001,0.0,0.0,24502,34.75216078793627,721.3639816345271,0.0,74.36914600550963,0.0,0.606795224977044,0.01505968778696
24,4.12981E+03,47.5,0.002,0.002,0.0,0.0,12981,24.182426273681894,396.8857235957237,11.458145564969008,64.65217210443849,0.0,1.911424173934746,1.562001691648526
25,4.28206E+03,99.8,0.082,0.037,0.01,0.006,28206,32.08664439145956,629.6594161510898,3.73863683500158,30.325491459877536,0.0,1.154424175901316,0.066368222384597
26,4.14931E+03,85.3,0.024,0.018,0.004,0.005,14931,19.678815390948746,307.2944147749876,8.013164398259214,50.06811250015069,0.0,5.168111294619716,0.074140155031284
27,4.37620E+00,51.4,0.004,0.004,0.001,0.001,38,4.463205406326426,28.258373205741627,0.239234449760766,0.0,0.0,0.0,0.0
28,4.76990E+02,33.3,0.001,0.005,0.002,0.004,7699,2.927109847097829,33.73128448517722,38.02370709810156,0.0,0.0,39.22192088282053,8.569858786121761
29,4.10083E+03,35.5,0.001,0.002,0.001,0.004,10083,2.568417997307553,54.73326549375608,37.75718787099769,0.0,0.0,34.11973685385034,6.057360147818868
30,4.31632E+02,33.7,0.001,0.004,0.001,0.004,3163,2.552870526126334,40.06285031439384,46.60710729222978,0.0,0.0,33.90901072637779,2.728540131447918
31,4.28342E+03,36.9,0.003,0.006,0.002,0.004,28342,4.410624211260036,52.966508316556265,40.11380884940015,0.0,0.0,22.40992778980928,0.330566440361495
32,4.37645E+03,46.7,0.001,0.001,0.0,0.001,37645,11.57116200308904,221.8039844314069,8.30739364728721,23.717957913158237,0.0,5.579064641219476,31.17711187296487
1,5.14660E+03,326.5,0.236,0.358,0.047,0.018,14660,27.435247076317104,562.4830869533188,0.0,74.97482994867765,0.0,1.028288682071556,0.0509540063354859
2,5.81630E+00,302.2,0.322,0.401,0.083,0.08,82,12.954862920778917,339.04961411245864,41.12458654906284,34.619625137816975,0.0,16.5380374862183,0.0
3,5.50535E+02,302.2,0.168,0.276,0.036,0.021,5054,41.958584091155615,641.3518076580588,0.0,68.74977738201247,0.0,0.309884238646482,0.003561887800534
4,5.38595E+03,306.6,0.198,0.331,0.043,0.018,38595,35.874289922904694,809.4428144354899,0.0,64.04792552794568,0.0,0.282628162077457,0.665528691888665
5,5.26874E+03,236.2,0.116,0.17,0.022,0.009,26874,31.515515664452156,814.6438522696067,0.0,70.19102606179545,0.0,0.517752965525554,0.00971205433392
6,5.12990E+03,314.6,0.203,0.256,0.034,0.021,12990,25.634712806431136,491.1601676713088,0.0,62.08688422365413,0.0,2.404905425067553,0.016628559551029
7,5.12785E+03,314.1,2.051,0.416,0.055,0.021,12785,32.66128311418672,710.7400128117587,0.0,29.085507929915455,7.052098805409095,0.52021371702908,0.002815771134123
8,5.12233E+03,261.1,0.188,0.281,0.037,0.015,12233,30.18670878130093,625.6174932132689,0.0,77.79175586895907,0.0,0.680512333826246,0.0
9,5.19228E+03,314.1,0.18,0.335,0.044,0.019,19228,34.36246307511638,820.1150807395272,0.0,77.95459864263984,0.0,0.482096887432716,0.000936110461034
10,5.40616E+03,346.0,0.339,0.56,0.073,0.025,40616,29.691034248570336,755.0618521292485,0.0,67.4080294979237,0.0,0.742766228068233,0.010636270568996
11,5.16266E+03,237.5,0.017,0.033,0.005,0.006,16266,40.77669054742595,504.2856249654181,0.0,78.59071543185968,0.0,1.397665025175676,2.174514469097549
12,5.51207E+02,289.2,0.04,0.056,0.008,0.011,5121,33.58702833654999,483.4569660966308,0.0,80.6404555600471,0.0,2.052832311018156,0.147635200449936
13,5.22301E+03,202.3,0.025,0.049,0.007,0.006,22301,30.845331735862043,532.8902390791981,0.0,74.23037807122333,0.0,1.298308203919544,0.489539276143739
14,5.43711E+02,181.7,0.111,0.08,0.022,0.052,4371,12.39272077109365,134.60869296656236,15.959067698896392,33.112337341459394,0.0,42.79978586723769,0.422088618020096
15,5.87316E+02,177.5,0.194,0.123,0.036,0.023,8732,15.22976270305725,284.5455482487786,29.212104970211712,36.40973839905997,0.0,6.252447999340329,5.949411449421756
16,5.70627E+02,181.7,0.072,0.093,0.025,0.051,7063,4.208287025399914,72.89904936666922,42.26240538267452,0.0,0.0,26.963070571144584,0.047149374315059
17,5.35018E+03,142.3,0.129,0.075,0.021,0.018,35018,19.152642394642903,261.0541831153878,15.664322723908215,36.570133234641006,0.0,9.855868081256682,0.462620281273131
18,5.17507E+03,182.4,0.114,0.067,0.016,0.009,17507,27.858034110475717,391.41686244068944,13.32617066011402,57.47942445007634,0.0,3.693574670868311,1.801292365584211
19,5.35436E+03,181.1,0.071,0.031,0.01,0.006,35436,26.41756080268095,438.7000619717165,10.191553559817946,39.18237971391417,0.0,2.672657265929779,0.853634996749025
20,5.11300E+03,181.7,0.012,0.022,0.004,0.012,11300,32.057487961659845,489.7347021671432,0.0,70.59901080784027,0.0,7.1346081859235255,1.642281991446116
21,5.20005E+03,181.7,0.082,0.059,0.015,0.02,20005,25.025608937481863,330.604511386437,23.11838115546918,47.699318883220414,0.0,9.60086736667836,0.116068777498853
22,5.19905E+03,179.5,0.151,0.075,0.02,0.013,19905,26.86646520042202,412.7586980209883,11.108599228651132,41.351714284422464,0.0,3.86171785631932,1.5580704522744848
23,5.24503E+03,232.3,0.046,0.08,0.011,0.009,24502,34.75216078793627,721.3639816345271,0.0,74.36914600550963,0.0,0.606795224977044,0.01505968778696
24,5.12981E+03,177.5,0.095,0.065,0.017,0.011,12981,24.182426273681894,396.8857235957237,11.458145564969008,64.65217210443849,0.0,1.911424173934746,1.562001691648526
25,5.28206E+03,214.1,0.331,0.191,0.035,0.019,28206,32.08664439145956,629.6594161510898,3.73863683500158,30.325491459877536,0.0,1.154424175901316,0.066368222384597
26,5.14931E+03,195.4,0.241,0.142,0.033,0.022,14931,19.678815390948746,307.2944147749876,8.013164398259214,50.06811250015069,0.0,5.168111294619716,0.074140155031284
27,5.37620E+00,98.9,0.058,0.048,0.011,0.004,38,4.463205406326426,28.258373205741627,0.239234449760766,0.0,0.0,0.0,0.0
28,5.76990E+02,120.6,0.03,0.05,0.013,0.032,7699,2.927109847097829,33.73128448517722,38.02370709810156,0.0,0.0,39.22192088282053,8.569858786121761
29,5.10083E+03,135.4,0.019,0.035,0.01,0.035,10083,2.568417997307553,54.73326549375608,37.75718787099769,0.0,0.0,34.11973685385034,6.057360147818868
30,5.31632E+02,140.1,0.021,0.041,0.011,0.035,3163,2.552870526126334,40.06285031439384,46.60710729222978,0.0,0.0,33.90901072637779,2.728540131447918
31,5.28342E+03,116.3,0.041,0.069,0.015,0.03,28342,4.410624211260036,52.966508316556265,40.11380884940015,0.0,0.0,22.40992778980928,0.330566440361495
32,5.37645E+03,186.1,0.103,0.045,0.014,0.014,37645,11.57116200308904,221.8039844314069,8.30739364728721,23.717957913158237,0.0,5.579064641219476,31.17711187296487
1,6.14660E+03,744.5,0.971,1.515,0.2,0.075,14660,27.435247076317104,562.4830869533188,0.0,74.97482994867765,0.0,1.028288682071556,0.0509540063354859
2,6.81630E+00,728.7,2.128,2.042,0.45,0.246,82,12.954862920778917,339.04961411245864,41.12458654906284,34.619625137816975,0.0,16.5380374862183,0.0
3,6.50535E+02,728.7,0.796,1.48,0.195,0.092,5054,41.958584091155615,641.3518076580588,0.0,68.74977738201247,0.0,0.309884238646482,0.003561887800534
4,6.38595E+03,742.2,1.093,2.161,0.284,0.076,38595,35.874289922904694,809.4428144354899,0.0,64.04792552794568,0.0,0.282628162077457,0.665528691888665
5,6.26874E+03,677.6,0.811,1.39,0.183,0.067,26874,31.515515664452156,814.6438522696067,0.0,70.19102606179545,0.0,0.517752965525554,0.00971205433392
6,6.12990E+03,831.4,1.218,1.694,0.225,0.095,12990,25.634712806431136,491.1601676713088,0.0,62.08688422365413,0.0,2.404905425067553,0.016628559551029
7,6.12785E+03,676.1,10.568,1.758,0.231,0.074,12785,32.66128311418672,710.7400128117587,0.0,29.085507929915455,7.052098805409095,0.52021371702908,0.002815771134123
8,6.12233E+03,762.2,0.869,1.577,0.208,0.088,12233,30.18670878130093,625.6174932132689,0.0,77.79175586895907,0.0,0.680512333826246,0.0
9,6.19228E+03,676.1,0.763,1.56,0.203,0.076,19228,34.36246307511638,820.1150807395272,0.0,77.95459864263984,0.0,0.482096887432716,0.000936110461034
10,6.40616E+03,914.4,1.589,3.018,0.394,0.11,40616,29.691034248570336,755.0618521292485,0.0,67.4080294979237,0.0,0.742766228068233,0.010636270568996
11,6.16266E+03,714.5,0.457,0.664,0.089,0.065,16266,40.77669054742595,504.2856249654181,0.0,78.59071543185968,0.0,1.397665025175676,2.174514469097549
12,6.51207E+02,784.0,0.636,0.748,0.101,0.08,5121,33.58702833654999,483.4569660966308,0.0,80.6404555600471,0.0,2.052832311018156,0.147635200449936
13,6.22301E+03,670.4,0.403,0.654,0.087,0.068,22301,30.845331735862043,532.8902390791981,0.0,74.23037807122333,0.0,1.298308203919544,0.489539276143739
14,6.43711E+02,633.0,1.105,0.657,0.158,0.241,4371,12.39272077109365,134.60869296656236,15.959067698896392,33.112337341459394,0.0,42.79978586723769,0.422088618020096
15,6.87316E+02,663.5,2.263,1.53,0.422,0.106,8732,15.22976270305725,284.5455482487786,29.212104970211712,36.40973839905997,0.0,6.252447999340329,5.949411449421756
16,6.70627E+02,633.0,0.745,0.897,0.223,0.21,7063,4.208287025399914,72.89904936666922,42.26240538267452,0.0,0.0,26.963070571144584,0.047149374315059
17,6.35018E+03,606.9,1.842,0.933,0.246,0.11,35018,19.152642394642903,261.0541831153878,15.664322723908215,36.570133234641006,0.0,9.855868081256682,0.462620281273131
18,6.17507E+03,596.4,1.011,0.608,0.138,0.066,17507,27.858034110475717,391.41686244068944,13.32617066011402,57.47942445007634,0.0,3.693574670868311,1.801292365584211
19,6.35436E+03,573.6,0.784,0.452,0.119,0.044,35436,26.41756080268095,438.7000619717165,10.191553559817946,39.18237971391417,0.0,2.672657265929779,0.853634996749025
20,6.11300E+03,633.0,0.206,0.276,0.041,0.091,11300,32.057487961659845,489.7347021671432,0.0,70.59901080784027,0.0,7.1346081859235255,1.642281991446116
21,6.20005E+03,633.0,0.872,0.597,0.139,0.107,20005,25.025608937481863,330.604511386437,23.11838115546918,47.699318883220414,0.0,9.60086736667836,0.116068777498853
22,6.19905E+03,860.2,2.449,1.264,0.288,0.116,19905,26.86646520042202,412.7586980209883,11.108599228651132,41.351714284422464,0.0,3.86171785631932,1.5580704522744848
23,6.24503E+03,698.8,0.412,0.662,0.088,0.079,24502,34.75216078793627,721.3639816345271,0.0,74.36914600550963,0.0,0.606795224977044,0.01505968778696
24,6.12981E+03,663.5,1.165,0.904,0.207,0.073,12981,24.182426273681894,396.8857235957237,11.458145564969008,64.65217210443849,0.0,1.911424173934746,1.562001691648526
25,6.28206E+03,971.0,3.674,1.959,0.364,0.146,28206,32.08664439145956,629.6594161510898,3.73863683500158,30.325491459877536,0.0,1.154424175901316,0.066368222384597
26,6.14931E+03,880.5,1.96,1.312,0.286,0.155,14931,19.678815390948746,307.2944147749876,8.013164398259214,50.06811250015069,0.0,5.168111294619716,0.074140155031284
27,6.37620E+00,708.1,2.728,2.653,0.578,0.022,38,4.463205406326426,28.258373205741627,0.239234449760766,0.0,0.0,0.0,0.0
28,6.76990E+02,590.7,0.507,0.823,0.182,0.213,7699,2.927109847097829,33.73128448517722,38.02370709810156,0.0,0.0,39.22192088282053,8.569858786121761
29,6.10083E+03,590.4,0.33,0.548,0.135,0.188,10083,2.568417997307553,54.73326549375608,37.75718787099769,0.0,0.0,34.11973685385034,6.057360147818868
30,6.31632E+02,588.3,0.456,0.72,0.163,0.189,3163,2.552870526126334,40.06285031439384,46.60710729222978,0.0,0.0,33.90901072637779,2.728540131447918
31,6.28342E+03,604.0,0.895,1.441,0.296,0.191,28342,4.410624211260036,52.966508316556265,40.11380884940015,0.0,0.0,22.40992778980928,0.330566440361495
32,6.37645E+03,647.7,1.042,0.468,0.125,0.064,37645,11.57116200308904,221.8039844314069,8.30739364728721,23.717957913158237,0.0,5.579064641219476,31.17711187296487
1,7.14660E+03,3939.099,6.515,9.243,1.219,0.433,14660,27.435247076317104,562.4830869533188,0.0,74.97482994867765,0.0,1.028288682071556,0.0509540063354859
2,7.81630E+00,4360.8,20.698,10.16,2.185,0.814,82,12.954862920778917,339.04961411245864,41.12458654906284,34.619625137816975,0.0,16.5380374862183,0.0
3,7.50535E+02,4360.801,4.278,7.788,1.025,0.589,5054,41.958584091155615,641.3518076580588,0.0,68.74977738201247,0.0,0.309884238646482,0.003561887800534
4,7.38595E+03,4460.3,8.314,13.174,1.729,0.461,38595,35.874289922904694,809.4428144354899,0.0,64.04792552794568,0.0,0.282628162077457,0.665528691888665
5,7.26874E+03,5021.599,7.471,11.269,1.483,0.562,26874,31.515515664452156,814.6438522696067,0.0,70.19102606179545,0.0,0.517752965525554,0.00971205433392
6,7.12990E+03,4053.5,5.854,7.615,1.017,0.473,12990,25.634712806431136,491.1601676713088,0.0,62.08688422365413,0.0,2.404905425067553,0.016628559551029
7,7.12785E+03,3895.999,81.625,9.318,1.219,0.442,12785,32.66128311418672,710.7400128117587,0.0,29.085507929915455,7.052098805409095,0.52021371702908,0.002815771134123
8,7.12233E+03,4057.899,5.112,8.335,1.098,0.505,12233,30.18670878130093,625.6174932132689,0.0,77.79175586895907,0.0,0.680512333826246,0.0
9,7.19228E+03,3895.999,5.59,10.125,1.32,0.501,19228,34.36246307511638,820.1150807395272,0.0,77.95459864263984,0.0,0.482096887432716,0.000936110461034
10,7.40616E+03,3758.2,7.102,11.168,1.458,0.434,40616,29.691034248570336,755.0618521292485,0.0,67.4080294979237,0.0,0.742766228068233,0.010636270568996
11,7.16266E+03,4400.0,4.01,6.012,0.803,0.54,16266,40.77669054742595,504.2856249654181,0.0,78.59071543185968,0.0,1.397665025175676,2.174514469097549
12,7.51207E+02,4413.2,4.969,5.651,0.762,0.558,5121,33.58702833654999,483.4569660966308,0.0,80.6404555600471,0.0,2.052832311018156,0.147635200449936
13,7.22301E+03,4350.1,4.635,6.753,0.903,0.593,22301,30.845331735862043,532.8902390791981,0.0,74.23037807122333,0.0,1.298308203919544,0.489539276143739
14,7.43711E+02,4386.901,9.414,4.057,0.982,1.782,4371,12.39272077109365,134.60869296656236,15.959067698896392,33.112337341459394,0.0,42.79978586723769,0.422088618020096
15,7.87316E+02,4398.9,19.797,8.106,1.978,0.531,8732,15.22976270305725,284.5455482487786,29.212104970211712,36.40973839905997,0.0,6.252447999340329,5.949411449421756
16,7.70627E+02,4386.9,9.183,9.98,2.43,1.437,7063,4.208287025399914,72.89904936666922,42.26240538267452,0.0,0.0,26.963070571144584,0.047149374315059
17,7.35018E+03,4344.5,17.17,5.236,1.287,0.885,35018,19.152642394642903,261.0541831153878,15.664322723908215,36.570133234641006,0.0,9.855868081256682,0.462620281273131
18,7.17507E+03,12779.4,12.256,4.175,0.881,0.921,17507,27.858034110475717,391.41686244068944,13.32617066011402,57.47942445007634,0.0,3.693574670868311,1.801292365584211
19,7.35436E+03,6050.798,17.072,5.943,1.153,0.714,35436,26.41756080268095,438.7000619717165,10.191553559817946,39.18237971391417,0.0,2.672657265929779,0.853634996749025
20,7.11300E+03,4386.9,0.965,1.588,0.25,0.857,11300,32.057487961659845,489.7347021671432,0.0,70.59901080784027,0.0,7.1346081859235255,1.642281991446116
21,7.20005E+03,4386.9,8.859,4.869,1.117,0.881,20005,25.025608937481863,330.604511386437,23.11838115546918,47.699318883220414,0.0,9.60086736667836,0.116068777498853
22,7.19905E+03,5154.501,17.057,5.555,1.112,0.672,19905,26.86646520042202,412.7586980209883,11.108599228651132,41.351714284422464,0.0,3.86171785631932,1.5580704522744848
23,7.24503E+03,3805.076,2.77,4.039,0.538,0.567,24502,34.75216078793627,721.3639816345271,0.0,74.36914600550963,0.0,0.606795224977044,0.01505968778696
24,7.12981E+03,4398.9,10.62,6.145,1.183,0.543,12981,24.182426273681894,396.8857235957237,11.458145564969008,64.65217210443849,0.0,1.911424173934746,1.562001691648526
25,7.28206E+03,4194.213,17.903,5.612,0.932,0.555,28206,32.08664439145956,629.6594161510898,3.73863683500158,30.325491459877536,0.0,1.154424175901316,0.066368222384597
26,7.14931E+03,3970.81,10.273,4.676,0.929,0.636,14931,19.678815390948746,307.2944147749876,8.013164398259214,50.06811250015069,0.0,5.168111294619716,0.074140155031284
27,7.37620E+00,3539.48,17.821,14.125,3.003,0.06,38,4.463205406326426,28.258373205741627,0.239234449760766,0.0,0.0,0.0,0.0
28,7.76990E+02,3333.08,4.999,6.834,1.453,1.318,7699,2.927109847097829,33.73128448517722,38.02370709810156,0.0,0.0,39.22192088282053,8.569858786121761
29,7.10083E+03,3324.09,4.215,6.641,1.533,1.252,10083,2.568417997307553,54.73326549375608,37.75718787099769,0.0,0.0,34.11973685385034,6.057360147818868
30,7.31632E+02,3364.78,5.605,7.632,1.658,1.294,3163,2.552870526126334,40.06285031439384,46.60710729222978,0.0,0.0,33.90901072637779,2.728540131447918
31,7.28342E+03,3352.28,7.61,11.056,2.235,1.099,28342,4.410624211260036,52.966508316556265,40.11380884940015,0.0,0.0,22.40992778980928,0.330566440361495
32,7.37645E+03,3687.58,9.174,2.496,0.614,0.461,37645,11.57116200308904,221.8039844314069,8.30739364728721,23.717957913158237,0.0,5.579064641219476,31.17711187296487
1,8.14660E+03,1635.1,0.584,0.743,0.1,0.147,14660,27.435247076317104,562.4830869533188,0.0,74.97482994867765,0.0,1.028288682071556,0.0509540063354859
2,8.81630E+00,1736.6,7.051,1.903,0.383,0.269,82,12.954862920778917,339.04961411245864,41.12458654906284,34.619625137816975,0.0,16.5380374862183,0.0
3,8.50535E+02,1736.6,0.354,0.628,0.083,0.203,5054,41.958584091155615,641.3518076580588,0.0,68.74977738201247,0.0,0.309884238646482,0.003561887800534
4,8.38595E+03,1530.9,0.707,0.905,0.119,0.124,38595,35.874289922904694,809.4428144354899,0.0,64.04792552794568,0.0,0.282628162077457,0.665528691888665
5,8.26874E+03,1788.9,0.628,0.792,0.105,0.162,26874,31.515515664452156,814.6438522696067,0.0,70.19102606179545,0.0,0.517752965525554,0.00971205433392
6,8.12990E+03,1737.5,0.492,0.586,0.083,0.167,12990,25.634712806431136,491.1601676713088,0.0,62.08688422365413,0.0,2.404905425067553,0.016628559551029
7,8.12785E+03,1453.6,24.181,0.676,0.089,0.136,12785,32.66128311418672,710.7400128117587,0.0,29.085507929915455,7.052098805409095,0.52021371702908,0.002815771134123
8,8.12233E+03,1475.9,0.388,0.54,0.072,0.152,12233,30.18670878130093,625.6174932132689,0.0,77.79175586895907,0.0,0.680512333826246,0.0
9,8.19228E+03,1453.6,0.46,0.774,0.102,0.152,19228,34.36246307511638,820.1150807395272,0.0,77.95459864263984,0.0,0.482096887432716,0.000936110461034
10,8.40616E+03,1701.8,0.816,1.16,0.153,0.161,40616,29.691034248570336,755.0618521292485,0.0,67.4080294979237,0.0,0.742766228068233,0.010636270568996
11,8.16266E+03,1537.7,0.279,0.364,0.051,0.154,16266,40.77669054742595,504.2856249654181,0.0,78.59071543185968,0.0,1.397665025175676,2.174514469097549
12,8.51207E+02,1821.5,0.424,0.48,0.068,0.188,5121,33.58702833654999,483.4569660966308,0.0,80.6404555600471,0.0,2.052832311018156,0.147635200449936
13,8.22301E+03,1269.3,0.208,0.296,0.042,0.138,22301,30.845331735862043,532.8902390791981,0.0,74.23037807122333,0.0,1.298308203919544,0.489539276143739
14,8.43711E+02,1434.2,2.867,0.581,0.157,0.455,4371,12.39272077109365,134.60869296656236,15.959067698896392,33.112337341459394,0.0,42.79978586723769,0.422088618020096
15,8.87316E+02,1073.4,4.226,0.539,0.132,0.099,8732,15.22976270305725,284.5455482487786,29.212104970211712,36.40973839905997,0.0,6.252447999340329,5.949411449421756
16,8.70627E+02,1434.2,2.406,1.705,0.418,0.361,7063,4.208287025399914,72.89904936666922,42.26240538267452,0.0,0.0,26.963070571144584,0.047149374315059
17,8.35018E+03,1146.8,4.16,0.394,0.097,0.189,35018,19.152642394642903,261.0541831153878,15.664322723908215,36.570133234641006,0.0,9.855868081256682,0.462620281273131
18,8.17507E+03,1598.3,3.319,0.417,0.085,0.189,17507,27.858034110475717,391.41686244068944,13.32617066011402,57.47942445007634,0.0,3.693574670868311,1.801292365584211
19,8.35436E+03,1691.799,3.567,0.315,0.062,0.158,35436,26.41756080268095,438.7000619717165,10.191553559817946,39.18237971391417,0.0,2.672657265929779,0.853634996749025
20,8.11300E+03,1434.2,0.088,0.173,0.035,0.232,11300,32.057487961659845,489.7347021671432,0.0,70.59901080784027,0.0,7.1346081859235255,1.642281991446116
21,8.20005E+03,1434.2,2.453,0.653,0.156,0.231,20005,25.025608937481863,330.604511386437,23.11838115546918,47.699318883220414,0.0,9.60086736667836,0.116068777498853
22,8.19905E+03,1253.3,4.068,0.308,0.067,0.135,19905,26.86646520042202,412.7586980209883,11.108599228651132,41.351714284422464,0.0,3.86171785631932,1.5580704522744848
23,8.24503E+03,1714.601,0.223,0.364,0.05,0.219,24502,34.75216078793627,721.3639816345271,0.0,74.36914600550963,0.0,0.606795224977044,0.01505968778696
24,8.12981E+03,1073.4,1.866,0.314,0.066,0.102,12981,24.182426273681894,396.8857235957237,11.458145564969008,64.65217210443849,0.0,1.911424173934746,1.562001691648526
25,8.28206E+03,1204.1,4.678,0.332,0.06,0.141,28206,32.08664439145956,629.6594161510898,3.73863683500158,30.325491459877536,0.0,1.154424175901316,0.066368222384597
26,8.14931E+03,1138.4,3.176,0.519,0.115,0.156,14931,19.678815390948746,307.2944147749876,8.013164398259214,50.06811250015069,0.0,5.168111294619716,0.074140155031284
27,8.37620E+00,1141.9,4.871,2.591,0.538,0.008,38,4.463205406326426,28.258373205741627,0.239234449760766,0.0,0.0,0.0,0.0
28,8.76990E+02,1144.0,1.405,1.734,0.37,0.433,7699,2.927109847097829,33.73128448517722,38.02370709810156,0.0,0.0,39.22192088282053,8.569858786121761
29,8.10083E+03,1182.0,1.17,1.558,0.36,0.348,10083,2.568417997307553,54.73326549375608,37.75718787099769,0.0,0.0,34.11973685385034,6.057360147818868
30,8.31632E+02,1207.4,1.812,1.996,0.435,0.359,3163,2.552870526126334,40.06285031439384,46.60710729222978,0.0,0.0,33.90901072637779,2.728540131447918
31,8.28342E+03,1127.1,2.653,2.646,0.532,0.303,28342,4.410624211260036,52.966508316556265,40.11380884940015,0.0,0.0,22.40992778980928,0.330566440361495
32,8.37645E+03,1371.4,2.477,0.243,0.062,0.134,37645,11.57116200308904,221.8039844314069,8.30739364728721,23.717957913158237,0.0,5.579064641219476,31.17711187296487
1,9.14660E+03,1760.599,0.233,0.296,0.041,0.16,14660,27.435247076317104,562.4830869533188,0.0,74.97482994867765,0.0,1.028288682071556,0.0509540063354859
2,9.81630E+00,1974.2,7.642,1.553,0.312,0.302,82,12.954862920778917,339.04961411245864,41.12458654906284,34.619625137816975,0.0,16.5380374862183,0.0
3,9.50535E+02,1974.2,0.165,0.285,0.038,0.234,5054,41.958584091155615,641.3518076580588,0.0,68.74977738201247,0.0,0.309884238646482,0.003561887800534
4,9.38595E+03,1963.4,0.287,0.378,0.05,0.161,38595,35.874289922904694,809.4428144354899,0.0,64.04792552794568,0.0,0.282628162077457,0.665528691888665
5,9.26874E+03,2233.8,0.338,0.414,0.056,0.206,26874,31.515515664452156,814.6438522696067,0.0,70.19102606179545,0.0,0.517752965525554,0.00971205433392
6,9.12990E+03,1739.2,0.195,0.248,0.038,0.165,12990,25.634712806431136,491.1601676713088,0.0,62.08688422365413,0.0,2.404905425067553,0.016628559551029
7,9.12785E+03,1734.9,19.446,0.302,0.041,0.164,12785,32.66128311418672,710.7400128117587,0.0,29.085507929915455,7.052098805409095,0.52021371702908,0.002815771134123
8,9.12233E+03,1637.3,0.167,0.241,0.033,0.169,12233,30.18670878130093,625.6174932132689,0.0,77.79175586895907,0.0,0.680512333826246,0.0
9,9.19228E+03,1734.9,0.19,0.328,0.044,0.184,19228,34.36246307511638,820.1150807395272,0.0,77.95459864263984,0.0,0.482096887432716,0.000936110461034
10,9.40616E+03,1575.5,0.226,0.326,0.044,0.145,40616,29.691034248570336,755.0618521292485,0.0,67.4080294979237,0.0,0.742766228068233,0.010636270568996
11,9.16266E+03,1783.8,0.151,0.19,0.029,0.181,16266,40.77669054742595,504.2856249654181,0.0,78.59071543185968,0.0,1.397665025175676,2.174514469097549
12,9.51207E+02,1924.6,0.191,0.218,0.034,0.198,5121,33.58702833654999,483.4569660966308,0.0,80.6404555600471,0.0,2.052832311018156,0.147635200449936
13,9.22301E+03,1555.9,0.128,0.181,0.027,0.172,22301,30.845331735862043,532.8902390791981,0.0,74.23037807122333,0.0,1.298308203919544,0.489539276143739
14,9.43711E+02,1997.0,4.37,0.645,0.184,0.622,4371,12.39272077109365,134.60869296656236,15.959067698896392,33.112337341459394,0.0,42.79978586723769,0.422088618020096
15,9.87316E+02,1393.2,5.003,0.499,0.124,0.129,8732,15.22976270305725,284.5455482487786,29.212104970211712,36.40973839905997,0.0,6.252447999340329,5.949411449421756
16,9.70627E+02,1997.0,3.98,2.126,0.521,0.494,7063,4.208287025399914,72.89904936666922,42.26240538267452,0.0,0.0,26.963070571144584,0.047149374315059
17,9.35018E+03,1294.0,4.401,0.329,0.083,0.199,35018,19.152642394642903,261.0541831153878,15.664322723908215,36.570133234641006,0.0,9.855868081256682,0.462620281273131
18,9.17507E+03,2214.4,4.933,0.398,0.084,0.273,17507,27.858034110475717,391.41686244068944,13.32617066011402,57.47942445007634,0.0,3.693574670868311,1.801292365584211
19,9.35436E+03,2253.099,4.005,0.237,0.05,0.219,35436,26.41756080268095,438.7000619717165,10.191553559817946,39.18237971391417,0.0,2.672657265929779,0.853634996749025
20,9.11300E+03,1997.0,0.098,0.186,0.04,0.33,11300,32.057487961659845,489.7347021671432,0.0,70.59901080784027,0.0,7.1346081859235255,1.642281991446116
21,9.20005E+03,1997.0,3.779,0.738,0.176,0.324,20005,25.025608937481863,330.604511386437,23.11838115546918,47.699318883220414,0.0,9.60086736667836,0.116068777498853
22,9.19905E+03,1476.5,3.717,0.242,0.056,0.156,19905,26.86646520042202,412.7586980209883,11.108599228651132,41.351714284422464,0.0,3.86171785631932,1.5580704522744848
23,9.24503E+03,2023.501,0.147,0.223,0.031,0.264,24502,34.75216078793627,721.3639816345271,0.0,74.36914600550963,0.0,0.606795224977044,0.01505968778696
24,9.12981E+03,1393.2,2.145,0.28,0.061,0.134,12981,24.182426273681894,396.8857235957237,11.458145564969008,64.65217210443849,0.0,1.911424173934746,1.562001691648526
25,9.28206E+03,1552.2,4.077,0.25,0.048,0.182,28206,32.08664439145956,629.6594161510898,3.73863683500158,30.325491459877536,0.0,1.154424175901316,0.066368222384597
26,9.14931E+03,1476.3,2.977,0.437,0.098,0.203,14931,19.678815390948746,307.2944147749876,8.013164398259214,50.06811250015069,0.0,5.168111294619716,0.074140155031284
27,9.37620E+00,1658.4,8.076,3.712,0.758,0.015,38,4.463205406326426,28.258373205741627,0.239234449760766,0.0,0.0,0.0,0.0
28,9.76990E+02,1889.8,2.235,2.249,0.482,0.578,7699,2.927109847097829,33.73128448517722,38.02370709810156,0.0,0.0,39.22192088282053,8.569858786121761
29,9.10083E+03,1723.0,1.659,1.96,0.453,0.459,10083,2.568417997307553,54.73326549375608,37.75718787099769,0.0,0.0,34.11973685385034,6.057360147818868
30,9.31632E+02,1972.2,3.093,2.831,0.618,0.537,3163,2.552870526126334,40.06285031439384,46.60710729222978,0.0,0.0,33.90901072637779,2.728540131447918
31,9.28342E+03,1661.2,3.451,3.122,0.628,0.406,28342,4.410624211260036,52.966508316556265,40.11380884940015,0.0,0.0,22.40992778980928,0.330566440361495
32,9.37645E+03,1550.3,2.69,0.216,0.056,0.144,37645,11.57116200308904,221.8039844314069,8.30739364728721,23.717957913158237,0.0,5.579064641219476,31.17711187296487
1,10.14660E+03,427.4,0.028,0.037,0.005,0.032,14660,27.435247076317104,562.4830869533188,0.0,74.97482994867765,0.0,1.028288682071556,0.0509540063354859
2,10.81630E+00,500.1,1.365,0.318,0.057,0.065,82,12.954862920778917,339.04961411245864,41.12458654906284,34.619625137816975,0.0,16.5380374862183,0.0
3,10.50535E+02,500.1,0.023,0.038,0.005,0.052,5054,41.958584091155615,641.3518076580588,0.0,68.74977738201247,0.0,0.309884238646482,0.003561887800534
4,10.38595E+03,444.5,0.033,0.04,0.005,0.032,38595,35.874289922904694,809.4428144354899,0.0,64.04792552794568,0.0,0.282628162077457,0.665528691888665
5,10.26874E+03,583.0,0.035,0.048,0.007,0.047,26874,31.515515664452156,814.6438522696067,0.0,70.19102606179545,0.0,0.517752965525554,0.00971205433392
6,10.12990E+03,428.9,0.024,0.033,0.006,0.032,12990,25.634712806431136,491.1601676713088,0.0,62.08688422365413,0.0,2.404905425067553,0.016628559551029
7,10.12785E+03,415.0,3.447,0.031,0.004,0.034,12785,32.66128311418672,710.7400128117587,0.0,29.085507929915455,7.052098805409095,0.52021371702908,0.002815771134123
8,10.12233E+03,422.1,0.022,0.034,0.005,0.037,12233,30.18670878130093,625.6174932132689,0.0,77.79175586895907,0.0,0.680512333826246,0.0
9,10.19228E+03,415.0,0.022,0.035,0.005,0.037,19228,34.36246307511638,820.1150807395272,0.0,77.95459864263984,0.0,0.482096887432716,0.000936110461034
10,10.40616E+03,353.2,0.02,0.027,0.004,0.026,40616,29.691034248570336,755.0618521292485,0.0,67.4080294979237,0.0,0.742766228068233,0.010636270568996
11,10.16266E+03,486.2,0.016,0.024,0.004,0.038,16266,40.77669054742595,504.2856249654181,0.0,78.59071543185968,0.0,1.397665025175676,2.174514469097549
12,10.51207E+02,505.2,0.019,0.032,0.005,0.041,5121,33.58702833654999,483.4569660966308,0.0,80.6404555600471,0.0,2.052832311018156,0.147635200449936
13,10.22301E+03,435.3,0.013,0.024,0.004,0.038,22301,30.845331735862043,532.8902390791981,0.0,74.23037807122333,0.0,1.298308203919544,0.489539276143739
14,10.43711E+02,552.6,0.753,0.133,0.04,0.131,4371,12.39272077109365,134.60869296656236,15.959067698896392,33.112337341459394,0.0,42.79978586723769,0.422088618020096
15,10.87316E+02,403.0,1.018,0.086,0.021,0.03,8732,15.22976270305725,284.5455482487786,29.212104970211712,36.40973839905997,0.0,6.252447999340329,5.949411449421756
16,10.70627E+02,552.6,0.707,0.394,0.099,0.102,7063,4.208287025399914,72.89904936666922,42.26240538267452,0.0,0.0,26.963070571144584,0.047149374315059
17,10.35018E+03,527.8,1.246,0.099,0.026,0.074,35018,19.152642394642903,261.0541831153878,15.664322723908215,36.570133234641006,0.0,9.855868081256682,0.462620281273131
18,10.17507E+03,591.0,0.842,0.064,0.013,0.061,17507,27.858034110475717,391.41686244068944,13.32617066011402,57.47942445007634,0.0,3.693574670868311,1.801292365584211
19,10.35436E+03,619.3,0.77,0.043,0.01,0.049,35436,26.41756080268095,438.7000619717165,10.191553559817946,39.18237971391417,0.0,2.672657265929779,0.853634996749025
20,10.11300E+03,552.6,0.019,0.043,0.01,0.076,11300,32.057487961659845,489.7347021671432,0.0,70.59901080784027,0.0,7.1346081859235255,1.642281991446116
21,10.20005E+03,552.6,0.637,0.131,0.032,0.073,20005,25.025608937481863,330.604511386437,23.11838115546918,47.699318883220414,0.0,9.60086736667836,0.116068777498853
22,10.19905E+03,542.9,0.995,0.06,0.014,0.051,19905,26.86646520042202,412.7586980209883,11.108599228651132,41.351714284422464,0.0,3.86171785631932,1.5580704522744848
23,10.24503E+03,573.5,0.018,0.035,0.005,0.066,24502,34.75216078793627,721.3639816345271,0.0,74.36914600550963,0.0,0.606795224977044,0.01505968778696
24,10.12981E+03,403.0,0.443,0.045,0.01,0.031,12981,24.182426273681894,396.8857235957237,11.458145564969008,64.65217210443849,0.0,1.911424173934746,1.562001691648526
25,10.28206E+03,471.5,1.12,0.055,0.01,0.049,28206,32.08664439145956,629.6594161510898,3.73863683500158,30.325491459877536,0.0,1.154424175901316,0.066368222384597
26,10.14931E+03,456.9,0.6,0.092,0.021,0.054,14931,19.678815390948746,307.2944147749876,8.013164398259214,50.06811250015069,0.0,5.168111294619716,0.074140155031284
27,10.37620E+00,837.3,3.102,1.181,0.239,0.01,38,4.463205406326426,28.258373205741627,0.239234449760766,0.0,0.0,0.0,0.0
28,10.76990E+02,622.1,0.63,0.707,0.151,0.166,7699,2.927109847097829,33.73128448517722,38.02370709810156,0.0,0.0,39.22192088282053,8.569858786121761
29,10.10083E+03,562.7,0.397,0.444,0.106,0.117,10083,2.568417997307553,54.73326549375608,37.75718787099769,0.0,0.0,34.11973685385034,6.057360147818868
30,10.31632E+02,553.2,0.504,0.498,0.112,0.113,3163,2.552870526126334,40.06285031439384,46.60710729222978,0.0,0.0,33.90901072637779,2.728540131447918
31,10.28342E+03,637.0,1.118,0.976,0.198,0.133,28342,4.410624211260036,52.966508316556265,40.11380884940015,0.0,0.0,22.40992778980928,0.330566440361495
32,10.37645E+03,519.8,0.746,0.051,0.014,0.04,37645,11.57116200308904,221.8039844314069,8.30739364728721,23.717957913158237,0.0,5.579064641219476,31.17711187296487
1,11.14660E+03,417.6,0.017,0.022,0.003,0.024,14660,27.435247076317104,562.4830869533188,0.0,74.97482994867765,0.0,1.028288682071556,0.0509540063354859
2,11.81630E+00,416.7,0.678,0.21,0.031,0.043,82,12.954862920778917,339.04961411245864,41.12458654906284,34.619625137816975,0.0,16.5380374862183,0.0
3,11.50535E+02,416.7,0.014,0.022,0.003,0.034,5054,41.958584091155615,641.3518076580588,0.0,68.74977738201247,0.0,0.309884238646482,0.003561887800534
4,11.38595E+03,377.2,0.012,0.017,0.002,0.015,38595,35.874289922904694,809.4428144354899,0.0,64.04792552794568,0.0,0.282628162077457,0.665528691888665
5,11.26874E+03,391.7,0.012,0.017,0.002,0.021,26874,31.515515664452156,814.6438522696067,0.0,70.19102606179545,0.0,0.517752965525554,0.00971205433392
6,11.12990E+03,445.7,0.015,0.022,0.004,0.024,12990,25.634712806431136,491.1601676713088,0.0,62.08688422365413,0.0,2.404905425067553,0.016628559551029
7,11.12785E+03,396.8,2.432,0.022,0.003,0.026,12785,32.66128311418672,710.7400128117587,0.0,29.085507929915455,7.052098805409095,0.52021371702908,0.002815771134123
8,11.12233E+03,446.7,0.012,0.022,0.003,0.029,12233,30.18670878130093,625.6174932132689,0.0,77.79175586895907,0.0,0.680512333826246,0.0
9,11.19228E+03,396.8,0.014,0.02,0.003,0.026,19228,34.36246307511638,820.1150807395272,0.0,77.95459864263984,0.0,0.482096887432716,0.000936110461034
10,11.40616E+03,446.7,0.025,0.029,0.004,0.028,40616,29.691034248570336,755.0618521292485,0.0,67.4080294979237,0.0,0.742766228068233,0.010636270568996
11,11.16266E+03,439.5,0.005,0.012,0.002,0.018,16266,40.77669054742595,504.2856249654181,0.0,78.59071543185968,0.0,1.397665025175676,2.174514469097549
12,11.51207E+02,443.3,0.006,0.017,0.003,0.019,5121,33.58702833654999,483.4569660966308,0.0,80.6404555600471,0.0,2.052832311018156,0.147635200449936
13,11.22301E+03,425.0,0.006,0.013,0.002,0.021,22301,30.845331735862043,532.8902390791981,0.0,74.23037807122333,0.0,1.298308203919544,0.489539276143739
14,11.43711E+02,445.4,0.451,0.074,0.024,0.09,4371,12.39272077109365,134.60869296656236,15.959067698896392,33.112337341459394,0.0,42.79978586723769,0.422088618020096
15,11.87316E+02,414.5,0.521,0.05,0.012,0.022,8732,15.22976270305725,284.5455482487786,29.212104970211712,36.40973839905997,0.0,6.252447999340329,5.949411449421756
16,11.70627E+02,445.4,0.387,0.176,0.047,0.072,7063,4.208287025399914,72.89904936666922,42.26240538267452,0.0,0.0,26.963070571144584,0.047149374315059
17,11.35018E+03,397.7,0.485,0.041,0.011,0.04,35018,19.152642394642903,261.0541831153878,15.664322723908215,36.570133234641006,0.0,9.855868081256682,0.462620281273131
18,11.17507E+03,418.4,0.356,0.028,0.006,0.032,17507,27.858034110475717,391.41686244068944,13.32617066011402,57.47942445007634,0.0,3.693574670868311,1.801292365584211
19,11.35436E+03,390.9,0.291,0.014,0.003,0.014,35436,26.41756080268095,438.7000619717165,10.191553559817946,39.18237971391417,0.0,2.672657265929779,0.853634996749025
20,11.11300E+03,445.4,0.008,0.023,0.006,0.046,11300,32.057487961659845,489.7347021671432,0.0,70.59901080784027,0.0,7.1346081859235255,1.642281991446116
21,11.20005E+03,445.4,0.375,0.063,0.016,0.045,20005,25.025608937481863,330.604511386437,23.11838115546918,47.699318883220414,0.0,9.60086736667836,0.116068777498853
22,11.19905E+03,405.7,0.344,0.023,0.006,0.022,19905,26.86646520042202,412.7586980209883,11.108599228651132,41.351714284422464,0.0,3.86171785631932,1.5580704522744848
23,11.24503E+03,441.2,0.008,0.015,0.002,0.034,24502,34.75216078793627,721.3639816345271,0.0,74.36914600550963,0.0,0.606795224977044,0.01505968778696
24,11.12981E+03,414.5,0.212,0.026,0.006,0.019,12981,24.182426273681894,396.8857235957237,11.458145564969008,64.65217210443849,0.0,1.911424173934746,1.562001691648526
25,11.28206E+03,407.0,0.416,0.024,0.005,0.031,28206,32.08664439145956,629.6594161510898,3.73863683500158,30.325491459877536,0.0,1.154424175901316,0.066368222384597
26,11.14931E+03,421.0,0.311,0.051,0.011,0.037,14931,19.678815390948746,307.2944147749876,8.013164398259214,50.06811250015069,0.0,5.168111294619716,0.074140155031284
27,11.37620E+00,414.3,1.428,0.361,0.072,0.005,38,4.463205406326426,28.258373205741627,0.239234449760766,0.0,0.0,0.0,0.0
28,11.76990E+02,432.5,0.266,0.265,0.06,0.099,7699,2.927109847097829,33.73128448517722,38.02370709810156,0.0,0.0,39.22192088282053,8.569858786121761
29,11.10083E+03,430.0,0.169,0.178,0.046,0.074,10083,2.568417997307553,54.73326549375608,37.75718787099769,0.0,0.0,34.11973685385034,6.057360147818868
30,11.31632E+02,448.0,0.275,0.251,0.059,0.087,3163,2.552870526126334,40.06285031439384,46.60710729222978,0.0,0.0,33.90901072637779,2.728540131447918
31,11.28342E+03,417.4,0.465,0.343,0.071,0.076,28342,4.410624211260036,52.966508316556265,40.11380884940015,0.0,0.0,22.40992778980928,0.330566440361495
32,11.37645E+03,409.5,0.275,0.021,0.006,0.021,37645,11.57116200308904,221.8039844314069,8.30739364728721,23.717957913158237,0.0,5.579064641219476,31.17711187296487
1,12.14660E+03,18.4,0.0,0.001,0.0,0.0,14660,27.435247076317104,562.4830869533188,0.0,74.97482994867765,0.0,1.028288682071556,0.0509540063354859
2,12.81630E+00,20.6,0.002,0.013,0.001,0.001,82,12.954862920778917,339.04961411245864,41.12458654906284,34.619625137816975,0.0,16.5380374862183,0.0
3,12.50535E+02,20.6,0.0,0.001,0.0,0.0,5054,41.958584091155615,641.3518076580588,0.0,68.74977738201247,0.0,0.309884238646482,0.003561887800534
4,12.38595E+03,23.3,0.001,0.002,0.0,0.003,38595,35.874289922904694,809.4428144354899,0.0,64.04792552794568,0.0,0.282628162077457,0.665528691888665
5,12.26874E+03,28.7,0.0,0.0,0.0,0.0,26874,31.515515664452156,814.6438522696067,0.0,70.19102606179545,0.0,0.517752965525554,0.00971205433392
6,12.12990E+03,18.9,0.0,0.001,0.0,0.0,12990,25.634712806431136,491.1601676713088,0.0,62.08688422365413,0.0,2.404905425067553,0.016628559551029
7,12.12785E+03,19.1,0.033,0.001,0.0,0.0,12785,32.66128311418672,710.7400128117587,0.0,29.085507929915455,7.052098805409095,0.52021371702908,0.002815771134123
8,12.12233E+03,20.3,0.0,0.001,0.0,0.0,12233,30.18670878130093,625.6174932132689,0.0,77.79175586895907,0.0,0.680512333826246,0.0
9,12.19228E+03,19.1,0.0,0.0,0.0,0.0,19228,34.36246307511638,820.1150807395272,0.0,77.95459864263984,0.0,0.482096887432716,0.000936110461034
10,12.40616E+03,17.1,0.0,0.0,0.0,0.0,40616,29.691034248570336,755.0618521292485,0.0,67.4080294979237,0.0,0.742766228068233,0.010636270568996
11,12.16266E+03,21.4,0.0,0.0,0.0,0.0,16266,40.77669054742595,504.2856249654181,0.0,78.59071543185968,0.0,1.397665025175676,2.174514469097549
12,12.51207E+02,20.1,0.0,0.001,0.0,0.0,5121,33.58702833654999,483.4569660966308,0.0,80.6404555600471,0.0,2.052832311018156,0.147635200449936
13,12.22301E+03,21.6,0.0,0.0,0.0,0.0,22301,30.845331735862043,532.8902390791981,0.0,74.23037807122333,0.0,1.298308203919544,0.489539276143739
14,12.43711E+02,24.0,0.008,0.002,0.001,0.001,4371,12.39272077109365,134.60869296656236,15.959067698896392,33.112337341459394,0.0,42.79978586723769,0.422088618020096
15,12.87316E+02,21.5,0.004,0.001,0.0,0.0,8732,15.22976270305725,284.5455482487786,29.212104970211712,36.40973839905997,0.0,6.252447999340329,5.949411449421756
16,12.70627E+02,24.0,0.003,0.002,0.001,0.001,7063,4.208287025399914,72.89904936666922,42.26240538267452,0.0,0.0,26.963070571144584,0.047149374315059
17,12.35018E+03,21.7,0.003,0.001,0.0,0.001,35018,19.152642394642903,261.0541831153878,15.664322723908215,36.570133234641006,0.0,9.855868081256682,0.462620281273131
18,12.17507E+03,28.8,0.006,0.0,0.0,0.0,17507,27.858034110475717,391.41686244068944,13.32617066011402,57.47942445007634,0.0,3.693574670868311,1.801292365584211
19,12.35436E+03,31.4,0.005,0.0,0.0,0.0,35436,26.41756080268095,438.7000619717165,10.191553559817946,39.18237971391417,0.0,2.672657265929779,0.853634996749025
20,12.11300E+03,24.0,0.0,0.0,0.0,0.0,11300,32.057487961659845,489.7347021671432,0.0,70.59901080784027,0.0,7.1346081859235255,1.642281991446116
21,12.20005E+03,24.0,0.004,0.001,0.0,0.0,20005,25.025608937481863,330.604511386437,23.11838115546918,47.699318883220414,0.0,9.60086736667836,0.116068777498853
22,12.19905E+03,20.1,0.003,0.001,0.0,0.0,19905,26.86646520042202,412.7586980209883,11.108599228651132,41.351714284422464,0.0,3.86171785631932,1.5580704522744848
23,12.24503E+03,22.1,0.0,0.0,0.0,0.0,24502,34.75216078793627,721.3639816345271,0.0,74.36914600550963,0.0,0.606795224977044,0.01505968778696
24,12.12981E+03,21.5,0.001,0.001,0.0,0.0,12981,24.182426273681894,396.8857235957237,11.458145564969008,64.65217210443849,0.0,1.911424173934746,1.562001691648526
25,12.28206E+03,19.7,0.018,0.001,0.0,0.001,28206,32.08664439145956,629.6594161510898,3.73863683500158,30.325491459877536,0.0,1.154424175901316,0.066368222384597
26,12.14931E+03,20.1,0.004,0.001,0.0,0.0,14931,19.678815390948746,307.2944147749876,8.013164398259214,50.06811250015069,0.0,5.168111294619716,0.074140155031284
27,12.37620E+00,16.3,0.005,0.001,0.0,0.0,38,4.463205406326426,28.258373205741627,0.239234449760766,0.0,0.0,0.0,0.0
28,12.76990E+02,21.1,0.002,0.003,0.001,0.002,7699,2.927109847097829,33.73128448517722,38.02370709810156,0.0,0.0,39.22192088282053,8.569858786121761
29,12.10083E+03,23.2,0.001,0.001,0.001,0.001,10083,2.568417997307553,54.73326549375608,37.75718787099769,0.0,0.0,34.11973685385034,6.057360147818868
30,12.31632E+02,24.3,0.003,0.003,0.001,0.002,3163,2.552870526126334,40.06285031439384,46.60710729222978,0.0,0.0,33.90901072637779,2.728540131447918
31,12.28342E+03,20.0,0.009,0.005,0.001,0.001,28342,4.410624211260036,52.966508316556265,40.11380884940015,0.0,0.0,22.40992778980928,0.330566440361495
32,12.37645E+03,21.4,0.002,0.0,0.0,0.0,37645,11.57116200308904,221.8039844314069,8.30739364728721,23.717957913158237,0.0,5.579064641219476,31.17711187296487
1,2021.14660E+03,9935.497,8.74,12.458,1.648,0.951,14660,27.435247076317104,562.4830869533188,0.0,74.97482994867765,0.0,1.028288682071556,0.0509540063354859
2,2021.81630E+00,10679.3,41.332,18.674,4.07,2.01,82,12.954862920778917,339.04961411245864,41.12458654906284,34.619625137816975,0.0,16.5380374862183,0.0
3,2021.50535E+02,10679.302,5.886,10.685,1.405,1.305,5054,41.958584091155615,641.3518076580588,0.0,68.74977738201247,0.0,0.309884238646482,0.003561887800534
4,2021.38595E+03,10525.0,10.848,17.385,2.283,0.99,38595,35.874289922904694,809.4428144354899,0.0,64.04792552794568,0.0,0.282628162077457,0.665528691888665
5,2021.26874E+03,11565.999,9.536,14.299,1.884,1.136,26874,31.515515664452156,814.6438522696067,0.0,70.19102606179545,0.0,0.517752965525554,0.00971205433392
6,2021.12990E+03,10203.2,8.128,10.645,1.435,1.042,12990,25.634712806431136,491.1601676713088,0.0,62.08688422365413,0.0,2.404905425067553,0.016628559551029
7,2021.12785E+03,9583.298,151.061,13.951,1.842,1.01,12785,32.66128311418672,710.7400128117587,0.0,29.085507929915455,7.052098805409095,0.52021371702908,0.002815771134123
8,2021.12233E+03,9688.097,6.898,11.264,1.486,1.061,12233,30.18670878130093,625.6174932132689,0.0,77.79175586895907,0.0,0.680512333826246,0.0
9,2021.19228E+03,9583.298,7.362,13.47,1.758,1.107,19228,34.36246307511638,820.1150807395272,0.0,77.95459864263984,0.0,0.482096887432716,0.000936110461034
10,2021.40616E+03,9779.699,10.31,16.673,2.183,1.032,40616,29.691034248570336,755.0618521292485,0.0,67.4080294979237,0.0,0.742766228068233,0.010636270568996
11,2021.16266E+03,10197.599,4.985,7.375,0.993,1.047,16266,40.77669054742595,504.2856249654181,0.0,78.59071543185968,0.0,1.397665025175676,2.174514469097549
12,2021.51207E+02,10807.199,6.348,7.29,0.993,1.142,5121,33.58702833654999,483.4569660966308,0.0,80.6404555600471,0.0,2.052832311018156,0.147635200449936
13,2021.22301E+03,9483.1,5.499,8.08,1.088,1.086,22301,30.845331735862043,532.8902390791981,0.0,74.23037807122333,0.0,1.298308203919544,0.489539276143739
14,2021.43711E+02,10211.202,19.803,6.818,1.74,3.622,4371,12.39272077109365,134.60869296656236,15.959067698896392,33.112337341459394,0.0,42.79978586723769,0.422088618020096
15,2021.87316E+02,9088.5,34.105,11.972,3.091,1.046,8732,15.22976270305725,284.5455482487786,29.212104970211712,36.40973839905997,0.0,6.252447999340329,5.949411449421756
16,2021.70627E+02,10211.2,18.033,16.118,3.977,2.98,7063,4.208287025399914,72.89904936666922,42.26240538267452,0.0,0.0,26.963070571144584,0.047149374315059
17,2021.35018E+03,9005.8,30.437,7.846,2.009,1.634,35018,19.152642394642903,261.0541831153878,15.664322723908215,36.570133234641006,0.0,9.855868081256682,0.462620281273131
18,2021.17507E+03,18977.1,23.51,6.268,1.381,1.627,17507,27.858034110475717,391.41686244068944,13.32617066011402,57.47942445007634,0.0,3.693574670868311,1.801292365584211
19,2021.35436E+03,12367.196,27.036,7.407,1.542,1.257,35436,26.41756080268095,438.7000619717165,10.191553559817946,39.18237971391417,0.0,2.672657265929779,0.853634996749025
20,2021.11300E+03,10211.2,1.474,2.43,0.406,1.726,11300,32.057487961659845,489.7347021671432,0.0,70.59901080784027,0.0,7.1346081859235255,1.642281991446116
21,2021.20005E+03,10211.201,17.715,7.624,1.803,1.802,20005,25.025608937481863,330.604511386437,23.11838115546918,47.699318883220414,0.0,9.60086736667836,0.116068777498853
22,2021.19905E+03,10484.401,29.632,8.076,1.754,1.245,19905,26.86646520042202,412.7586980209883,11.108599228651132,41.351714284422464,0.0,3.86171785631932,1.5580704522744848
23,2021.24503E+03,10084.379,3.704,5.548,0.742,1.297,24502,34.75216078793627,721.3639816345271,0.0,74.36914600550963,0.0,0.606795224977044,0.01505968778696
24,2021.12981E+03,9088.501,17.027,8.234,1.699,0.978,12981,24.182426273681894,396.8857235957237,11.458145564969008,64.65217210443849,0.0,1.911424173934746,1.562001691648526
25,2021.28206E+03,9659.313,33.88,9.496,1.802,1.259,28206,32.08664439145956,629.6594161510898,3.73863683500158,30.325491459877536,0.0,1.154424175901316,0.066368222384597
26,2021.14931E+03,9164.608,20.376,7.892,1.704,1.38,14931,19.678815390948746,307.2944147749876,8.013164398259214,50.06811250015069,0.0,5.168111294619716,0.074140155031284
27,2021.37620E+00,8884.38,39.588,26.201,5.582,0.215,38,4.463205406326426,28.258373205741627,0.239234449760766,0.0,0.0,0.0,0.0
28,2021.76990E+02,8650.579,10.397,13.303,2.871,3.099,7699,2.927109847097829,33.73128448517722,38.02370709810156,0.0,0.0,39.22192088282053,8.569858786121761
29,2021.10083E+03,8498.891,8.182,11.78,2.758,2.719,10083,2.568417997307553,54.73326549375608,37.75718787099769,0.0,0.0,34.11973685385034,6.057360147818868
30,2021.31632E+02,8832.28,12.164,14.671,3.229,2.878,3163,2.552870526126334,40.06285031439384,46.60710729222978,0.0,0.0,33.90901072637779,2.728540131447918
31,2021.28342E+03,8429.181,16.868,20.872,4.247,2.475,28342,4.410624211260036,52.966508316556265,40.11380884940015,0.0,0.0,22.40992778980928,0.330566440361495
32,2021.37645E+03,8933.58,16.898,3.808,0.978,0.946,37645,11.57116200308904,221.8039844314069,8.30739364728721,23.717957913158237,0.0,5.579064641219476,31.17711187296487
1,1.14660E+03,47.9,0.0,0.0,0.0,0.0,14660,27.435247076317104,562.4830869533188,0.0,74.97482994867765,0.0,1.028288682071556,0.0509540063354859
2,1.81630E+00,50.7,0.0,0.0,0.0,0.0,82,12.954862920778917,339.04961411245864,41.12458654906284,34.619625137816975,0.0,16.5380374862183,0.0
3,1.50535E+02,50.7,0.0,0.0,0.0,0.0,5054,41.958584091155615,641.3518076580588,0.0,68.74977738201247,0.0,0.309884238646482,0.003561887800534
4,1.38595E+03,54.8,0.0,0.0,0.0,0.0,38595,35.874289922904694,809.4428144354899,0.0,64.04792552794568,0.0,0.282628162077457,0.665528691888665
5,1.26874E+03,65.2,0.0,0.0,0.0,0.0,26874,31.515515664452156,814.6438522696067,0.0,70.19102606179545,0.0,0.517752965525554,0.00971205433392
6,1.12990E+03,48.4,0.0,0.0,0.0,0.0,12990,25.634712806431136,491.1601676713088,0.0,62.08688422365413,0.0,2.404905425067553,0.016628559551029
7,1.12785E+03,49.5,0.0,0.0,0.0,0.0,12785,32.66128311418672,710.7400128117587,0.0,29.085507929915455,7.052098805409095,0.52021371702908,0.002815771134123
8,1.12233E+03,51.5,0.0,0.0,0.0,0.0,12233,30.18670878130093,625.6174932132689,0.0,77.79175586895907,0.0,0.680512333826246,0.0
9,1.19228E+03,49.5,0.0,0.0,0.0,0.0,19228,34.36246307511638,820.1150807395272,0.0,77.95459864263984,0.0,0.482096887432716,0.000936110461034
10,1.40616E+03,45.8,0.0,0.0,0.0,0.0,40616,29.691034248570336,755.0618521292485,0.0,67.4080294979237,0.0,0.742766228068233,0.010636270568996
11,1.16266E+03,53.4,0.0,0.0,0.0,0.0,16266,40.77669054742595,504.2856249654181,0.0,78.59071543185968,0.0,1.397665025175676,2.174514469097549
12,1.51207E+02,50.5,0.0,0.0,0.0,0.0,5121,33.58702833654999,483.4569660966308,0.0,80.6404555600471,0.0,2.052832311018156,0.147635200449936
13,1.22301E+03,54.7,0.0,0.0,0.0,0.0,22301,30.845331735862043,532.8902390791981,0.0,74.23037807122333,0.0,1.298308203919544,0.489539276143739
14,1.43711E+02,50.2,0.006,0.005,0.002,0.001,4371,12.39272077109365,134.60869296656236,15.959067698896392,33.112337341459394,0.0,42.79978586723769,0.422088618020096
15,1.87316E+02,54.8,0.0,0.0,0.0,0.0,8732,15.22976270305725,284.5455482487786,29.212104970211712,36.40973839905997,0.0,6.252447999340329,5.949411449421756
16,1.70627E+02,50.2,0.002,0.003,0.001,0.001,7063,4.208287025399914,72.89904936666922,42.26240538267452,0.0,0.0,26.963070571144584,0.047149374315059
17,1.35018E+03,51.2,0.001,0.001,0.0,0.0,35018,19.152642394642903,261.0541831153878,15.664322723908215,36.570133234641006,0.0,9.855868081256682,0.462620281273131
18,1.17507E+03,62.4,0.003,0.002,0.001,0.0,17507,27.858034110475717,391.41686244068944,13.32617066011402,57.47942445007634,0.0,3.693574670868311,1.801292365584211
19,1.35436E+03,71.0,0.005,0.002,0.001,0.0,35436,26.41756080268095,438.7000619717165,10.191553559817946,39.18237971391417,0.0,2.672657265929779,0.853634996749025
20,1.11300E+03,50.2,0.0,0.001,0.0,0.0,11300,32.057487961659845,489.7347021671432,0.0,70.59901080784027,0.0,7.1346081859235255,1.642281991446116
21,1.20005E+03,50.2,0.003,0.002,0.001,0.0,20005,25.025608937481863,330.604511386437,23.11838115546918,47.699318883220414,0.0,9.60086736667836,0.116068777498853
22,1.19905E+03,46.6,0.0,0.0,0.0,0.0,19905,26.86646520042202,412.7586980209883,11.108599228651132,41.351714284422464,0.0,3.86171785631932,1.5580704522744848
23,1.24503E+03,50.6,0.0,0.0,0.0,0.0,24502,34.75216078793627,721.3639816345271,0.0,74.36914600550963,0.0,0.606795224977044,0.01505968778696
24,1.12981E+03,54.8,0.0,0.0,0.0,0.0,12981,24.182426273681894,396.8857235957237,11.458145564969008,64.65217210443849,0.0,1.911424173934746,1.562001691648526
25,1.28206E+03,45.9,0.0,0.0,0.0,0.0,28206,32.08664439145956,629.6594161510898,3.73863683500158,30.325491459877536,0.0,1.154424175901316,0.066368222384597
26,1.14931E+03,48.6,0.0,0.0,0.0,0.0,14931,19.678815390948746,307.2944147749876,8.013164398259214,50.06811250015069,0.0,5.168111294619716,0.074140155031284
27,1.37620E+00,42.2,0.046,0.034,0.01,0.001,38,4.463205406326426,28.258373205741627,0.239234449760766,0.0,0.0,0.0,0.0
28,1.76990E+02,46.0,0.004,0.006,0.002,0.002,7699,2.927109847097829,33.73128448517722,38.02370709810156,0.0,0.0,39.22192088282053,8.569858786121761
29,1.10083E+03,48.9,0.001,0.001,0.0,0.001,10083,2.568417997307553,54.73326549375608,37.75718787099769,0.0,0.0,34.11973685385034,6.057360147818868
30,1.31632E+02,48.8,0.003,0.004,0.001,0.002,3163,2.552870526126334,40.06285031439384,46.60710729222978,0.0,0.0,33.90901072637779,2.728540131447918
31,1.28342E+03,46.0,0.005,0.006,0.002,0.001,28342,4.410624211260036,52.966508316556265,40.11380884940015,0.0,0.0,22.40992778980928,0.330566440361495
32,1.37645E+03,52.1,0.0,0.0,0.0,0.0,37645,11.57116200308904,221.8039844314069,8.30739364728721,23.717957913158237,0.0,5.579064641219476,31.17711187296487
1,2.14660E+03,105.0,0.012,0.02,0.003,0.008,14660,27.435247076317104,562.4830869533188,0.0,74.97482994867765,0.0,1.028288682071556,0.0509540063354859
2,2.81630E+00,106.7,0.169,0.275,0.066,0.014,82,12.954862920778917,339.04961411245864,41.12458654906284,34.619625137816975,0.0,16.5380374862183,0.0
3,2.50535E+02,106.7,0.011,0.021,0.003,0.012,5054,41.958584091155615,641.3518076580588,0.0,68.74977738201247,0.0,0.309884238646482,0.003561887800534
4,2.38595E+03,108.5,0.012,0.019,0.003,0.006,38595,35.874289922904694,809.4428144354899,0.0,64.04792552794568,0.0,0.282628162077457,0.665528691888665
5,2.26874E+03,110.6,0.009,0.016,0.002,0.006,26874,31.515515664452156,814.6438522696067,0.0,70.19102606179545,0.0,0.517752965525554,0.00971205433392
6,2.12990E+03,104.7,0.015,0.023,0.004,0.009,12990,25.634712806431136,491.1601676713088,0.0,62.08688422365413,0.0,2.404905425067553,0.016628559551029
7,2.12785E+03,105.0,0.632,0.174,0.024,0.008,12785,32.66128311418672,710.7400128117587,0.0,29.085507929915455,7.052098805409095,0.52021371702908,0.002815771134123
8,2.12233E+03,103.8,0.007,0.014,0.002,0.009,12233,30.18670878130093,625.6174932132689,0.0,77.79175586895907,0.0,0.680512333826246,0.0
9,2.19228E+03,105.0,0.009,0.017,0.002,0.007,19228,34.36246307511638,820.1150807395272,0.0,77.95459864263984,0.0,0.482096887432716,0.000936110461034
10,2.40616E+03,104.4,0.016,0.025,0.003,0.007,40616,29.691034248570336,755.0618521292485,0.0,67.4080294979237,0.0,0.742766228068233,0.010636270568996
11,2.16266E+03,103.9,0.003,0.006,0.001,0.004,16266,40.77669054742595,504.2856249654181,0.0,78.59071543185968,0.0,1.397665025175676,2.174514469097549
12,2.51207E+02,105.5,0.006,0.01,0.002,0.005,5121,33.58702833654999,483.4569660966308,0.0,80.6404555600471,0.0,2.052832311018156,0.147635200449936
13,2.22301E+03,100.8,0.003,0.008,0.001,0.005,22301,30.845331735862043,532.8902390791981,0.0,74.23037807122333,0.0,1.298308203919544,0.489539276143739
14,2.43711E+02,107.3,0.207,0.174,0.059,0.035,4371,12.39272077109365,134.60869296656236,15.959067698896392,33.112337341459394,0.0,42.79978586723769,0.422088618020096
15,2.87316E+02,97.9,0.187,0.185,0.061,0.008,8732,15.22976270305725,284.5455482487786,29.212104970211712,36.40973839905997,0.0,6.252447999340329,5.949411449421756
16,2.70627E+02,107.3,0.166,0.182,0.061,0.03,7063,4.208287025399914,72.89904936666922,42.26240538267452,0.0,0.0,26.963070571144584,0.047149374315059
17,2.35018E+03,90.9,0.195,0.137,0.049,0.014,35018,19.152642394642903,261.0541831153878,15.664322723908215,36.570133234641006,0.0,9.855868081256682,0.462620281273131
18,2.17507E+03,111.7,0.162,0.126,0.042,0.013,17507,27.858034110475717,391.41686244068944,13.32617066011402,57.47942445007634,0.0,3.693574670868311,1.801292365584211
19,2.35436E+03,111.8,0.132,0.084,0.032,0.004,35436,26.41756080268095,438.7000619717165,10.191553559817946,39.18237971391417,0.0,2.672657265929779,0.853634996749025
20,2.11300E+03,107.3,0.004,0.013,0.003,0.015,11300,32.057487961659845,489.7347021671432,0.0,70.59901080784027,0.0,7.1346081859235255,1.642281991446116
21,2.20005E+03,107.3,0.16,0.127,0.044,0.016,20005,25.025608937481863,330.604511386437,23.11838115546918,47.699318883220414,0.0,9.60086736667836,0.116068777498853
22,2.19905E+03,90.2,0.153,0.099,0.036,0.008,19905,26.86646520042202,412.7586980209883,11.108599228651132,41.351714284422464,0.0,3.86171785631932,1.5580704522744848
23,2.24503E+03,105.5,0.006,0.013,0.002,0.011,24502,34.75216078793627,721.3639816345271,0.0,74.36914600550963,0.0,0.606795224977044,0.01505968778696
24,2.12981E+03,97.9,0.081,0.079,0.025,0.006,12981,24.182426273681894,396.8857235957237,11.458145564969008,64.65217210443849,0.0,1.911424173934746,1.562001691648526
25,2.28206E+03,90.2,0.204,0.14,0.041,0.013,28206,32.08664439145956,629.6594161510898,3.73863683500158,30.325491459877536,0.0,1.154424175901316,0.066368222384597
26,2.14931E+03,94.2,0.228,0.129,0.044,0.015,14931,19.678815390948746,307.2944147749876,8.013164398259214,50.06811250015069,0.0,5.168111294619716,0.074140155031284
27,2.37620E+00,64.7,0.231,0.236,0.072,0.006,38,4.463205406326426,28.258373205741627,0.239234449760766,0.0,0.0,0.0,0.0
28,2.76990E+02,87.1,0.079,0.144,0.042,0.029,7699,2.927109847097829,33.73128448517722,38.02370709810156,0.0,0.0,39.22192088282053,8.569858786121761
29,2.10083E+03,97.8,0.049,0.086,0.028,0.027,10083,2.568417997307553,54.73326549375608,37.75718787099769,0.0,0.0,34.11973685385034,6.057360147818868
30,2.31632E+02,104.3,0.076,0.131,0.039,0.038,3163,2.552870526126334,40.06285031439384,46.60710729222978,0.0,0.0,33.90901072637779,2.728540131447918
31,2.28342E+03,81.7,0.126,0.196,0.054,0.025,28342,4.410624211260036,52.966508316556265,40.11380884940015,0.0,0.0,22.40992778980928,0.330566440361495
32,2.37645E+03,96.5,0.108,0.069,0.027,0.007,37645,11.57116200308904,221.8039844314069,8.30739364728721,23.717957913158237,0.0,5.579064641219476,31.17711187296487
1,3.14660E+03,420.9,0.079,0.13,0.018,0.033,14660,27.435247076317104,562.4830869533188,0.0,74.97482994867765,0.0,1.028288682071556,0.0509540063354859
2,3.81630E+00,400.1,0.622,0.824,0.189,0.091,82,12.954862920778917,339.04961411245864,41.12458654906284,34.619625137816975,0.0,16.5380374862183,0.0
3,3.50535E+02,400.1,0.073,0.141,0.018,0.042,5054,41.958584091155615,641.3518076580588,0.0,68.74977738201247,0.0,0.309884238646482,0.003561887800534
4,3.38595E+03,417.2,0.108,0.187,0.025,0.037,38595,35.874289922904694,809.4428144354899,0.0,64.04792552794568,0.0,0.282628162077457,0.665528691888665
5,3.26874E+03,384.3,0.079,0.122,0.016,0.034,26874,31.515515664452156,814.6438522696067,0.0,70.19102606179545,0.0,0.517752965525554,0.00971205433392
6,3.12990E+03,399.7,0.059,0.088,0.013,0.032,12990,25.634712806431136,491.1601676713088,0.0,62.08688422365413,0.0,2.404905425067553,0.016628559551029
7,3.12785E+03,429.8,2.738,0.76,0.105,0.043,12785,32.66128311418672,710.7400128117587,0.0,29.085507929915455,7.052098805409095,0.52021371702908,0.002815771134123
8,3.12233E+03,387.5,0.061,0.118,0.016,0.035,12233,30.18670878130093,625.6174932132689,0.0,77.79175586895907,0.0,0.680512333826246,0.0
9,3.19228E+03,429.8,0.068,0.15,0.02,0.042,19228,34.36246307511638,820.1150807395272,0.0,77.95459864263984,0.0,0.482096887432716,0.000936110461034
10,3.40616E+03,417.8,0.088,0.155,0.021,0.037,40616,29.691034248570336,755.0618521292485,0.0,67.4080294979237,0.0,0.742766228068233,0.010636270568996
11,3.16266E+03,372.9,0.037,0.059,0.008,0.026,16266,40.77669054742595,504.2856249654181,0.0,78.59071543185968,0.0,1.397665025175676,2.174514469097549
12,3.51207E+02,382.6,0.043,0.062,0.009,0.026,5121,33.58702833654999,483.4569660966308,0.0,80.6404555600471,0.0,2.052832311018156,0.147635200449936
13,3.22301E+03,373.1,0.037,0.073,0.01,0.031,22301,30.845331735862043,532.8902390791981,0.0,74.23037807122333,0.0,1.298308203919544,0.489539276143739
14,3.43711E+02,333.9,0.297,0.261,0.084,0.115,4371,12.39272077109365,134.60869296656236,15.959067698896392,33.112337341459394,0.0,42.79978586723769,0.422088618020096
15,3.87316E+02,376.1,0.759,0.519,0.157,0.047,8732,15.22976270305725,284.5455482487786,29.212104970211712,36.40973839905997,0.0,6.252447999340329,5.949411449421756
16,3.70627E+02,333.9,0.251,0.279,0.09,0.109,7063,4.208287025399914,72.89904936666922,42.26240538267452,0.0,0.0,26.963070571144584,0.047149374315059
17,3.35018E+03,355.5,0.531,0.308,0.102,0.063,35018,19.152642394642903,261.0541831153878,15.664322723908215,36.570133234641006,0.0,9.855868081256682,0.462620281273131
18,3.17507E+03,356.3,0.28,0.192,0.057,0.039,17507,27.858034110475717,391.41686244068944,13.32617066011402,57.47942445007634,0.0,3.693574670868311,1.801292365584211
19,3.35436E+03,376.8,0.309,0.208,0.067,0.03,35436,26.41756080268095,438.7000619717165,10.191553559817946,39.18237971391417,0.0,2.672657265929779,0.853634996749025
20,3.11300E+03,333.9,0.016,0.041,0.008,0.041,11300,32.057487961659845,489.7347021671432,0.0,70.59901080784027,0.0,7.1346081859235255,1.642281991446116
21,3.20005E+03,333.9,0.259,0.203,0.066,0.056,20005,25.025608937481863,330.604511386437,23.11838115546918,47.699318883220414,0.0,9.60086736667836,0.116068777498853
22,3.19905E+03,384.9,0.628,0.271,0.088,0.045,19905,26.86646520042202,412.7586980209883,11.108599228651132,41.351714284422464,0.0,3.86171785631932,1.5580704522744848
23,3.24503E+03,353.1,0.036,0.071,0.01,0.033,24502,34.75216078793627,721.3639816345271,0.0,74.36914600550963,0.0,0.606795224977044,0.01505968778696
24,3.12981E+03,376.1,0.327,0.241,0.067,0.033,12981,24.182426273681894,396.8857235957237,11.458145564969008,64.65217210443849,0.0,1.911424173934746,1.562001691648526
25,3.28206E+03,407.3,0.571,0.385,0.104,0.051,28206,32.08664439145956,629.6594161510898,3.73863683500158,30.325491459877536,0.0,1.154424175901316,0.066368222384597
26,3.14931E+03,397.1,0.351,0.251,0.073,0.057,14931,19.678815390948746,307.2944147749876,8.013164398259214,50.06811250015069,0.0,5.168111294619716,0.074140155031284
27,3.37620E+00,290.5,0.579,0.596,0.17,0.042,38,4.463205406326426,28.258373205741627,0.239234449760766,0.0,0.0,0.0,0.0
28,3.76990E+02,336.7,0.213,0.355,0.1,0.138,7699,2.927109847097829,33.73128448517722,38.02370709810156,0.0,0.0,39.22192088282053,8.569858786121761
29,3.10083E+03,332.2,0.119,0.19,0.059,0.112,10083,2.568417997307553,54.73326549375608,37.75718787099769,0.0,0.0,34.11973685385034,6.057360147818868
30,3.31632E+02,321.0,0.164,0.266,0.077,0.174,3163,2.552870526126334,40.06285031439384,46.60710729222978,0.0,0.0,33.90901072637779,2.728540131447918
31,3.28342E+03,341.1,0.364,0.517,0.136,0.131,28342,4.410624211260036,52.966508316556265,40.11380884940015,0.0,0.0,22.40992778980928,0.330566440361495
32,3.37645E+03,362.3,0.284,0.165,0.06,0.036,37645,11.57116200308904,221.8039844314069,8.30739364728721,23.717957913158237,0.0,5.579064641219476,31.17711187296487
1,4.14660E+03,129.9,0.029,0.034,0.004,0.004,14660,27.435247076317104,562.4830869533188,0.0,74.97482994867765,0.0,1.028288682071556,0.0509540063354859
2,4.81630E+00,133.0,0.181,0.152,0.03,0.024,82,12.954862920778917,339.04961411245864,41.12458654906284,34.619625137816975,0.0,16.5380374862183,0.0
3,4.50535E+02,133.0,0.038,0.046,0.006,0.007,5054,41.958584091155615,641.3518076580588,0.0,68.74977738201247,0.0,0.309884238646482,0.003561887800534
4,4.38595E+03,111.5,0.037,0.045,0.006,0.006,38595,35.874289922904694,809.4428144354899,0.0,64.04792552794568,0.0,0.282628162077457,0.665528691888665
5,4.26874E+03,102.4,0.028,0.031,0.004,0.005,26874,31.515515664452156,814.6438522696067,0.0,70.19102606179545,0.0,0.517752965525554,0.00971205433392
6,4.12990E+03,121.7,0.023,0.026,0.004,0.005,12990,25.634712806431136,491.1601676713088,0.0,62.08688422365413,0.0,2.404905425067553,0.016628559551029
7,4.12785E+03,128.7,0.659,0.091,0.012,0.006,12785,32.66128311418672,710.7400128117587,0.0,29.085507929915455,7.052098805409095,0.52021371702908,0.002815771134123
8,4.12233E+03,115.9,0.031,0.039,0.005,0.005,12233,30.18670878130093,625.6174932132689,0.0,77.79175586895907,0.0,0.680512333826246,0.0
9,4.19228E+03,128.7,0.024,0.036,0.005,0.005,19228,34.36246307511638,820.1150807395272,0.0,77.95459864263984,0.0,0.482096887432716,0.000936110461034
10,4.40616E+03,110.8,0.021,0.03,0.004,0.004,40616,29.691034248570336,755.0618521292485,0.0,67.4080294979237,0.0,0.742766228068233,0.010636270568996
11,4.16266E+03,120.1,0.006,0.011,0.002,0.003,16266,40.77669054742595,504.2856249654181,0.0,78.59071543185968,0.0,1.397665025175676,2.174514469097549
12,4.51207E+02,129.2,0.006,0.009,0.001,0.003,5121,33.58702833654999,483.4569660966308,0.0,80.6404555600471,0.0,2.052832311018156,0.147635200449936
13,4.22301E+03,101.7,0.003,0.007,0.001,0.003,22301,30.845331735862043,532.8902390791981,0.0,74.23037807122333,0.0,1.298308203919544,0.489539276143739
14,4.43711E+02,105.5,0.102,0.052,0.016,0.04,4371,12.39272077109365,134.60869296656236,15.959067698896392,33.112337341459394,0.0,42.79978586723769,0.422088618020096
15,4.87316E+02,90.6,0.063,0.031,0.008,0.007,8732,15.22976270305725,284.5455482487786,29.212104970211712,36.40973839905997,0.0,6.252447999340329,5.949411449421756
16,4.70627E+02,105.5,0.074,0.055,0.017,0.041,7063,4.208287025399914,72.89904936666922,42.26240538267452,0.0,0.0,26.963070571144584,0.047149374315059
17,4.35018E+03,117.0,0.333,0.103,0.032,0.024,35018,19.152642394642903,261.0541831153878,15.664322723908215,36.570133234641006,0.0,9.855868081256682,0.462620281273131
18,4.17507E+03,92.6,0.102,0.039,0.01,0.007,17507,27.858034110475717,391.41686244068944,13.32617066011402,57.47942445007634,0.0,3.693574670868311,1.801292365584211
19,4.35436E+03,88.7,0.109,0.03,0.009,0.004,35436,26.41756080268095,438.7000619717165,10.191553559817946,39.18237971391417,0.0,2.672657265929779,0.853634996749025
20,4.11300E+03,105.5,0.01,0.015,0.003,0.011,11300,32.057487961659845,489.7347021671432,0.0,70.59901080784027,0.0,7.1346081859235255,1.642281991446116
21,4.20005E+03,105.5,0.092,0.042,0.012,0.017,20005,25.025608937481863,330.604511386437,23.11838115546918,47.699318883220414,0.0,9.60086736667836,0.116068777498853
22,4.19905E+03,125.7,0.209,0.073,0.02,0.014,19905,26.86646520042202,412.7586980209883,11.108599228651132,41.351714284422464,0.0,3.86171785631932,1.5580704522744848
23,4.24503E+03,127.1,0.028,0.036,0.005,0.007,24502,34.75216078793627,721.3639816345271,0.0,74.36914600550963,0.0,0.606795224977044,0.01505968778696
24,4.12981E+03,90.6,0.028,0.016,0.004,0.004,12981,24.182426273681894,396.8857235957237,11.458145564969008,64.65217210443849,0.0,1.911424173934746,1.562001691648526
25,4.28206E+03,141.0,0.351,0.125,0.029,0.015,28206,32.08664439145956,629.6594161510898,3.73863683500158,30.325491459877536,0.0,1.154424175901316,0.066368222384597
26,4.14931E+03,114.5,0.129,0.059,0.014,0.013,14931,19.678815390948746,307.2944147749876,8.013164398259214,50.06811250015069,0.0,5.168111294619716,0.074140155031284
27,4.37620E+00,62.0,0.118,0.072,0.019,0.01,38,4.463205406326426,28.258373205741627,0.239234449760766,0.0,0.0,0.0,0.0
28,4.76990E+02,80.3,0.056,0.088,0.024,0.05,7699,2.927109847097829,33.73128448517722,38.02370709810156,0.0,0.0,39.22192088282053,8.569858786121761
29,4.10083E+03,100.2,0.041,0.057,0.017,0.046,10083,2.568417997307553,54.73326549375608,37.75718787099769,0.0,0.0,34.11973685385034,6.057360147818868
30,4.31632E+02,87.1,0.062,0.064,0.018,0.06,3163,2.552870526126334,40.06285031439384,46.60710729222978,0.0,0.0,33.90901072637779,2.728540131447918
31,4.28342E+03,90.2,0.116,0.126,0.031,0.045,28342,4.410624211260036,52.966508316556265,40.11380884940015,0.0,0.0,22.40992778980928,0.330566440361495
32,4.37645E+03,115.7,0.097,0.032,0.011,0.011,37645,11.57116200308904,221.8039844314069,8.30739364728721,23.717957913158237,0.0,5.579064641219476,31.17711187296487
1,5.14660E+03,208.6,0.068,0.081,0.011,0.007,14660,27.435247076317104,562.4830869533188,0.0,74.97482994867765,0.0,1.028288682071556,0.0509540063354859
2,5.81630E+00,206.0,0.382,0.275,0.054,0.035,82,12.954862920778917,339.04961411245864,41.12458654906284,34.619625137816975,0.0,16.5380374862183,0.0
3,5.50535E+02,206.0,0.087,0.102,0.013,0.01,5054,41.958584091155615,641.3518076580588,0.0,68.74977738201247,0.0,0.309884238646482,0.003561887800534
4,5.38595E+03,234.9,0.115,0.136,0.018,0.009,38595,35.874289922904694,809.4428144354899,0.0,64.04792552794568,0.0,0.282628162077457,0.665528691888665
5,5.26874E+03,185.0,0.059,0.063,0.008,0.006,26874,31.515515664452156,814.6438522696067,0.0,70.19102606179545,0.0,0.517752965525554,0.00971205433392
6,5.12990E+03,183.3,0.049,0.051,0.007,0.007,12990,25.634712806431136,491.1601676713088,0.0,62.08688422365413,0.0,2.404905425067553,0.016628559551029
7,5.12785E+03,217.1,1.572,0.221,0.029,0.01,12785,32.66128311418672,710.7400128117587,0.0,29.085507929915455,7.052098805409095,0.52021371702908,0.002815771134123
8,5.12233E+03,156.6,0.033,0.043,0.006,0.005,12233,30.18670878130093,625.6174932132689,0.0,77.79175586895907,0.0,0.680512333826246,0.0
9,5.19228E+03,217.1,0.051,0.074,0.01,0.008,19228,34.36246307511638,820.1150807395272,0.0,77.95459864263984,0.0,0.482096887432716,0.000936110461034
10,5.40616E+03,192.7,0.069,0.09,0.012,0.006,40616,29.691034248570336,755.0618521292485,0.0,67.4080294979237,0.0,0.742766228068233,0.010636270568996
11,5.16266E+03,155.2,0.005,0.011,0.002,0.002,16266,40.77669054742595,504.2856249654181,0.0,78.59071543185968,0.0,1.397665025175676,2.174514469097549
12,5.51207E+02,179.7,0.005,0.012,0.002,0.003,5121,33.58702833654999,483.4569660966308,0.0,80.6404555600471,0.0,2.052832311018156,0.147635200449936
13,5.22301E+03,140.9,0.005,0.011,0.002,0.002,22301,30.845331735862043,532.8902390791981,0.0,74.23037807122333,0.0,1.298308203919544,0.489539276143739
14,5.43711E+02,103.6,0.07,0.037,0.011,0.023,4371,12.39272077109365,134.60869296656236,15.959067698896392,33.112337341459394,0.0,42.79978586723769,0.422088618020096
15,5.87316E+02,130.3,0.068,0.033,0.008,0.008,8732,15.22976270305725,284.5455482487786,29.212104970211712,36.40973839905997,0.0,6.252447999340329,5.949411449421756
16,5.70627E+02,103.6,0.046,0.035,0.011,0.022,7063,4.208287025399914,72.89904936666922,42.26240538267452,0.0,0.0,26.963070571144584,0.047149374315059
17,5.35018E+03,90.8,0.065,0.025,0.007,0.008,35018,19.152642394642903,261.0541831153878,15.664322723908215,36.570133234641006,0.0,9.855868081256682,0.462620281273131
18,5.17507E+03,127.7,0.102,0.037,0.009,0.007,17507,27.858034110475717,391.41686244068944,13.32617066011402,57.47942445007634,0.0,3.693574670868311,1.801292365584211
19,5.35436E+03,145.6,0.087,0.026,0.008,0.005,35436,26.41756080268095,438.7000619717165,10.191553559817946,39.18237971391417,0.0,2.672657265929779,0.853634996749025
20,5.11300E+03,103.6,0.006,0.01,0.002,0.006,11300,32.057487961659845,489.7347021671432,0.0,70.59901080784027,0.0,7.1346081859235255,1.642281991446116
21,5.20005E+03,103.6,0.055,0.026,0.008,0.01,20005,25.025608937481863,330.604511386437,23.11838115546918,47.699318883220414,0.0,9.60086736667836,0.116068777498853
22,5.19905E+03,119.9,0.067,0.024,0.006,0.005,19905,26.86646520042202,412.7586980209883,11.108599228651132,41.351714284422464,0.0,3.86171785631932,1.5580704522744848
23,5.24503E+03,143.3,0.019,0.025,0.003,0.004,24502,34.75216078793627,721.3639816345271,0.0,74.36914600550963,0.0,0.606795224977044,0.01505968778696
24,5.12981E+03,130.3,0.03,0.016,0.004,0.003,12981,24.182426273681894,396.8857235957237,11.458145564969008,64.65217210443849,0.0,1.911424173934746,1.562001691648526
25,5.28206E+03,141.1,0.136,0.065,0.012,0.008,28206,32.08664439145956,629.6594161510898,3.73863683500158,30.325491459877536,0.0,1.154424175901316,0.066368222384597
26,5.14931E+03,133.4,0.067,0.035,0.008,0.008,14931,19.678815390948746,307.2944147749876,8.013164398259214,50.06811250015069,0.0,5.168111294619716,0.074140155031284
27,5.37620E+00,107.3,0.11,0.079,0.02,0.012,38,4.463205406326426,28.258373205741627,0.239234449760766,0.0,0.0,0.0,0.0
28,5.76990E+02,77.5,0.027,0.04,0.011,0.03,7699,2.927109847097829,33.73128448517722,38.02370709810156,0.0,0.0,39.22192088282053,8.569858786121761
29,5.10083E+03,74.6,0.011,0.018,0.006,0.017,10083,2.568417997307553,54.73326549375608,37.75718787099769,0.0,0.0,34.11973685385034,6.057360147818868
30,5.31632E+02,74.2,0.031,0.033,0.009,0.032,3163,2.552870526126334,40.06285031439384,46.60710729222978,0.0,0.0,33.90901072637779,2.728540131447918
31,5.28342E+03,78.4,0.041,0.041,0.011,0.021,28342,4.410624211260036,52.966508316556265,40.11380884940015,0.0,0.0,22.40992778980928,0.330566440361495
32,5.37645E+03,126.2,0.044,0.015,0.005,0.006,37645,11.57116200308904,221.8039844314069,8.30739364728721,23.717957913158237,0.0,5.579064641219476,31.17711187296487
1,6.14660E+03,1615.5,2.032,2.985,0.393,0.156,14660,27.435247076317104,562.4830869533188,0.0,74.97482994867765,0.0,1.028288682071556,0.0509540063354859
2,6.81630E+00,1652.8,7.102,4.648,0.947,0.455,82,12.954862920778917,339.04961411245864,41.12458654906284,34.619625137816975,0.0,16.5380374862183,0.0
3,6.50535E+02,1652.8,2.033,3.553,0.466,0.19,5054,41.958584091155615,641.3518076580588,0.0,68.74977738201247,0.0,0.309884238646482,0.003561887800534
4,6.38595E+03,1660.6,3.204,4.684,0.613,0.144,38595,35.874289922904694,809.4428144354899,0.0,64.04792552794568,0.0,0.282628162077457,0.665528691888665
5,6.26874E+03,1500.4,1.858,2.532,0.332,0.14,26874,31.515515664452156,814.6438522696067,0.0,70.19102606179545,0.0,0.517752965525554,0.00971205433392
6,6.12990E+03,1486.7,2.051,2.599,0.346,0.16,12990,25.634712806431136,491.1601676713088,0.0,62.08688422365413,0.0,2.404905425067553,0.016628559551029
7,6.12785E+03,1634.4,23.738,3.904,0.511,0.163,12785,32.66128311418672,710.7400128117587,0.0,29.085507929915455,7.052098805409095,0.52021371702908,0.002815771134123
8,6.12233E+03,1351.5,1.462,2.338,0.307,0.14,12233,30.18670878130093,625.6174932132689,0.0,77.79175586895907,0.0,0.680512333826246,0.0
9,6.19228E+03,1634.4,2.293,4.285,0.556,0.175,19228,34.36246307511638,820.1150807395272,0.0,77.95459864263984,0.0,0.482096887432716,0.000936110461034
10,6.40616E+03,1508.9,2.958,4.711,0.613,0.151,40616,29.691034248570336,755.0618521292485,0.0,67.4080294979237,0.0,0.742766228068233,0.010636270568996
11,6.16266E+03,1415.5,1.118,1.446,0.193,0.144,16266,40.77669054742595,504.2856249654181,0.0,78.59071543185968,0.0,1.397665025175676,2.174514469097549
12,6.51207E+02,1547.3,1.544,1.656,0.223,0.167,5121,33.58702833654999,483.4569660966308,0.0,80.6404555600471,0.0,2.052832311018156,0.147635200449936
13,6.22301E+03,1312.2,1.066,1.467,0.196,0.145,22301,30.845331735862043,532.8902390791981,0.0,74.23037807122333,0.0,1.298308203919544,0.489539276143739
14,6.43711E+02,1273.9,2.519,1.485,0.373,0.598,4371,12.39272077109365,134.60869296656236,15.959067698896392,33.112337341459394,0.0,42.79978586723769,0.422088618020096
15,6.87316E+02,1283.6,6.474,2.735,0.652,0.185,8732,15.22976270305725,284.5455482487786,29.212104970211712,36.40973839905997,0.0,6.252447999340329,5.949411449421756
16,6.70627E+02,1273.9,2.493,2.024,0.55,0.522,7063,4.208287025399914,72.89904936666922,42.26240538267452,0.0,0.0,26.963070571144584,0.047149374315059
17,6.35018E+03,1221.1,5.126,1.807,0.441,0.248,35018,19.152642394642903,261.0541831153878,15.664322723908215,36.570133234641006,0.0,9.855868081256682,0.462620281273131
18,6.17507E+03,1305.4,3.372,1.568,0.318,0.174,17507,27.858034110475717,391.41686244068944,13.32617066011402,57.47942445007634,0.0,3.693574670868311,1.801292365584211
19,6.35436E+03,1332.9,3.72,1.575,0.327,0.143,35436,26.41756080268095,438.7000619717165,10.191553559817946,39.18237971391417,0.0,2.672657265929779,0.853634996749025
20,6.11300E+03,1273.9,0.512,0.786,0.115,0.233,11300,32.057487961659845,489.7347021671432,0.0,70.59901080784027,0.0,7.1346081859235255,1.642281991446116
21,6.20005E+03,1273.9,2.469,1.514,0.362,0.275,20005,25.025608937481863,330.604511386437,23.11838115546918,47.699318883220414,0.0,9.60086736667836,0.116068777498853
22,6.19905E+03,1755.0,6.401,2.215,0.475,0.236,19905,26.86646520042202,412.7586980209883,11.108599228651132,41.351714284422464,0.0,3.86171785631932,1.5580704522744848
23,6.24503E+03,1465.801,1.157,1.797,0.238,0.179,24502,34.75216078793627,721.3639816345271,0.0,74.36914600550963,0.0,0.606795224977044,0.01505968778696
24,6.12981E+03,1283.6,3.189,1.792,0.355,0.144,12981,24.182426273681894,396.8857235957237,11.458145564969008,64.65217210443849,0.0,1.911424173934746,1.562001691648526
25,6.28206E+03,1849.9,7.812,3.23,0.565,0.242,28206,32.08664439145956,629.6594161510898,3.73863683500158,30.325491459877536,0.0,1.154424175901316,0.066368222384597
26,6.14931E+03,1702.099,5.333,2.705,0.544,0.282,14931,19.678815390948746,307.2944147749876,8.013164398259214,50.06811250015069,0.0,5.168111294619716,0.074140155031284
27,6.37620E+00,1119.6,5.025,3.7,0.886,0.045,38,4.463205406326426,28.258373205741627,0.239234449760766,0.0,0.0,0.0,0.0
28,6.76990E+02,1044.0,1.134,1.471,0.359,0.422,7699,2.927109847097829,33.73128448517722,38.02370709810156,0.0,0.0,39.22192088282053,8.569858786121761
29,6.10083E+03,1126.0,0.997,1.345,0.353,0.427,10083,2.568417997307553,54.73326549375608,37.75718787099769,0.0,0.0,34.11973685385034,6.057360147818868
30,6.31632E+02,1113.2,1.397,1.729,0.435,0.952,3163,2.552870526126334,40.06285031439384,46.60710729222978,0.0,0.0,33.90901072637779,2.728540131447918
31,6.28342E+03,1070.7,2.235,2.438,0.553,0.352,28342,4.410624211260036,52.966508316556265,40.11380884940015,0.0,0.0,22.40992778980928,0.330566440361495
32,6.37645E+03,1351.5,2.932,1.086,0.289,0.173,37645,11.57116200308904,221.8039844314069,8.30739364728721,23.717957913158237,0.0,5.579064641219476,31.17711187296487
1,7.14660E+03,1312.7,1.742,1.534,0.202,0.109,14660,27.435247076317104,562.4830869533188,0.0,74.97482994867765,0.0,1.028288682071556,0.0509540063354859
2,7.81630E+00,1389.1,8.436,2.421,0.471,0.206,82,12.954862920778917,339.04961411245864,41.12458654906284,34.619625137816975,0.0,16.5380374862183,0.0
3,7.50535E+02,1389.1,1.318,1.628,0.213,0.145,5054,41.958584091155615,641.3518076580588,0.0,68.74977738201247,0.0,0.309884238646482,0.003561887800534
4,7.38595E+03,1274.4,2.46,2.424,0.316,0.094,38595,35.874289922904694,809.4428144354899,0.0,64.04792552794568,0.0,0.282628162077457,0.665528691888665
5,7.26874E+03,1385.9,1.472,1.352,0.178,0.117,26874,31.515515664452156,814.6438522696067,0.0,70.19102606179545,0.0,0.517752965525554,0.00971205433392
6,7.12990E+03,1401.5,1.713,1.414,0.19,0.129,12990,25.634712806431136,491.1601676713088,0.0,62.08688422365413,0.0,2.404905425067553,0.016628559551029
7,7.12785E+03,1229.7,29.799,1.83,0.239,0.104,12785,32.66128311418672,710.7400128117587,0.0,29.085507929915455,7.052098805409095,0.52021371702908,0.002815771134123
8,7.12233E+03,1351.8,1.296,1.342,0.177,0.132,12233,30.18670878130093,625.6174932132689,0.0,77.79175586895907,0.0,0.680512333826246,0.0
9,7.19228E+03,1229.7,1.788,2.084,0.271,0.114,19228,34.36246307511638,820.1150807395272,0.0,77.95459864263984,0.0,0.482096887432716,0.000936110461034
10,7.40616E+03,1331.9,2.361,2.337,0.304,0.113,40616,29.691034248570336,755.0618521292485,0.0,67.4080294979237,0.0,0.742766228068233,0.010636270568996
11,7.16266E+03,1438.9,0.889,0.859,0.116,0.139,16266,40.77669054742595,504.2856249654181,0.0,78.59071543185968,0.0,1.397665025175676,2.174514469097549
12,7.51207E+02,1480.8,1.441,1.109,0.15,0.144,5121,33.58702833654999,483.4569660966308,0.0,80.6404555600471,0.0,2.052832311018156,0.147635200449936
13,7.22301E+03,1440.6,0.693,0.778,0.105,0.156,22301,30.845331735862043,532.8902390791981,0.0,74.23037807122333,0.0,1.298308203919544,0.489539276143739
14,7.43711E+02,1542.2,4.106,1.169,0.299,0.533,4371,12.39272077109365,134.60869296656236,15.959067698896392,33.112337341459394,0.0,42.79978586723769,0.422088618020096
15,7.87316E+02,1467.8,9.718,1.825,0.408,0.144,8732,15.22976270305725,284.5455482487786,29.212104970211712,36.40973839905997,0.0,6.252447999340329,5.949411449421756
16,7.70627E+02,1542.2,3.646,2.085,0.553,0.426,7063,4.208287025399914,72.89904936666922,42.26240538267452,0.0,0.0,26.963070571144584,0.047149374315059
17,7.35018E+03,1569.4,8.54,1.418,0.332,0.267,35018,19.152642394642903,261.0541831153878,15.664322723908215,36.570133234641006,0.0,9.855868081256682,0.462620281273131
18,7.17507E+03,1431.0,3.659,0.919,0.177,0.168,17507,27.858034110475717,391.41686244068944,13.32617066011402,57.47942445007634,0.0,3.693574670868311,1.801292365584211
19,7.35436E+03,1354.5,3.851,0.813,0.156,0.121,35436,26.41756080268095,438.7000619717165,10.191553559817946,39.18237971391417,0.0,2.672657265929779,0.853634996749025
20,7.11300E+03,1542.2,0.401,0.511,0.081,0.254,11300,32.057487961659845,489.7347021671432,0.0,70.59901080784027,0.0,7.1346081859235255,1.642281991446116
21,7.20005E+03,1542.2,4.067,1.268,0.306,0.262,20005,25.025608937481863,330.604511386437,23.11838115546918,47.699318883220414,0.0,9.60086736667836,0.116068777498853
22,7.19905E+03,1809.1,6.882,1.331,0.258,0.194,19905,26.86646520042202,412.7586980209883,11.108599228651132,41.351714284422464,0.0,3.86171785631932,1.5580704522744848
23,7.24503E+03,1554.901,0.886,1.031,0.137,0.184,24502,34.75216078793627,721.3639816345271,0.0,74.36914600550963,0.0,0.606795224977044,0.01505968778696
24,7.12981E+03,1467.8,4.674,1.329,0.245,0.144,12981,24.182426273681894,396.8857235957237,11.458145564969008,64.65217210443849,0.0,1.911424173934746,1.562001691648526
25,7.28206E+03,1768.4,7.283,1.711,0.267,0.191,28206,32.08664439145956,629.6594161510898,3.73863683500158,30.325491459877536,0.0,1.154424175901316,0.066368222384597
26,7.14931E+03,1681.599,5.231,1.487,0.276,0.224,14931,19.678815390948746,307.2944147749876,8.013164398259214,50.06811250015069,0.0,5.168111294619716,0.074140155031284
27,7.37620E+00,1931.9,11.533,5.598,1.301,0.021,38,4.463205406326426,28.258373205741627,0.239234449760766,0.0,0.0,0.0,0.0
28,7.76990E+02,1729.8,2.486,2.506,0.593,0.622,7699,2.927109847097829,33.73128448517722,38.02370709810156,0.0,0.0,39.22192088282053,8.569858786121761
29,7.10083E+03,1588.3,1.662,1.988,0.51,0.486,10083,2.568417997307553,54.73326549375608,37.75718787099769,0.0,0.0,34.11973685385034,6.057360147818868
30,7.31632E+02,1580.4,2.84,2.494,0.615,1.01,3163,2.552870526126334,40.06285031439384,46.60710729222978,0.0,0.0,33.90901072637779,2.728540131447918
31,7.28342E+03,1733.0,4.219,3.595,0.797,0.482,28342,4.410624211260036,52.966508316556265,40.11380884940015,0.0,0.0,22.40992778980928,0.330566440361495
32,7.37645E+03,1563.7,4.286,0.733,0.186,0.165,37645,11.57116200308904,221.8039844314069,8.30739364728721,23.717957913158237,0.0,5.579064641219476,31.17711187296487
1,8.14660E+03,1687.499,0.518,0.521,0.071,0.139,14660,27.435247076317104,562.4830869533188,0.0,74.97482994867765,0.0,1.028288682071556,0.0509540063354859
2,8.81630E+00,1821.2,8.2,1.906,0.377,0.266,82,12.954862920778917,339.04961411245864,41.12458654906284,34.619625137816975,0.0,16.5380374862183,0.0
3,8.50535E+02,1821.2,0.287,0.462,0.061,0.187,5054,41.958584091155615,641.3518076580588,0.0,68.74977738201247,0.0,0.309884238646482,0.003561887800534
4,8.38595E+03,1721.0,0.609,0.653,0.086,0.122,38595,35.874289922904694,809.4428144354899,0.0,64.04792552794568,0.0,0.282628162077457,0.665528691888665
5,8.26874E+03,2030.0,0.579,0.58,0.077,0.17,26874,31.515515664452156,814.6438522696067,0.0,70.19102606179545,0.0,0.517752965525554,0.00971205433392
6,8.12990E+03,1754.1,0.418,0.399,0.058,0.156,12990,25.634712806431136,491.1601676713088,0.0,62.08688422365413,0.0,2.404905425067553,0.016628559551029
7,8.12785E+03,1615.9,28.93,0.563,0.075,0.133,12785,32.66128311418672,710.7400128117587,0.0,29.085507929915455,7.052098805409095,0.52021371702908,0.002815771134123
8,8.12233E+03,1697.999,0.367,0.482,0.065,0.162,12233,30.18670878130093,625.6174932132689,0.0,77.79175586895907,0.0,0.680512333826246,0.0
9,8.19228E+03,1615.9,0.547,0.765,0.1,0.147,19228,34.36246307511638,820.1150807395272,0.0,77.95459864263984,0.0,0.482096887432716,0.000936110461034
10,8.40616E+03,1652.5,0.701,0.792,0.105,0.135,40616,29.691034248570336,755.0618521292485,0.0,67.4080294979237,0.0,0.742766228068233,0.010636270568996
11,8.16266E+03,1794.3,0.264,0.299,0.043,0.173,16266,40.77669054742595,504.2856249654181,0.0,78.59071543185968,0.0,1.397665025175676,2.174514469097549
12,8.51207E+02,1873.5,0.38,0.379,0.055,0.178,5121,33.58702833654999,483.4569660966308,0.0,80.6404555600471,0.0,2.052832311018156,0.147635200449936
13,8.22301E+03,1674.0,0.229,0.283,0.041,0.18,22301,30.845331735862043,532.8902390791981,0.0,74.23037807122333,0.0,1.298308203919544,0.489539276143739
14,8.43711E+02,2005.8,5.357,1.04,0.279,0.666,4371,12.39272077109365,134.60869296656236,15.959067698896392,33.112337341459394,0.0,42.79978586723769,0.422088618020096
15,8.87316E+02,1576.4,7.048,0.885,0.204,0.149,8732,15.22976270305725,284.5455482487786,29.212104970211712,36.40973839905997,0.0,6.252447999340329,5.949411449421756
16,8.70627E+02,2005.8,4.874,2.36,0.612,0.532,7063,4.208287025399914,72.89904936666922,42.26240538267452,0.0,0.0,26.963070571144584,0.047149374315059
17,8.35018E+03,1747.9,7.128,0.716,0.177,0.29,35018,19.152642394642903,261.0541831153878,15.664322723908215,36.570133234641006,0.0,9.855868081256682,0.462620281273131
18,8.17507E+03,2089.2,5.0,0.661,0.135,0.243,17507,27.858034110475717,391.41686244068944,13.32617066011402,57.47942445007634,0.0,3.693574670868311,1.801292365584211
19,8.35436E+03,2109.199,4.887,0.522,0.111,0.197,35436,26.41756080268095,438.7000619717165,10.191553559817946,39.18237971391417,0.0,2.672657265929779,0.853634996749025
20,8.11300E+03,2005.8,0.18,0.3,0.058,0.322,11300,32.057487961659845,489.7347021671432,0.0,70.59901080784027,0.0,7.1346081859235255,1.642281991446116
21,8.20005E+03,2005.8,4.764,1.08,0.268,0.326,20005,25.025608937481863,330.604511386437,23.11838115546918,47.699318883220414,0.0,9.60086736667836,0.116068777498853
22,8.19905E+03,1653.8,5.432,0.453,0.099,0.174,19905,26.86646520042202,412.7586980209883,11.108599228651132,41.351714284422464,0.0,3.86171785631932,1.5580704522744848
23,8.24503E+03,1998.101,0.256,0.34,0.047,0.234,24502,34.75216078793627,721.3639816345271,0.0,74.36914600550963,0.0,0.606795224977044,0.01505968778696
24,8.12981E+03,1576.4,3.134,0.523,0.106,0.152,12981,24.182426273681894,396.8857235957237,11.458145564969008,64.65217210443849,0.0,1.911424173934746,1.562001691648526
25,8.28206E+03,1497.9,6.163,0.433,0.077,0.16,28206,32.08664439145956,629.6594161510898,3.73863683500158,30.325491459877536,0.0,1.154424175901316,0.066368222384597
26,8.14931E+03,1525.4,4.059,0.574,0.123,0.198,14931,19.678815390948746,307.2944147749876,8.013164398259214,50.06811250015069,0.0,5.168111294619716,0.074140155031284
27,8.37620E+00,2007.4,11.34,4.543,1.017,0.013,38,4.463205406326426,28.258373205741627,0.239234449760766,0.0,0.0,0.0,0.0
28,8.76990E+02,1961.9,2.879,2.458,0.569,0.669,7699,2.927109847097829,33.73128448517722,38.02370709810156,0.0,0.0,39.22192088282053,8.569858786121761
29,8.10083E+03,1929.6,2.445,2.306,0.58,0.573,10083,2.568417997307553,54.73326549375608,37.75718787099769,0.0,0.0,34.11973685385034,6.057360147818868
30,8.31632E+02,2004.2,3.551,2.778,0.676,1.029,3163,2.552870526126334,40.06285031439384,46.60710729222978,0.0,0.0,33.90901072637779,2.728540131447918
31,8.28342E+03,1909.6,4.84,3.227,0.705,0.494,28342,4.410624211260036,52.966508316556265,40.11380884940015,0.0,0.0,22.40992778980928,0.330566440361495
32,8.37645E+03,1793.7,3.911,0.426,0.113,0.183,37645,11.57116200308904,221.8039844314069,8.30739364728721,23.717957913158237,0.0,5.579064641219476,31.17711187296487
1,9.14660E+03,156.5,0.014,0.013,0.002,0.008,14660,27.435247076317104,562.4830869533188,0.0,74.97482994867765,0.0,1.028288682071556,0.0509540063354859
2,9.81630E+00,139.4,0.426,0.076,0.013,0.013,82,12.954862920778917,339.04961411245864,41.12458654906284,34.619625137816975,0.0,16.5380374862183,0.0
3,9.50535E+02,139.4,0.005,0.007,0.001,0.009,5054,41.958584091155615,641.3518076580588,0.0,68.74977738201247,0.0,0.309884238646482,0.003561887800534
4,9.38595E+03,166.0,0.023,0.021,0.003,0.008,38595,35.874289922904694,809.4428144354899,0.0,64.04792552794568,0.0,0.282628162077457,0.665528691888665
5,9.26874E+03,95.3,0.005,0.005,0.001,0.004,26874,31.515515664452156,814.6438522696067,0.0,70.19102606179545,0.0,0.517752965525554,0.00971205433392
6,9.12990E+03,113.6,0.009,0.009,0.001,0.006,12990,25.634712806431136,491.1601676713088,0.0,62.08688422365413,0.0,2.404905425067553,0.016628559551029
7,9.12785E+03,174.9,2.032,0.019,0.003,0.01,12785,32.66128311418672,710.7400128117587,0.0,29.085507929915455,7.052098805409095,0.52021371702908,0.002815771134123
8,9.12233E+03,91.3,0.002,0.003,0.0,0.004,12233,30.18670878130093,625.6174932132689,0.0,77.79175586895907,0.0,0.680512333826246,0.0
9,9.19228E+03,174.9,0.013,0.017,0.002,0.01,19228,34.36246307511638,820.1150807395272,0.0,77.95459864263984,0.0,0.482096887432716,0.000936110461034
10,9.40616E+03,127.2,0.017,0.016,0.002,0.007,40616,29.691034248570336,755.0618521292485,0.0,67.4080294979237,0.0,0.742766228068233,0.010636270568996
11,9.16266E+03,82.6,0.001,0.002,0.0,0.002,16266,40.77669054742595,504.2856249654181,0.0,78.59071543185968,0.0,1.397665025175676,2.174514469097549
12,9.51207E+02,101.9,0.003,0.005,0.001,0.004,5121,33.58702833654999,483.4569660966308,0.0,80.6404555600471,0.0,2.052832311018156,0.147635200449936
13,9.22301E+03,72.3,0.0,0.001,0.0,0.001,22301,30.845331735862043,532.8902390791981,0.0,74.23037807122333,0.0,1.298308203919544,0.489539276143739
14,9.43711E+02,40.7,0.022,0.005,0.002,0.003,4371,12.39272077109365,134.60869296656236,15.959067698896392,33.112337341459394,0.0,42.79978586723769,0.422088618020096
15,9.87316E+02,68.2,0.054,0.005,0.001,0.001,8732,15.22976270305725,284.5455482487786,29.212104970211712,36.40973839905997,0.0,6.252447999340329,5.949411449421756
16,9.70627E+02,40.7,0.012,0.006,0.002,0.002,7063,4.208287025399914,72.89904936666922,42.26240538267452,0.0,0.0,26.963070571144584,0.047149374315059
17,9.35018E+03,32.2,0.002,0.001,0.0,0.0,35018,19.152642394642903,261.0541831153878,15.664322723908215,36.570133234641006,0.0,9.855868081256682,0.462620281273131
18,9.17507E+03,53.3,0.042,0.004,0.001,0.002,17507,27.858034110475717,391.41686244068944,13.32617066011402,57.47942445007634,0.0,3.693574670868311,1.801292365584211
19,9.35436E+03,63.0,0.047,0.003,0.001,0.001,35436,26.41756080268095,438.7000619717165,10.191553559817946,39.18237971391417,0.0,2.672657265929779,0.853634996749025
20,9.11300E+03,40.7,0.0,0.001,0.0,0.001,11300,32.057487961659845,489.7347021671432,0.0,70.59901080784027,0.0,7.1346081859235255,1.642281991446116
21,9.20005E+03,40.7,0.017,0.003,0.001,0.001,20005,25.025608937481863,330.604511386437,23.11838115546918,47.699318883220414,0.0,9.60086736667836,0.116068777498853
22,9.19905E+03,83.9,0.066,0.004,0.001,0.002,19905,26.86646520042202,412.7586980209883,11.108599228651132,41.351714284422464,0.0,3.86171785631932,1.5580704522744848
23,9.24503E+03,69.0,0.001,0.001,0.0,0.003,24502,34.75216078793627,721.3639816345271,0.0,74.36914600550963,0.0,0.606795224977044,0.01505968778696
24,9.12981E+03,68.2,0.021,0.002,0.0,0.001,12981,24.182426273681894,396.8857235957237,11.458145564969008,64.65217210443849,0.0,1.911424173934746,1.562001691648526
25,9.28206E+03,112.0,0.166,0.007,0.001,0.006,28206,32.08664439145956,629.6594161510898,3.73863683500158,30.325491459877536,0.0,1.154424175901316,0.066368222384597
26,9.14931E+03,100.1,0.085,0.01,0.002,0.005,14931,19.678815390948746,307.2944147749876,8.013164398259214,50.06811250015069,0.0,5.168111294619716,0.074140155031284
27,9.37620E+00,10.8,0.0,0.0,0.0,0.0,38,4.463205406326426,28.258373205741627,0.239234449760766,0.0,0.0,0.0,0.0
28,9.76990E+02,15.3,0.0,0.008,0.002,0.001,7699,2.927109847097829,33.73128448517722,38.02370709810156,0.0,0.0,39.22192088282053,8.569858786121761
29,9.10083E+03,18.2,0.0,0.001,0.0,0.0,10083,2.568417997307553,54.73326549375608,37.75718787099769,0.0,0.0,34.11973685385034,6.057360147818868
30,9.31632E+02,18.1,0.0,0.001,0.0,0.001,3163,2.552870526126334,40.06285031439384,46.60710729222978,0.0,0.0,33.90901072637779,2.728540131447918
31,9.28342E+03,15.2,0.0,0.001,0.0,0.0,28342,4.410624211260036,52.966508316556265,40.11380884940015,0.0,0.0,22.40992778980928,0.330566440361495
32,9.37645E+03,56.6,0.017,0.001,0.001,0.001,37645,11.57116200308904,221.8039844314069,8.30739364728721,23.717957913158237,0.0,5.579064641219476,31.17711187296487
1,10.14660E+03,202.0,0.002,0.005,0.001,0.003,14660,27.435247076317104,562.4830869533188,0.0,74.97482994867765,0.0,1.028288682071556,0.0509540063354859
2,10.81630E+00,230.6,0.258,0.103,0.014,0.012,82,12.954862920778917,339.04961411245864,41.12458654906284,34.619625137816975,0.0,16.5380374862183,0.0
3,10.50535E+02,230.6,0.002,0.006,0.001,0.007,5054,41.958584091155615,641.3518076580588,0.0,68.74977738201247,0.0,0.309884238646482,0.003561887800534
4,10.38595E+03,178.3,0.003,0.004,0.001,0.003,38595,35.874289922904694,809.4428144354899,0.0,64.04792552794568,0.0,0.282628162077457,0.665528691888665
5,10.26874E+03,204.6,0.002,0.003,0.0,0.004,26874,31.515515664452156,814.6438522696067,0.0,70.19102606179545,0.0,0.517752965525554,0.00971205433392
6,10.12990E+03,231.4,0.003,0.006,0.001,0.005,12990,25.634712806431136,491.1601676713088,0.0,62.08688422365413,0.0,2.404905425067553,0.016628559551029
7,10.12785E+03,181.5,0.421,0.005,0.001,0.004,12785,32.66128311418672,710.7400128117587,0.0,29.085507929915455,7.052098805409095,0.52021371702908,0.002815771134123
8,10.12233E+03,239.8,0.003,0.007,0.001,0.007,12233,30.18670878130093,625.6174932132689,0.0,77.79175586895907,0.0,0.680512333826246,0.0
9,10.19228E+03,181.5,0.002,0.003,0.0,0.003,19228,34.36246307511638,820.1150807395272,0.0,77.95459864263984,0.0,0.482096887432716,0.000936110461034
10,10.40616E+03,204.4,0.003,0.005,0.001,0.005,40616,29.691034248570336,755.0618521292485,0.0,67.4080294979237,0.0,0.742766228068233,0.010636270568996
11,10.16266E+03,263.3,0.001,0.004,0.001,0.005,16266,40.77669054742595,504.2856249654181,0.0,78.59071543185968,0.0,1.397665025175676,2.174514469097549
12,10.51207E+02,260.6,0.001,0.007,0.001,0.004,5121,33.58702833654999,483.4569660966308,0.0,80.6404555600471,0.0,2.052832311018156,0.147635200449936
13,10.22301E+03,250.7,0.002,0.005,0.001,0.006,22301,30.845331735862043,532.8902390791981,0.0,74.23037807122333,0.0,1.298308203919544,0.489539276143739
14,10.43711E+02,222.9,0.103,0.027,0.01,0.022,4371,12.39272077109365,134.60869296656236,15.959067698896392,33.112337341459394,0.0,42.79978586723769,0.422088618020096
15,10.87316E+02,240.7,0.273,0.027,0.007,0.007,8732,15.22976270305725,284.5455482487786,29.212104970211712,36.40973839905997,0.0,6.252447999340329,5.949411449421756
16,10.70627E+02,222.9,0.081,0.04,0.013,0.019,7063,4.208287025399914,72.89904936666922,42.26240538267452,0.0,0.0,26.963070571144584,0.047149374315059
17,10.35018E+03,219.8,0.15,0.013,0.004,0.01,35018,19.152642394642903,261.0541831153878,15.664322723908215,36.570133234641006,0.0,9.855868081256682,0.462620281273131
18,10.17507E+03,200.2,0.064,0.008,0.002,0.004,17507,27.858034110475717,391.41686244068944,13.32617066011402,57.47942445007634,0.0,3.693574670868311,1.801292365584211
19,10.35436E+03,184.2,0.039,0.004,0.001,0.001,35436,26.41756080268095,438.7000619717165,10.191553559817946,39.18237971391417,0.0,2.672657265929779,0.853634996749025
20,10.11300E+03,222.9,0.002,0.007,0.002,0.008,11300,32.057487961659845,489.7347021671432,0.0,70.59901080784027,0.0,7.1346081859235255,1.642281991446116
21,10.20005E+03,222.9,0.083,0.016,0.005,0.008,20005,25.025608937481863,330.604511386437,23.11838115546918,47.699318883220414,0.0,9.60086736667836,0.116068777498853
22,10.19905E+03,230.4,0.172,0.011,0.003,0.006,19905,26.86646520042202,412.7586980209883,11.108599228651132,41.351714284422464,0.0,3.86171785631932,1.5580704522744848
23,10.24503E+03,255.4,0.002,0.005,0.001,0.007,24502,34.75216078793627,721.3639816345271,0.0,74.36914600550963,0.0,0.606795224977044,0.01505968778696
24,10.12981E+03,240.7,0.114,0.013,0.003,0.006,12981,24.182426273681894,396.8857235957237,11.458145564969008,64.65217210443849,0.0,1.911424173934746,1.562001691648526
25,10.28206E+03,237.7,0.262,0.011,0.002,0.011,28206,32.08664439145956,629.6594161510898,3.73863683500158,30.325491459877536,0.0,1.154424175901316,0.066368222384597
26,10.14931E+03,236.0,0.166,0.021,0.005,0.011,14931,19.678815390948746,307.2944147749876,8.013164398259214,50.06811250015069,0.0,5.168111294619716,0.074140155031284
27,10.37620E+00,187.6,0.273,0.084,0.018,0.001,38,4.463205406326426,28.258373205741627,0.239234449760766,0.0,0.0,0.0,0.0
28,10.76990E+02,185.3,0.07,0.053,0.015,0.019,7699,2.927109847097829,33.73128448517722,38.02370709810156,0.0,0.0,39.22192088282053,8.569858786121761
29,10.10083E+03,200.6,0.038,0.036,0.012,0.02,10083,2.568417997307553,54.73326549375608,37.75718787099769,0.0,0.0,34.11973685385034,6.057360147818868
30,10.31632E+02,197.1,0.067,0.055,0.016,0.031,3163,2.552870526126334,40.06285031439384,46.60710729222978,0.0,0.0,33.90901072637779,2.728540131447918
31,10.28342E+03,190.4,0.121,0.068,0.016,0.016,28342,4.410624211260036,52.966508316556265,40.11380884940015,0.0,0.0,22.40992778980928,0.330566440361495
32,10.37645E+03,243.4,0.116,0.01,0.003,0.006,37645,11.57116200308904,221.8039844314069,8.30739364728721,23.717957913158237,0.0,5.579064641219476,31.17711187296487
1,11.14660E+03,265.2,0.014,0.014,0.002,0.016,14660,27.435247076317104,562.4830869533188,0.0,74.97482994867765,0.0,1.028288682071556,0.0509540063354859
2,11.81630E+00,292.9,0.928,0.147,0.025,0.036,82,12.954862920778917,339.04961411245864,41.12458654906284,34.619625137816975,0.0,16.5380374862183,0.0
3,11.50535E+02,292.9,0.016,0.019,0.002,0.026,5054,41.958584091155615,641.3518076580588,0.0,68.74977738201247,0.0,0.309884238646482,0.003561887800534
4,11.38595E+03,230.5,0.015,0.013,0.002,0.012,38595,35.874289922904694,809.4428144354899,0.0,64.04792552794568,0.0,0.282628162077457,0.665528691888665
5,11.26874E+03,291.6,0.019,0.017,0.002,0.02,26874,31.515515664452156,814.6438522696067,0.0,70.19102606179545,0.0,0.517752965525554,0.00971205433392
6,11.12990E+03,281.6,0.018,0.016,0.003,0.019,12990,25.634712806431136,491.1601676713088,0.0,62.08688422365413,0.0,2.404905425067553,0.016628559551029
7,11.12785E+03,247.2,1.605,0.01,0.001,0.015,12785,32.66128311418672,710.7400128117587,0.0,29.085507929915455,7.052098805409095,0.52021371702908,0.002815771134123
8,11.12233E+03,284.2,0.01,0.013,0.002,0.021,12233,30.18670878130093,625.6174932132689,0.0,77.79175586895907,0.0,0.680512333826246,0.0
9,11.19228E+03,247.2,0.011,0.014,0.002,0.015,19228,34.36246307511638,820.1150807395272,0.0,77.95459864263984,0.0,0.482096887432716,0.000936110461034
10,11.40616E+03,251.2,0.014,0.012,0.002,0.014,40616,29.691034248570336,755.0618521292485,0.0,67.4080294979237,0.0,0.742766228068233,0.010636270568996
11,11.16266E+03,314.9,0.011,0.012,0.002,0.023,16266,40.77669054742595,504.2856249654181,0.0,78.59071543185968,0.0,1.397665025175676,2.174514469097549
12,11.51207E+02,316.7,0.013,0.015,0.003,0.022,5121,33.58702833654999,483.4569660966308,0.0,80.6404555600471,0.0,2.052832311018156,0.147635200449936
13,11.22301E+03,302.8,0.011,0.014,0.002,0.024,22301,30.845331735862043,532.8902390791981,0.0,74.23037807122333,0.0,1.298308203919544,0.489539276143739
14,11.43711E+02,329.6,0.71,0.078,0.024,0.089,4371,12.39272077109365,134.60869296656236,15.959067698896392,33.112337341459394,0.0,42.79978586723769,0.422088618020096
15,11.87316E+02,292.1,1.203,0.076,0.018,0.022,8732,15.22976270305725,284.5455482487786,29.212104970211712,36.40973839905997,0.0,6.252447999340329,5.949411449421756
16,11.70627E+02,329.6,0.573,0.188,0.049,0.074,7063,4.208287025399914,72.89904936666922,42.26240538267452,0.0,0.0,26.963070571144584,0.047149374315059
17,11.35018E+03,314.8,0.815,0.044,0.011,0.042,35018,19.152642394642903,261.0541831153878,15.664322723908215,36.570133234641006,0.0,9.855868081256682,0.462620281273131
18,11.17507E+03,316.5,0.501,0.035,0.007,0.029,17507,27.858034110475717,391.41686244068944,13.32617066011402,57.47942445007634,0.0,3.693574670868311,1.801292365584211
19,11.35436E+03,304.0,0.338,0.02,0.004,0.018,35436,26.41756080268095,438.7000619717165,10.191553559817946,39.18237971391417,0.0,2.672657265929779,0.853634996749025
20,11.11300E+03,329.6,0.014,0.02,0.005,0.043,11300,32.057487961659845,489.7347021671432,0.0,70.59901080784027,0.0,7.1346081859235255,1.642281991446116
21,11.20005E+03,329.6,0.588,0.07,0.018,0.042,20005,25.025608937481863,330.604511386437,23.11838115546918,47.699318883220414,0.0,9.60086736667836,0.116068777498853
22,11.19905E+03,304.1,0.931,0.032,0.008,0.026,19905,26.86646520042202,412.7586980209883,11.108599228651132,41.351714284422464,0.0,3.86171785631932,1.5580704522744848
23,11.24503E+03,339.6,0.01,0.013,0.002,0.034,24502,34.75216078793627,721.3639816345271,0.0,74.36914600550963,0.0,0.606795224977044,0.01505968778696
24,11.12981E+03,292.1,0.504,0.037,0.008,0.021,12981,24.182426273681894,396.8857235957237,11.458145564969008,64.65217210443849,0.0,1.911424173934746,1.562001691648526
25,11.28206E+03,278.9,0.862,0.029,0.005,0.026,28206,32.08664439145956,629.6594161510898,3.73863683500158,30.325491459877536,0.0,1.154424175901316,0.066368222384597
26,11.14931E+03,279.3,0.582,0.045,0.01,0.03,14931,19.678815390948746,307.2944147749876,8.013164398259214,50.06811250015069,0.0,5.168111294619716,0.074140155031284
27,11.37620E+00,291.4,1.05,0.212,0.045,0.005,38,4.463205406326426,28.258373205741627,0.239234449760766,0.0,0.0,0.0,0.0
28,11.76990E+02,285.0,0.307,0.183,0.044,0.073,7699,2.927109847097829,33.73128448517722,38.02370709810156,0.0,0.0,39.22192088282053,8.569858786121761
29,11.10083E+03,312.8,0.243,0.197,0.05,0.083,10083,2.568417997307553,54.73326549375608,37.75718787099769,0.0,0.0,34.11973685385034,6.057360147818868
30,11.31632E+02,315.1,0.476,0.247,0.06,0.124,3163,2.552870526126334,40.06285031439384,46.60710729222978,0.0,0.0,33.90901072637779,2.728540131447918
31,11.28342E+03,287.7,0.548,0.245,0.053,0.059,28342,4.410624211260036,52.966508316556265,40.11380884940015,0.0,0.0,22.40992778980928,0.330566440361495
32,11.37645E+03,323.2,0.561,0.03,0.008,0.026,37645,11.57116200308904,221.8039844314069,8.30739364728721,23.717957913158237,0.0,5.579064641219476,31.17711187296487
1,12.14660E+03,8.1,0.0,0.0,0.0,0.0,14660,27.435247076317104,562.4830869533188,0.0,74.97482994867765,0.0,1.028288682071556,0.0509540063354859
2,12.81630E+00,8.0,0.0,0.0,0.0,0.0,82,12.954862920778917,339.04961411245864,41.12458654906284,34.619625137816975,0.0,16.5380374862183,0.0
3,12.50535E+02,8.0,0.0,0.0,0.0,0.0,5054,41.958584091155615,641.3518076580588,0.0,68.74977738201247,0.0,0.309884238646482,0.003561887800534
4,12.38595E+03,9.6,0.0,0.0,0.0,0.0,38595,35.874289922904694,809.4428144354899,0.0,64.04792552794568,0.0,0.282628162077457,0.665528691888665
5,12.26874E+03,8.3,0.0,0.0,0.0,0.0,26874,31.515515664452156,814.6438522696067,0.0,70.19102606179545,0.0,0.517752965525554,0.00971205433392
6,12.12990E+03,6.4,0.0,0.0,0.0,0.0,12990,25.634712806431136,491.1601676713088,0.0,62.08688422365413,0.0,2.404905425067553,0.016628559551029
7,12.12785E+03,8.4,0.0,0.0,0.0,0.0,12785,32.66128311418672,710.7400128117587,0.0,29.085507929915455,7.052098805409095,0.52021371702908,0.002815771134123
8,12.12233E+03,4.8,0.0,0.0,0.0,0.0,12233,30.18670878130093,625.6174932132689,0.0,77.79175586895907,0.0,0.680512333826246,0.0
9,12.19228E+03,8.4,0.0,0.0,0.0,0.0,19228,34.36246307511638,820.1150807395272,0.0,77.95459864263984,0.0,0.482096887432716,0.000936110461034
10,12.40616E+03,6.4,0.0,0.0,0.0,0.0,40616,29.691034248570336,755.0618521292485,0.0,67.4080294979237,0.0,0.742766228068233,0.010636270568996
11,12.16266E+03,4.9,0.0,0.0,0.0,0.0,16266,40.77669054742595,504.2856249654181,0.0,78.59071543185968,0.0,1.397665025175676,2.174514469097549
12,12.51207E+02,6.6,0.0,0.0,0.0,0.0,5121,33.58702833654999,483.4569660966308,0.0,80.6404555600471,0.0,2.052832311018156,0.147635200449936
13,12.22301E+03,3.4,0.0,0.0,0.0,0.0,22301,30.845331735862043,532.8902390791981,0.0,74.23037807122333,0.0,1.298308203919544,0.489539276143739
14,12.43711E+02,5.5,0.0,0.0,0.0,0.0,4371,12.39272077109365,134.60869296656236,15.959067698896392,33.112337341459394,0.0,42.79978586723769,0.422088618020096
15,12.87316E+02,2.3,0.0,0.0,0.0,0.0,8732,15.22976270305725,284.5455482487786,29.212104970211712,36.40973839905997,0.0,6.252447999340329,5.949411449421756
16,12.70627E+02,5.5,0.0,0.0,0.0,0.0,7063,4.208287025399914,72.89904936666922,42.26240538267452,0.0,0.0,26.963070571144584,0.047149374315059
17,12.35018E+03,1.6,0.0,0.0,0.0,0.0,35018,19.152642394642903,261.0541831153878,15.664322723908215,36.570133234641006,0.0,9.855868081256682,0.462620281273131
18,12.17507E+03,7.0,0.0,0.0,0.0,0.0,17507,27.858034110475717,391.41686244068944,13.32617066011402,57.47942445007634,0.0,3.693574670868311,1.801292365584211
19,12.35436E+03,7.7,0.0,0.0,0.0,0.0,35436,26.41756080268095,438.7000619717165,10.191553559817946,39.18237971391417,0.0,2.672657265929779,0.853634996749025
20,12.11300E+03,5.5,0.0,0.0,0.0,0.0,11300,32.057487961659845,489.7347021671432,0.0,70.59901080784027,0.0,7.1346081859235255,1.642281991446116
21,12.20005E+03,5.5,0.0,0.0,0.0,0.0,20005,25.025608937481863,330.604511386437,23.11838115546918,47.699318883220414,0.0,9.60086736667836,0.116068777498853
22,12.19905E+03,1.8,0.0,0.0,0.0,0.0,19905,26.86646520042202,412.7586980209883,11.108599228651132,41.351714284422464,0.0,3.86171785631932,1.5580704522744848
23,12.24503E+03,5.9,0.0,0.0,0.0,0.0,24502,34.75216078793627,721.3639816345271,0.0,74.36914600550963,0.0,0.606795224977044,0.01505968778696
24,12.12981E+03,2.3,0.0,0.0,0.0,0.0,12981,24.182426273681894,396.8857235957237,11.458145564969008,64.65217210443849,0.0,1.911424173934746,1.562001691648526
25,12.28206E+03,2.2,0.0,0.0,0.0,0.0,28206,32.08664439145956,629.6594161510898,3.73863683500158,30.325491459877536,0.0,1.154424175901316,0.066368222384597
26,12.14931E+03,2.1,0.0,0.0,0.0,0.0,14931,19.678815390948746,307.2944147749876,8.013164398259214,50.06811250015069,0.0,5.168111294619716,0.074140155031284
27,12.37620E+00,2.8,0.001,0.0,0.0,0.0,38,4.463205406326426,28.258373205741627,0.239234449760766,0.0,0.0,0.0,0.0
28,12.76990E+02,4.0,0.0,0.0,0.0,0.0,7699,2.927109847097829,33.73128448517722,38.02370709810156,0.0,0.0,39.22192088282053,8.569858786121761
29,12.10083E+03,3.6,0.0,0.0,0.0,0.0,10083,2.568417997307553,54.73326549375608,37.75718787099769,0.0,0.0,34.11973685385034,6.057360147818868
30,12.31632E+02,4.7,0.0,0.0,0.0,0.0,3163,2.552870526126334,40.06285031439384,46.60710729222978,0.0,0.0,33.90901072637779,2.728540131447918
31,12.28342E+03,2.8,0.0,0.0,0.0,0.0,28342,4.410624211260036,52.966508316556265,40.11380884940015,0.0,0.0,22.40992778980928,0.330566440361495
32,12.37645E+03,3.1,0.0,0.0,0.0,0.0,37645,11.57116200308904,221.8039844314069,8.30739364728721,23.717957913158237,0.0,5.579064641219476,31.17711187296487
1,2022.14660E+03,6159.798,4.509,5.338,0.706,0.483,14660,27.435247076317104,562.4830869533188,0.0,74.97482994867765,0.0,1.028288682071556,0.0509540063354859
2,2022.81630E+00,6430.5,26.704,10.828,2.186,1.153,82,12.954862920778917,339.04961411245864,41.12458654906284,34.619625137816975,0.0,16.5380374862183,0.0
3,2022.50535E+02,6430.501,3.871,5.984,0.784,0.636,5054,41.958584091155615,641.3518076580588,0.0,68.74977738201247,0.0,0.309884238646482,0.003561887800534
4,2022.38595E+03,6167.3,6.586,8.185,1.071,0.441,38595,35.874289922904694,809.4428144354899,0.0,64.04792552794568,0.0,0.282628162077457,0.665528691888665
5,2022.26874E+03,6363.599,4.11,4.721,0.622,0.505,26874,31.515515664452156,814.6438522696067,0.0,70.19102606179545,0.0,0.517752965525554,0.00971205433392
6,2022.12990E+03,6133.1,4.358,4.632,0.628,0.528,12990,25.634712806431136,491.1601676713088,0.0,62.08688422365413,0.0,2.404905425067553,0.016628559551029
7,2022.12785E+03,6022.099,92.128,7.577,0.999,0.496,12785,32.66128311418672,710.7400128117587,0.0,29.085507929915455,7.052098805409095,0.52021371702908,0.002815771134123
8,2022.12233E+03,5836.698,3.274,4.399,0.58,0.52,12233,30.18670878130093,625.6174932132689,0.0,77.79175586895907,0.0,0.680512333826246,0.0
9,2022.19228E+03,6022.099,4.807,7.446,0.968,0.528,19228,34.36246307511638,820.1150807395272,0.0,77.95459864263984,0.0,0.482096887432716,0.000936110461034
10,2022.40616E+03,5953.999,6.248,8.173,1.067,0.479,40616,29.691034248570336,755.0618521292485,0.0,67.4080294979237,0.0,0.742766228068233,0.010636270568996
11,2022.16266E+03,6119.899,2.334,2.708,0.368,0.52,16266,40.77669054742595,504.2856249654181,0.0,78.59071543185968,0.0,1.397665025175676,2.174514469097549
12,2022.51207E+02,6434.899,3.442,3.265,0.446,0.557,5121,33.58702833654999,483.4569660966308,0.0,80.6404555600471,0.0,2.052832311018156,0.147635200449936
13,2022.22301E+03,5827.2,2.049,2.647,0.36,0.553,22301,30.845331735862043,532.8902390791981,0.0,74.23037807122333,0.0,1.298308203919544,0.489539276143739
14,2022.43711E+02,6121.101,13.501,4.334,1.158,2.126,4371,12.39272077109365,134.60869296656236,15.959067698896392,33.112337341459394,0.0,42.79978586723769,0.422088618020096
15,2022.87316E+02,5680.8,25.846,6.322,1.524,0.577,8732,15.22976270305725,284.5455482487786,29.212104970211712,36.40973839905997,0.0,6.252447999340329,5.949411449421756
16,2022.70627E+02,6121.1,12.218,7.256,1.958,1.778,7063,4.208287025399914,72.89904936666922,42.26240538267452,0.0,0.0,26.963070571144584,0.047149374315059
17,2022.35018E+03,5812.2,22.885,4.571,1.156,0.966,35018,19.152642394642903,261.0541831153878,15.664322723908215,36.570133234641006,0.0,9.855868081256682,0.462620281273131
18,2022.17507E+03,6153.3,13.286,3.589,0.759,0.686,17507,27.858034110475717,391.41686244068944,13.32617066011402,57.47942445007634,0.0,3.693574670868311,1.801292365584211
19,2022.35436E+03,6149.398,13.523,3.288,0.716,0.523,35436,26.41756080268095,438.7000619717165,10.191553559817946,39.18237971391417,0.0,2.672657265929779,0.853634996749025
20,2022.11300E+03,6121.1,1.146,1.705,0.277,0.935,11300,32.057487961659845,489.7347021671432,0.0,70.59901080784027,0.0,7.1346081859235255,1.642281991446116
21,2022.20005E+03,6121.101,12.557,4.352,1.089,1.014,20005,25.025608937481863,330.604511386437,23.11838115546918,47.699318883220414,0.0,9.60086736667836,0.116068777498853
22,2022.19905E+03,6605.401,20.94,4.513,0.994,0.711,19905,26.86646520042202,412.7586980209883,11.108599228651132,41.351714284422464,0.0,3.86171785631932,1.5580704522744848
23,2022.24503E+03,6468.303,2.4,3.331,0.445,0.697,24502,34.75216078793627,721.3639816345271,0.0,74.36914600550963,0.0,0.606795224977044,0.01505968778696
24,2022.12981E+03,5680.801,12.103,4.049,0.817,0.514,12981,24.182426273681894,396.8857235957237,11.458145564969008,64.65217210443849,0.0,1.911424173934746,1.562001691648526
25,2022.28206E+03,6572.5,23.81,6.136,1.104,0.723,28206,32.08664439145956,629.6594161510898,3.73863683500158,30.325491459877536,0.0,1.154424175901316,0.066368222384597
26,2022.14931E+03,6314.398,16.231,5.315,1.099,0.843,14931,19.678815390948746,307.2944147749876,8.013164398259214,50.06811250015069,0.0,5.168111294619716,0.074140155031284
27,2022.37620E+00,6118.2,30.307,15.154,3.558,0.157,38,4.463205406326426,28.258373205741627,0.239234449760766,0.0,0.0,0.0,0.0
28,2022.76990E+02,5852.899,7.256,7.312,1.76,2.055,7699,2.927109847097829,33.73128448517722,38.02370709810156,0.0,0.0,39.22192088282053,8.569858786121761
29,2022.10083E+03,5832.801,5.607,6.224,1.616,1.792,10083,2.568417997307553,54.73326549375608,37.75718787099769,0.0,0.0,34.11973685385034,6.057360147818868
30,2022.31632E+02,5868.2,8.668,7.803,1.946,3.453,3163,2.552870526126334,40.06285031439384,46.60710729222978,0.0,0.0,33.90901072637779,2.728540131447918
31,2022.28342E+03,5846.801,12.616,10.46,2.358,1.627,28342,4.410624211260036,52.966508316556265,40.11380884940015,0.0,0.0,22.40992778980928,0.330566440361495
32,2022.37645E+03,6088.0,12.357,2.567,0.703,0.612,37645,11.57116200308904,221.8039844314069,8.30739364728721,23.717957913158237,0.0,5.579064641219476,31.17711187296487
1,1.14660E+03,52.1,0.001,0.001,0.0,0.001,14660,27.435247076317104,562.4830869533188,0.0,74.97482994867765,0.0,1.028288682071556,0.0509540063354859
2,1.81630E+00,62.5,0.045,0.035,0.007,0.001,82,12.954862920778917,339.04961411245864,41.12458654906284,34.619625137816975,0.0,16.5380374862183,0.0
3,1.50535E+02,62.5,0.001,0.002,0.0,0.001,5054,41.958584091155615,641.3518076580588,0.0,68.74977738201247,0.0,0.309884238646482,0.003561887800534
4,1.38595E+03,40.8,0.001,0.001,0.0,0.0,38595,35.874289922904694,809.4428144354899,0.0,64.04792552794568,0.0,0.282628162077457,0.665528691888665
5,1.26874E+03,61.5,0.001,0.001,0.0,0.001,26874,31.515515664452156,814.6438522696067,0.0,70.19102606179545,0.0,0.517752965525554,0.00971205433392
6,1.12990E+03,65.3,0.001,0.002,0.0,0.001,12990,25.634712806431136,491.1601676713088,0.0,62.08688422365413,0.0,2.404905425067553,0.016628559551029
7,1.12785E+03,46.4,0.107,0.02,0.003,0.0,12785,32.66128311418672,710.7400128117587,0.0,29.085507929915455,7.052098805409095,0.52021371702908,0.002815771134123
8,1.12233E+03,78.8,0.001,0.001,0.0,0.001,12233,30.18670878130093,625.6174932132689,0.0,77.79175586895907,0.0,0.680512333826246,0.0
9,1.19228E+03,46.4,0.0,0.001,0.0,0.0,19228,34.36246307511638,820.1150807395272,0.0,77.95459864263984,0.0,0.482096887432716,0.000936110461034
10,1.40616E+03,53.1,0.0,0.0,0.0,0.0,40616,29.691034248570336,755.0618521292485,0.0,67.4080294979237,0.0,0.742766228068233,0.010636270568996
11,1.16266E+03,86.1,0.0,0.0,0.0,0.0,16266,40.77669054742595,504.2856249654181,0.0,78.59071543185968,0.0,1.397665025175676,2.174514469097549
12,1.51207E+02,75.9,0.0,0.001,0.0,0.0,5121,33.58702833654999,483.4569660966308,0.0,80.6404555600471,0.0,2.052832311018156,0.147635200449936
13,1.22301E+03,85.3,0.0,0.0,0.0,0.0,22301,30.845331735862043,532.8902390791981,0.0,74.23037807122333,0.0,1.298308203919544,0.489539276143739
14,1.43711E+02,76.3,0.072,0.044,0.013,0.01,4371,12.39272077109365,134.60869296656236,15.959067698896392,33.112337341459394,0.0,42.79978586723769,0.422088618020096
15,1.87316E+02,83.7,0.166,0.063,0.021,0.003,8732,15.22976270305725,284.5455482487786,29.212104970211712,36.40973839905997,0.0,6.252447999340329,5.949411449421756
16,1.70627E+02,76.3,0.046,0.034,0.011,0.008,7063,4.208287025399914,72.89904936666922,42.26240538267452,0.0,0.0,26.963070571144584,0.047149374315059
17,1.35018E+03,68.1,0.061,0.029,0.01,0.003,35018,19.152642394642903,261.0541831153878,15.664322723908215,36.570133234641006,0.0,9.855868081256682,0.462620281273131
18,1.17507E+03,71.2,0.053,0.025,0.007,0.002,17507,27.858034110475717,391.41686244068944,13.32617066011402,57.47942445007634,0.0,3.693574670868311,1.801292365584211
19,1.35436E+03,65.5,0.025,0.011,0.004,0.0,35436,26.41756080268095,438.7000619717165,10.191553559817946,39.18237971391417,0.0,2.672657265929779,0.853634996749025
20,1.11300E+03,76.3,0.001,0.004,0.001,0.004,11300,32.057487961659845,489.7347021671432,0.0,70.59901080784027,0.0,7.1346081859235255,1.642281991446116
21,1.20005E+03,76.3,0.054,0.029,0.009,0.004,20005,25.025608937481863,330.604511386437,23.11838115546918,47.699318883220414,0.0,9.60086736667836,0.116068777498853
22,1.19905E+03,65.9,0.015,0.007,0.002,0.001,19905,26.86646520042202,412.7586980209883,11.108599228651132,41.351714284422464,0.0,3.86171785631932,1.5580704522744848
23,1.24503E+03,78.5,0.001,0.001,0.0,0.001,24502,34.75216078793627,721.3639816345271,0.0,74.36914600550963,0.0,0.606795224977044,0.01505968778696
24,1.12981E+03,83.7,0.065,0.025,0.008,0.002,12981,24.182426273681894,396.8857235957237,11.458145564969008,64.65217210443849,0.0,1.911424173934746,1.562001691648526
25,1.28206E+03,73.0,0.016,0.007,0.002,0.001,28206,32.08664439145956,629.6594161510898,3.73863683500158,30.325491459877536,0.0,1.154424175901316,0.066368222384597
26,1.14931E+03,76.6,0.028,0.012,0.004,0.001,14931,19.678815390948746,307.2944147749876,8.013164398259214,50.06811250015069,0.0,5.168111294619716,0.074140155031284
27,1.37620E+00,49.6,0.109,0.081,0.025,0.003,38,4.463205406326426,28.258373205741627,0.239234449760766,0.0,0.0,0.0,0.0
28,1.76990E+02,61.1,0.031,0.044,0.013,0.015,7699,2.927109847097829,33.73128448517722,38.02370709810156,0.0,0.0,39.22192088282053,8.569858786121761
29,1.10083E+03,68.6,0.024,0.027,0.009,0.012,10083,2.568417997307553,54.73326549375608,37.75718787099769,0.0,0.0,34.11973685385034,6.057360147818868
30,1.31632E+02,72.1,0.045,0.049,0.014,0.022,3163,2.552870526126334,40.06285031439384,46.60710729222978,0.0,0.0,33.90901072637779,2.728540131447918
31,1.28342E+03,58.8,0.062,0.066,0.019,0.012,28342,4.410624211260036,52.966508316556265,40.11380884940015,0.0,0.0,22.40992778980928,0.330566440361495
32,1.37645E+03,74.6,0.038,0.017,0.006,0.001,37645,11.57116200308904,221.8039844314069,8.30739364728721,23.717957913158237,0.0,5.579064641219476,31.17711187296487
1,2.14660E+03,211.1,0.009,0.016,0.002,0.008,14660,27.435247076317104,562.4830869533188,0.0,74.97482994867765,0.0,1.028288682071556,0.0509540063354859
2,2.81630E+00,212.0,0.209,0.243,0.053,0.013,82,12.954862920778917,339.04961411245864,41.12458654906284,34.619625137816975,0.0,16.5380374862183,0.0
3,2.50535E+02,212.0,0.007,0.013,0.002,0.011,5054,41.958584091155615,641.3518076580588,0.0,68.74977738201247,0.0,0.309884238646482,0.003561887800534
4,2.38595E+03,198.9,0.009,0.014,0.002,0.005,38595,35.874289922904694,809.4428144354899,0.0,64.04792552794568,0.0,0.282628162077457,0.665528691888665
5,2.26874E+03,210.5,0.005,0.008,0.001,0.005,26874,31.515515664452156,814.6438522696067,0.0,70.19102606179545,0.0,0.517752965525554,0.00971205433392
6,2.12990E+03,226.4,0.007,0.014,0.002,0.008,12990,25.634712806431136,491.1601676713088,0.0,62.08688422365413,0.0,2.404905425067553,0.016628559551029
7,2.12785E+03,203.4,0.463,0.145,0.021,0.008,12785,32.66128311418672,710.7400128117587,0.0,29.085507929915455,7.052098805409095,0.52021371702908,0.002815771134123
8,2.12233E+03,232.8,0.006,0.012,0.002,0.008,12233,30.18670878130093,625.6174932132689,0.0,77.79175586895907,0.0,0.680512333826246,0.0
9,2.19228E+03,203.4,0.007,0.014,0.002,0.007,19228,34.36246307511638,820.1150807395272,0.0,77.95459864263984,0.0,0.482096887432716,0.000936110461034
10,2.40616E+03,226.3,0.006,0.012,0.002,0.005,40616,29.691034248570336,755.0618521292485,0.0,67.4080294979237,0.0,0.742766228068233,0.010636270568996
11,2.16266E+03,233.0,0.002,0.005,0.001,0.004,16266,40.77669054742595,504.2856249654181,0.0,78.59071543185968,0.0,1.397665025175676,2.174514469097549
12,2.51207E+02,226.8,0.006,0.013,0.002,0.009,5121,33.58702833654999,483.4569660966308,0.0,80.6404555600471,0.0,2.052832311018156,0.147635200449936
13,2.22301E+03,239.8,0.002,0.005,0.001,0.004,22301,30.845331735862043,532.8902390791981,0.0,74.23037807122333,0.0,1.298308203919544,0.489539276143739
14,2.43711E+02,208.8,0.288,0.176,0.053,0.059,4371,12.39272077109365,134.60869296656236,15.959067698896392,33.112337341459394,0.0,42.79978586723769,0.422088618020096
15,2.87316E+02,245.4,0.14,0.091,0.028,0.008,8732,15.22976270305725,284.5455482487786,29.212104970211712,36.40973839905997,0.0,6.252447999340329,5.949411449421756
16,2.70627E+02,208.8,0.186,0.162,0.051,0.053,7063,4.208287025399914,72.89904936666922,42.26240538267452,0.0,0.0,26.963070571144584,0.047149374315059
17,2.35018E+03,212.5,0.375,0.182,0.06,0.03,35018,19.152642394642903,261.0541831153878,15.664322723908215,36.570133234641006,0.0,9.855868081256682,0.462620281273131
18,2.17507E+03,210.8,0.158,0.1,0.028,0.014,17507,27.858034110475717,391.41686244068944,13.32617066011402,57.47942445007634,0.0,3.693574670868311,1.801292365584211
19,2.35436E+03,210.8,0.113,0.063,0.02,0.006,35436,26.41756080268095,438.7000619717165,10.191553559817946,39.18237971391417,0.0,2.672657265929779,0.853634996749025
20,2.11300E+03,208.8,0.012,0.022,0.005,0.022,11300,32.057487961659845,489.7347021671432,0.0,70.59901080784027,0.0,7.1346081859235255,1.642281991446116
21,2.20005E+03,208.8,0.203,0.116,0.035,0.026,20005,25.025608937481863,330.604511386437,23.11838115546918,47.699318883220414,0.0,9.60086736667836,0.116068777498853
22,2.19905E+03,234.5,0.145,0.077,0.024,0.008,19905,26.86646520042202,412.7586980209883,11.108599228651132,41.351714284422464,0.0,3.86171785631932,1.5580704522744848
23,2.24503E+03,215.4,0.004,0.009,0.001,0.01,24502,34.75216078793627,721.3639816345271,0.0,74.36914600550963,0.0,0.606795224977044,0.01505968778696
24,2.12981E+03,245.4,0.063,0.039,0.012,0.007,12981,24.182426273681894,396.8857235957237,11.458145564969008,64.65217210443849,0.0,1.911424173934746,1.562001691648526
25,2.28206E+03,247.8,0.191,0.09,0.029,0.01,28206,32.08664439145956,629.6594161510898,3.73863683500158,30.325491459877536,0.0,1.154424175901316,0.066368222384597
26,2.14931E+03,251.0,0.138,0.086,0.024,0.013,14931,19.678815390948746,307.2944147749876,8.013164398259214,50.06811250015069,0.0,5.168111294619716,0.074140155031284
27,2.37620E+00,157.3,0.291,0.221,0.065,0.015,38,4.463205406326426,28.258373205741627,0.239234449760766,0.0,0.0,0.0,0.0
28,2.76990E+02,180.3,0.103,0.147,0.043,0.06,7699,2.927109847097829,33.73128448517722,38.02370709810156,0.0,0.0,39.22192088282053,8.569858786121761
29,2.10083E+03,197.9,0.065,0.101,0.034,0.057,10083,2.568417997307553,54.73326549375608,37.75718787099769,0.0,0.0,34.11973685385034,6.057360147818868
30,2.31632E+02,199.2,0.122,0.136,0.04,0.077,3163,2.552870526126334,40.06285031439384,46.60710729222978,0.0,0.0,33.90901072637779,2.728540131447918
31,2.28342E+03,180.5,0.195,0.228,0.063,0.048,28342,4.410624211260036,52.966508316556265,40.11380884940015,0.0,0.0,22.40992778980928,0.330566440361495
32,2.37645E+03,222.5,0.28,0.123,0.044,0.017,37645,11.57116200308904,221.8039844314069,8.30739364728721,23.717957913158237,0.0,5.579064641219476,31.17711187296487
1,3.14660E+03,34.1,0.012,0.016,0.002,0.007,14660,27.435247076317104,562.4830869533188,0.0,74.97482994867765,0.0,1.028288682071556,0.0509540063354859
2,3.81630E+00,37.0,0.214,0.2,0.043,0.019,82,12.954862920778917,339.04961411245864,41.12458654906284,34.619625137816975,0.0,16.5380374862183,0.0
3,3.50535E+02,37.0,0.01,0.02,0.003,0.011,5054,41.958584091155615,641.3518076580588,0.0,68.74977738201247,0.0,0.309884238646482,0.003561887800534
4,3.38595E+03,38.1,0.016,0.027,0.004,0.009,38595,35.874289922904694,809.4428144354899,0.0,64.04792552794568,0.0,0.282628162077457,0.665528691888665
5,3.26874E+03,35.5,0.012,0.019,0.003,0.011,26874,31.515515664452156,814.6438522696067,0.0,70.19102606179545,0.0,0.517752965525554,0.00971205433392
6,3.12990E+03,25.1,0.011,0.017,0.003,0.01,12990,25.634712806431136,491.1601676713088,0.0,62.08688422365413,0.0,2.404905425067553,0.016628559551029
7,3.12785E+03,38.3,0.643,0.194,0.029,0.011,12785,32.66128311418672,710.7400128117587,0.0,29.085507929915455,7.052098805409095,0.52021371702908,0.002815771134123
8,3.12233E+03,23.7,0.013,0.025,0.003,0.015,12233,30.18670878130093,625.6174932132689,0.0,77.79175586895907,0.0,0.680512333826246,0.0
9,3.19228E+03,38.3,0.012,0.021,0.003,0.011,19228,34.36246307511638,820.1150807395272,0.0,77.95459864263984,0.0,0.482096887432716,0.000936110461034
10,3.40616E+03,21.6,0.024,0.042,0.006,0.015,40616,29.691034248570336,755.0618521292485,0.0,67.4080294979237,0.0,0.742766228068233,0.010636270568996
11,3.16266E+03,27.0,0.008,0.014,0.002,0.013,16266,40.77669054742595,504.2856249654181,0.0,78.59071543185968,0.0,1.397665025175676,2.174514469097549
12,3.51207E+02,29.5,0.003,0.007,0.001,0.005,5121,33.58702833654999,483.4569660966308,0.0,80.6404555600471,0.0,2.052832311018156,0.147635200449936
13,3.22301E+03,21.5,0.011,0.02,0.003,0.017,22301,30.845331735862043,532.8902390791981,0.0,74.23037807122333,0.0,1.298308203919544,0.489539276143739
14,3.43711E+02,17.3,0.0,0.002,0.001,0.001,4371,12.39272077109365,134.60869296656236,15.959067698896392,33.112337341459394,0.0,42.79978586723769,0.422088618020096
15,3.87316E+02,18.0,0.165,0.117,0.035,0.013,8732,15.22976270305725,284.5455482487786,29.212104970211712,36.40973839905997,0.0,6.252447999340329,5.949411449421756
16,3.70627E+02,17.3,0.0,0.001,0.0,0.001,7063,4.208287025399914,72.89904936666922,42.26240538267452,0.0,0.0,26.963070571144584,0.047149374315059
17,3.35018E+03,13.4,0.0,0.0,0.0,0.0,35018,19.152642394642903,261.0541831153878,15.664322723908215,36.570133234641006,0.0,9.855868081256682,0.462620281273131
18,3.17507E+03,26.3,0.009,0.011,0.003,0.002,17507,27.858034110475717,391.41686244068944,13.32617066011402,57.47942445007634,0.0,3.693574670868311,1.801292365584211
19,3.35436E+03,32.7,0.067,0.028,0.009,0.003,35436,26.41756080268095,438.7000619717165,10.191553559817946,39.18237971391417,0.0,2.672657265929779,0.853634996749025
20,3.11300E+03,17.3,0.0,0.0,0.0,0.0,11300,32.057487961659845,489.7347021671432,0.0,70.59901080784027,0.0,7.1346081859235255,1.642281991446116
21,3.20005E+03,17.3,0.0,0.001,0.0,0.0,20005,25.025608937481863,330.604511386437,23.11838115546918,47.699318883220414,0.0,9.60086736667836,0.116068777498853
22,3.19905E+03,24.5,0.108,0.061,0.019,0.011,19905,26.86646520042202,412.7586980209883,11.108599228651132,41.351714284422464,0.0,3.86171785631932,1.5580704522744848
23,3.24503E+03,26.1,0.006,0.012,0.002,0.01,24502,34.75216078793627,721.3639816345271,0.0,74.36914600550963,0.0,0.606795224977044,0.01505968778696
24,3.12981E+03,18.0,0.076,0.056,0.016,0.011,12981,24.182426273681894,396.8857235957237,11.458145564969008,64.65217210443849,0.0,1.911424173934746,1.562001691648526
25,3.28206E+03,32.3,0.238,0.14,0.044,0.019,28206,32.08664439145956,629.6594161510898,3.73863683500158,30.325491459877536,0.0,1.154424175901316,0.066368222384597
26,3.14931E+03,25.9,0.157,0.109,0.031,0.019,14931,19.678815390948746,307.2944147749876,8.013164398259214,50.06811250015069,0.0,5.168111294619716,0.074140155031284
27,3.37620E+00,26.4,0.001,0.001,0.0,0.0,38,4.463205406326426,28.258373205741627,0.239234449760766,0.0,0.0,0.0,0.0
28,3.76990E+02,20.6,0.001,0.003,0.001,0.002,7699,2.927109847097829,33.73128448517722,38.02370709810156,0.0,0.0,39.22192088282053,8.569858786121761
29,3.10083E+03,13.1,0.0,0.001,0.0,0.001,10083,2.568417997307553,54.73326549375608,37.75718787099769,0.0,0.0,34.11973685385034,6.057360147818868
30,3.31632E+02,12.6,0.0,0.001,0.0,0.001,3163,2.552870526126334,40.06285031439384,46.60710729222978,0.0,0.0,33.90901072637779,2.728540131447918
31,3.28342E+03,20.3,0.002,0.002,0.001,0.002,28342,4.410624211260036,52.966508316556265,40.11380884940015,0.0,0.0,22.40992778980928,0.330566440361495
32,3.37645E+03,19.8,0.0,0.0,0.0,0.0,37645,11.57116200308904,221.8039844314069,8.30739364728721,23.717957913158237,0.0,5.579064641219476,31.17711187296487
1,4.14660E+03,266.4,0.065,0.079,0.011,0.015,14660,27.435247076317104,562.4830869533188,0.0,74.97482994867765,0.0,1.028288682071556,0.0509540063354859
2,4.81630E+00,275.6,0.481,0.415,0.087,0.068,82,12.954862920778917,339.04961411245864,41.12458654906284,34.619625137816975,0.0,16.5380374862183,0.0
3,4.50535E+02,275.6,0.056,0.077,0.01,0.021,5054,41.958584091155615,641.3518076580588,0.0,68.74977738201247,0.0,0.309884238646482,0.003561887800534
4,4.38595E+03,260.5,0.094,0.113,0.015,0.015,38595,35.874289922904694,809.4428144354899,0.0,64.04792552794568,0.0,0.282628162077457,0.665528691888665
5,4.26874E+03,260.6,0.073,0.088,0.012,0.016,26874,31.515515664452156,814.6438522696067,0.0,70.19102606179545,0.0,0.517752965525554,0.00971205433392
6,4.12990E+03,257.5,0.051,0.059,0.009,0.018,12990,25.634712806431136,491.1601676713088,0.0,62.08688422365413,0.0,2.404905425067553,0.016628559551029
7,4.12785E+03,267.0,1.82,0.396,0.055,0.018,12785,32.66128311418672,710.7400128117587,0.0,29.085507929915455,7.052098805409095,0.52021371702908,0.002815771134123
8,4.12233E+03,253.6,0.072,0.088,0.012,0.017,12233,30.18670878130093,625.6174932132689,0.0,77.79175586895907,0.0,0.680512333826246,0.0
9,4.19228E+03,267.0,0.053,0.079,0.01,0.016,19228,34.36246307511638,820.1150807395272,0.0,77.95459864263984,0.0,0.482096887432716,0.000936110461034
10,4.40616E+03,247.2,0.084,0.101,0.013,0.014,40616,29.691034248570336,755.0618521292485,0.0,67.4080294979237,0.0,0.742766228068233,0.010636270568996
11,4.16266E+03,260.6,0.024,0.028,0.004,0.012,16266,40.77669054742595,504.2856249654181,0.0,78.59071543185968,0.0,1.397665025175676,2.174514469097549
12,4.51207E+02,269.4,0.054,0.047,0.007,0.013,5121,33.58702833654999,483.4569660966308,0.0,80.6404555600471,0.0,2.052832311018156,0.147635200449936
13,4.22301E+03,239.9,0.022,0.034,0.005,0.012,22301,30.845331735862043,532.8902390791981,0.0,74.23037807122333,0.0,1.298308203919544,0.489539276143739
14,4.43711E+02,275.2,0.298,0.184,0.049,0.133,4371,12.39272077109365,134.60869296656236,15.959067698896392,33.112337341459394,0.0,42.79978586723769,0.422088618020096
15,4.87316E+02,229.7,0.372,0.156,0.044,0.028,8732,15.22976270305725,284.5455482487786,29.212104970211712,36.40973839905997,0.0,6.252447999340329,5.949411449421756
16,4.70627E+02,275.2,0.227,0.193,0.056,0.13,7063,4.208287025399914,72.89904936666922,42.26240538267452,0.0,0.0,26.963070571144584,0.047149374315059
17,4.35018E+03,258.8,0.575,0.243,0.068,0.055,35018,19.152642394642903,261.0541831153878,15.664322723908215,36.570133234641006,0.0,9.855868081256682,0.462620281273131
18,4.17507E+03,264.0,0.309,0.156,0.037,0.03,17507,27.858034110475717,391.41686244068944,13.32617066011402,57.47942445007634,0.0,3.693574670868311,1.801292365584211
19,4.35436E+03,255.7,0.263,0.111,0.031,0.017,35436,26.41756080268095,438.7000619717165,10.191553559817946,39.18237971391417,0.0,2.672657265929779,0.853634996749025
20,4.11300E+03,275.2,0.044,0.073,0.012,0.038,11300,32.057487961659845,489.7347021671432,0.0,70.59901080784027,0.0,7.1346081859235255,1.642281991446116
21,4.20005E+03,275.2,0.236,0.154,0.038,0.059,20005,25.025608937481863,330.604511386437,23.11838115546918,47.699318883220414,0.0,9.60086736667836,0.116068777498853
22,4.19905E+03,294.1,0.516,0.198,0.054,0.035,19905,26.86646520042202,412.7586980209883,11.108599228651132,41.351714284422464,0.0,3.86171785631932,1.5580704522744848
23,4.24503E+03,281.5,0.051,0.075,0.01,0.021,24502,34.75216078793627,721.3639816345271,0.0,74.36914600550963,0.0,0.606795224977044,0.01505968778696
24,4.12981E+03,229.7,0.184,0.076,0.02,0.015,12981,24.182426273681894,396.8857235957237,11.458145564969008,64.65217210443849,0.0,1.911424173934746,1.562001691648526
25,4.28206E+03,299.8,0.562,0.256,0.065,0.038,28206,32.08664439145956,629.6594161510898,3.73863683500158,30.325491459877536,0.0,1.154424175901316,0.066368222384597
26,4.14931E+03,277.3,0.347,0.198,0.046,0.042,14931,19.678815390948746,307.2944147749876,8.013164398259214,50.06811250015069,0.0,5.168111294619716,0.074140155031284
27,4.37620E+00,320.2,1.232,0.871,0.227,0.084,38,4.463205406326426,28.258373205741627,0.239234449760766,0.0,0.0,0.0,0.0
28,4.76990E+02,286.9,0.183,0.223,0.061,0.173,7699,2.927109847097829,33.73128448517722,38.02370709810156,0.0,0.0,39.22192088282053,8.569858786121761
29,4.10083E+03,274.8,0.139,0.174,0.053,0.143,10083,2.568417997307553,54.73326549375608,37.75718787099769,0.0,0.0,34.11973685385034,6.057360147818868
30,4.31632E+02,274.9,0.203,0.223,0.061,0.18,3163,2.552870526126334,40.06285031439384,46.60710729222978,0.0,0.0,33.90901072637779,2.728540131447918
31,4.28342E+03,287.8,0.384,0.414,0.103,0.165,28342,4.410624211260036,52.966508316556265,40.11380884940015,0.0,0.0,22.40992778980928,0.330566440361495
32,4.37645E+03,256.4,0.246,0.113,0.033,0.031,37645,11.57116200308904,221.8039844314069,8.30739364728721,23.717957913158237,0.0,5.579064641219476,31.17711187296487
1,5.14660E+03,420.6,0.235,0.283,0.037,0.026,14660,27.435247076317104,562.4830869533188,0.0,74.97482994867765,0.0,1.028288682071556,0.0509540063354859
2,5.81630E+00,373.1,0.902,0.654,0.129,0.092,82,12.954862920778917,339.04961411245864,41.12458654906284,34.619625137816975,0.0,16.5380374862183,0.0
3,5.50535E+02,373.1,0.205,0.282,0.037,0.029,5054,41.958584091155615,641.3518076580588,0.0,68.74977738201247,0.0,0.309884238646482,0.003561887800534
4,5.38595E+03,410.2,0.268,0.383,0.05,0.024,38595,35.874289922904694,809.4428144354899,0.0,64.04792552794568,0.0,0.282628162077457,0.665528691888665
5,5.26874E+03,325.4,0.132,0.165,0.022,0.019,26874,31.515515664452156,814.6438522696067,0.0,70.19102606179545,0.0,0.517752965525554,0.00971205433392
6,5.12990E+03,376.8,0.202,0.206,0.028,0.027,12990,25.634712806431136,491.1601676713088,0.0,62.08688422365413,0.0,2.404905425067553,0.016628559551029
7,5.12785E+03,434.4,3.337,0.653,0.088,0.032,12785,32.66128311418672,710.7400128117587,0.0,29.085507929915455,7.052098805409095,0.52021371702908,0.002815771134123
8,5.12233E+03,336.4,0.183,0.23,0.03,0.022,12233,30.18670878130093,625.6174932132689,0.0,77.79175586895907,0.0,0.680512333826246,0.0
9,5.19228E+03,434.4,0.176,0.278,0.036,0.029,19228,34.36246307511638,820.1150807395272,0.0,77.95459864263984,0.0,0.482096887432716,0.000936110461034
10,5.40616E+03,425.0,0.32,0.401,0.053,0.029,40616,29.691034248570336,755.0618521292485,0.0,67.4080294979237,0.0,0.742766228068233,0.010636270568996
11,5.16266E+03,304.5,0.06,0.067,0.009,0.013,16266,40.77669054742595,504.2856249654181,0.0,78.59071543185968,0.0,1.397665025175676,2.174514469097549
12,5.51207E+02,336.0,0.087,0.077,0.011,0.018,5121,33.58702833654999,483.4569660966308,0.0,80.6404555600471,0.0,2.052832311018156,0.147635200449936
13,5.22301E+03,303.2,0.063,0.078,0.011,0.016,22301,30.845331735862043,532.8902390791981,0.0,74.23037807122333,0.0,1.298308203919544,0.489539276143739
14,5.43711E+02,278.0,0.383,0.201,0.049,0.11,4371,12.39272077109365,134.60869296656236,15.959067698896392,33.112337341459394,0.0,42.79978586723769,0.422088618020096
15,5.87316E+02,305.1,0.871,0.328,0.08,0.038,8732,15.22976270305725,284.5455482487786,29.212104970211712,36.40973839905997,0.0,6.252447999340329,5.949411449421756
16,5.70627E+02,278.0,0.294,0.197,0.055,0.106,7063,4.208287025399914,72.89904936666922,42.26240538267452,0.0,0.0,26.963070571144584,0.047149374315059
17,5.35018E+03,258.9,0.616,0.216,0.055,0.043,35018,19.152642394642903,261.0541831153878,15.664322723908215,36.570133234641006,0.0,9.855868081256682,0.462620281273131
18,5.17507E+03,295.7,0.432,0.207,0.042,0.03,17507,27.858034110475717,391.41686244068944,13.32617066011402,57.47942445007634,0.0,3.693574670868311,1.801292365584211
19,5.35436E+03,304.4,0.357,0.136,0.032,0.018,35436,26.41756080268095,438.7000619717165,10.191553559817946,39.18237971391417,0.0,2.672657265929779,0.853634996749025
20,5.11300E+03,278.0,0.072,0.093,0.014,0.033,11300,32.057487961659845,489.7347021671432,0.0,70.59901080784027,0.0,7.1346081859235255,1.642281991446116
21,5.20005E+03,278.0,0.365,0.18,0.042,0.05,20005,25.025608937481863,330.604511386437,23.11838115546918,47.699318883220414,0.0,9.60086736667836,0.116068777498853
22,5.19905E+03,315.9,0.489,0.188,0.041,0.029,19905,26.86646520042202,412.7586980209883,11.108599228651132,41.351714284422464,0.0,3.86171785631932,1.5580704522744848
23,5.24503E+03,290.3,0.104,0.135,0.018,0.02,24502,34.75216078793627,721.3639816345271,0.0,74.36914600550963,0.0,0.606795224977044,0.01505968778696
24,5.12981E+03,305.1,0.365,0.17,0.037,0.021,12981,24.182426273681894,396.8857235957237,11.458145564969008,64.65217210443849,0.0,1.911424173934746,1.562001691648526
25,5.28206E+03,348.2,0.906,0.339,0.071,0.038,28206,32.08664439145956,629.6594161510898,3.73863683500158,30.325491459877536,0.0,1.154424175901316,0.066368222384597
26,5.14931E+03,332.2,0.519,0.248,0.05,0.044,14931,19.678815390948746,307.2944147749876,8.013164398259214,50.06811250015069,0.0,5.168111294619716,0.074140155031284
27,5.37620E+00,242.9,0.403,0.285,0.071,0.029,38,4.463205406326426,28.258373205741627,0.239234449760766,0.0,0.0,0.0,0.0
28,5.76990E+02,226.2,0.127,0.17,0.045,0.114,7699,2.927109847097829,33.73128448517722,38.02370709810156,0.0,0.0,39.22192088282053,8.569858786121761
29,5.10083E+03,250.6,0.082,0.099,0.031,0.092,10083,2.568417997307553,54.73326549375608,37.75718787099769,0.0,0.0,34.11973685385034,6.057360147818868
30,5.31632E+02,259.9,0.183,0.171,0.046,0.125,3163,2.552870526126334,40.06285031439384,46.60710729222978,0.0,0.0,33.90901072637779,2.728540131447918
31,5.28342E+03,223.9,0.219,0.225,0.054,0.079,28342,4.410624211260036,52.966508316556265,40.11380884940015,0.0,0.0,22.40992778980928,0.330566440361495
32,5.37645E+03,281.5,0.256,0.093,0.025,0.028,37645,11.57116200308904,221.8039844314069,8.30739364728721,23.717957913158237,0.0,5.579064641219476,31.17711187296487
1,6.14660E+03,336.3,0.186,0.197,0.026,0.016,14660,27.435247076317104,562.4830869533188,0.0,74.97482994867765,0.0,1.028288682071556,0.0509540063354859
2,6.81630E+00,350.9,1.317,0.668,0.128,0.046,82,12.954862920778917,339.04961411245864,41.12458654906284,34.619625137816975,0.0,16.5380374862183,0.0
3,6.50535E+02,350.9,0.224,0.273,0.035,0.023,5054,41.958584091155615,641.3518076580588,0.0,68.74977738201247,0.0,0.309884238646482,0.003561887800534
4,6.38595E+03,327.8,0.221,0.271,0.035,0.015,38595,35.874289922904694,809.4428144354899,0.0,64.04792552794568,0.0,0.282628162077457,0.665528691888665
5,6.26874E+03,297.1,0.154,0.161,0.021,0.014,26874,31.515515664452156,814.6438522696067,0.0,70.19102606179545,0.0,0.517752965525554,0.00971205433392
6,6.12990E+03,340.8,0.177,0.149,0.02,0.02,12990,25.634712806431136,491.1601676713088,0.0,62.08688422365413,0.0,2.404905425067553,0.016628559551029
7,6.12785E+03,327.9,2.153,0.355,0.047,0.018,12785,32.66128311418672,710.7400128117587,0.0,29.085507929915455,7.052098805409095,0.52021371702908,0.002815771134123
8,6.12233E+03,336.4,0.198,0.235,0.031,0.02,12233,30.18670878130093,625.6174932132689,0.0,77.79175586895907,0.0,0.680512333826246,0.0
9,6.19228E+03,327.9,0.173,0.25,0.032,0.017,19228,34.36246307511638,820.1150807395272,0.0,77.95459864263984,0.0,0.482096887432716,0.000936110461034
10,6.40616E+03,321.8,0.291,0.326,0.042,0.017,40616,29.691034248570336,755.0618521292485,0.0,67.4080294979237,0.0,0.742766228068233,0.010636270568996
11,6.16266E+03,370.0,0.137,0.135,0.018,0.018,16266,40.77669054742595,504.2856249654181,0.0,78.59071543185968,0.0,1.397665025175676,2.174514469097549
12,6.51207E+02,365.4,0.103,0.099,0.014,0.018,5121,33.58702833654999,483.4569660966308,0.0,80.6404555600471,0.0,2.052832311018156,0.147635200449936
13,6.22301E+03,402.2,0.163,0.199,0.027,0.028,22301,30.845331735862043,532.8902390791981,0.0,74.23037807122333,0.0,1.298308203919544,0.489539276143739
14,6.43711E+02,309.4,0.478,0.215,0.051,0.073,4371,12.39272077109365,134.60869296656236,15.959067698896392,33.112337341459394,0.0,42.79978586723769,0.422088618020096
15,6.87316E+02,426.5,2.435,0.726,0.168,0.038,8732,15.22976270305725,284.5455482487786,29.212104970211712,36.40973839905997,0.0,6.252447999340329,5.949411449421756
16,6.70627E+02,309.4,0.349,0.222,0.058,0.06,7063,4.208287025399914,72.89904936666922,42.26240538267452,0.0,0.0,26.963070571144584,0.047149374315059
17,6.35018E+03,438.3,1.768,0.555,0.131,0.065,35018,19.152642394642903,261.0541831153878,15.664322723908215,36.570133234641006,0.0,9.855868081256682,0.462620281273131
18,6.17507E+03,262.0,0.375,0.163,0.032,0.013,17507,27.858034110475717,391.41686244068944,13.32617066011402,57.47942445007634,0.0,3.693574670868311,1.801292365584211
19,6.35436E+03,250.2,0.243,0.08,0.018,0.006,35436,26.41756080268095,438.7000619717165,10.191553559817946,39.18237971391417,0.0,2.672657265929779,0.853634996749025
20,6.11300E+03,309.4,0.082,0.101,0.015,0.027,11300,32.057487961659845,489.7347021671432,0.0,70.59901080784027,0.0,7.1346081859235255,1.642281991446116
21,6.20005E+03,309.4,0.371,0.171,0.038,0.031,20005,25.025608937481863,330.604511386437,23.11838115546918,47.699318883220414,0.0,9.60086736667836,0.116068777498853
22,6.19905E+03,456.9,1.707,0.536,0.109,0.04,19905,26.86646520042202,412.7586980209883,11.108599228651132,41.351714284422464,0.0,3.86171785631932,1.5580704522744848
23,6.24503E+03,355.7,0.155,0.205,0.027,0.024,24502,34.75216078793627,721.3639816345271,0.0,74.36914600550963,0.0,0.606795224977044,0.01505968778696
24,6.12981E+03,426.5,1.178,0.436,0.087,0.031,12981,24.182426273681894,396.8857235957237,11.458145564969008,64.65217210443849,0.0,1.911424173934746,1.562001691648526
25,6.28206E+03,436.7,1.854,0.674,0.122,0.042,28206,32.08664439145956,629.6594161510898,3.73863683500158,30.325491459877536,0.0,1.154424175901316,0.066368222384597
26,6.14931E+03,426.0,1.134,0.471,0.09,0.05,14931,19.678815390948746,307.2944147749876,8.013164398259214,50.06811250015069,0.0,5.168111294619716,0.074140155031284
27,6.37620E+00,234.0,0.637,0.375,0.087,0.002,38,4.463205406326426,28.258373205741627,0.239234449760766,0.0,0.0,0.0,0.0
28,6.76990E+02,244.4,0.154,0.147,0.038,0.055,7699,2.927109847097829,33.73128448517722,38.02370709810156,0.0,0.0,39.22192088282053,8.569858786121761
29,6.10083E+03,316.6,0.178,0.181,0.052,0.071,10083,2.568417997307553,54.73326549375608,37.75718787099769,0.0,0.0,34.11973685385034,6.057360147818868
30,6.31632E+02,267.0,0.2,0.18,0.047,0.076,3163,2.552870526126334,40.06285031439384,46.60710729222978,0.0,0.0,33.90901072637779,2.728540131447918
31,6.28342E+03,288.2,0.382,0.327,0.075,0.064,28342,4.410624211260036,52.966508316556265,40.11380884940015,0.0,0.0,22.40992778980928,0.330566440361495
32,6.37645E+03,433.6,0.756,0.27,0.063,0.032,37645,11.57116200308904,221.8039844314069,8.30739364728721,23.717957913158237,0.0,5.579064641219476,31.17711187296487
1,7.14660E+03,1774.699,1.033,1.156,0.153,0.159,14660,27.435247076317104,562.4830869533188,0.0,74.97482994867765,0.0,1.028288682071556,0.0509540063354859
2,7.81630E+00,1988.3,6.571,3.178,0.614,0.324,82,12.954862920778917,339.04961411245864,41.12458654906284,34.619625137816975,0.0,16.5380374862183,0.0
3,7.50535E+02,1988.3,0.729,1.164,0.152,0.214,5054,41.958584091155615,641.3518076580588,0.0,68.74977738201247,0.0,0.309884238646482,0.003561887800534
4,7.38595E+03,1998.8,1.633,1.852,0.241,0.155,38595,35.874289922904694,809.4428144354899,0.0,64.04792552794568,0.0,0.282628162077457,0.665528691888665
5,7.26874E+03,2489.2,1.395,1.7,0.223,0.229,26874,31.515515664452156,814.6438522696067,0.0,70.19102606179545,0.0,0.517752965525554,0.00971205433392
6,7.12990E+03,1835.1,1.074,1.104,0.151,0.18,12990,25.634712806431136,491.1601676713088,0.0,62.08688422365413,0.0,2.404905425067553,0.016628559551029
7,7.12785E+03,1704.8,26.004,1.734,0.229,0.152,12785,32.66128311418672,710.7400128117587,0.0,29.085507929915455,7.052098805409095,0.52021371702908,0.002815771134123
8,7.12233E+03,1726.199,0.815,1.078,0.142,0.174,12233,30.18670878130093,625.6174932132689,0.0,77.79175586895907,0.0,0.680512333826246,0.0
9,7.19228E+03,1704.8,0.944,1.383,0.18,0.166,19228,34.36246307511638,820.1150807395272,0.0,77.95459864263984,0.0,0.482096887432716,0.000936110461034
10,7.40616E+03,1692.3,1.482,1.726,0.225,0.151,40616,29.691034248570336,755.0618521292485,0.0,67.4080294979237,0.0,0.742766228068233,0.010636270568996
11,7.16266E+03,1895.3,0.584,0.723,0.099,0.186,16266,40.77669054742595,504.2856249654181,0.0,78.59071543185968,0.0,1.397665025175676,2.174514469097549
12,7.51207E+02,2014.9,0.853,0.939,0.129,0.206,5121,33.58702833654999,483.4569660966308,0.0,80.6404555600471,0.0,2.052832311018156,0.147635200449936
13,7.22301E+03,1779.5,0.605,0.798,0.109,0.192,22301,30.845331735862043,532.8902390791981,0.0,74.23037807122333,0.0,1.298308203919544,0.489539276143739
14,7.43711E+02,2281.7,5.328,2.04,0.474,0.882,4371,12.39272077109365,134.60869296656236,15.959067698896392,33.112337341459394,0.0,42.79978586723769,0.422088618020096
15,7.87316E+02,1679.3,6.916,1.916,0.431,0.171,8732,15.22976270305725,284.5455482487786,29.212104970211712,36.40973839905997,0.0,6.252447999340329,5.949411449421756
16,7.70627E+02,2281.7,4.894,3.061,0.76,0.696,7063,4.208287025399914,72.89904936666922,42.26240538267452,0.0,0.0,26.963070571144584,0.047149374315059
17,7.35018E+03,1843.0,6.999,1.758,0.407,0.333,35018,19.152642394642903,261.0541831153878,15.664322723908215,36.570133234641006,0.0,9.855868081256682,0.462620281273131
18,7.17507E+03,2542.4,6.241,1.996,0.379,0.313,17507,27.858034110475717,391.41686244068944,13.32617066011402,57.47942445007634,0.0,3.693574670868311,1.801292365584211
19,7.35436E+03,2649.599,5.785,1.642,0.328,0.252,35436,26.41756080268095,438.7000619717165,10.191553559817946,39.18237971391417,0.0,2.672657265929779,0.853634996749025
20,7.11300E+03,2281.7,0.448,0.754,0.12,0.393,11300,32.057487961659845,489.7347021671432,0.0,70.59901080784027,0.0,7.1346081859235255,1.642281991446116
21,7.20005E+03,2281.7,4.819,2.071,0.458,0.422,20005,25.025608937481863,330.604511386437,23.11838115546918,47.699318883220414,0.0,9.60086736667836,0.116068777498853
22,7.19905E+03,1758.3,5.541,1.326,0.277,0.193,19905,26.86646520042202,412.7586980209883,11.108599228651132,41.351714284422464,0.0,3.86171785631932,1.5580704522744848
23,7.24503E+03,2215.901,0.694,1.002,0.134,0.265,24502,34.75216078793627,721.3639816345271,0.0,74.36914600550963,0.0,0.606795224977044,0.01505968778696
24,7.12981E+03,1679.3,3.315,1.166,0.228,0.163,12981,24.182426273681894,396.8857235957237,11.458145564969008,64.65217210443849,0.0,1.911424173934746,1.562001691648526
25,7.28206E+03,1576.8,5.676,1.305,0.24,0.173,28206,32.08664439145956,629.6594161510898,3.73863683500158,30.325491459877536,0.0,1.154424175901316,0.066368222384597
26,7.14931E+03,1577.7,3.578,1.234,0.244,0.218,14931,19.678815390948746,307.2944147749876,8.013164398259214,50.06811250015069,0.0,5.168111294619716,0.074140155031284
27,7.37620E+00,2861.5,14.939,9.333,2.111,0.04,38,4.463205406326426,28.258373205741627,0.239234449760766,0.0,0.0,0.0,0.0
28,7.76990E+02,2527.2,3.482,3.046,0.717,0.856,7699,2.927109847097829,33.73128448517722,38.02370709810156,0.0,0.0,39.22192088282053,8.569858786121761
29,7.10083E+03,2212.9,2.617,2.478,0.657,0.748,10083,2.568417997307553,54.73326549375608,37.75718787099769,0.0,0.0,34.11973685385034,6.057360147818868
30,7.31632E+02,2375.6,3.847,3.618,0.879,1.114,3163,2.552870526126334,40.06285031439384,46.60710729222978,0.0,0.0,33.90901072637779,2.728540131447918
31,7.28342E+03,2380.0,5.728,4.566,1.012,0.729,28342,4.410624211260036,52.966508316556265,40.11380884940015,0.0,0.0,22.40992778980928,0.330566440361495
32,7.37645E+03,1946.5,4.148,1.015,0.259,0.219,37645,11.57116200308904,221.8039844314069,8.30739364728721,23.717957913158237,0.0,5.579064641219476,31.17711187296487
1,8.14660E+03,1130.6,0.197,0.381,0.051,0.086,14660,27.435247076317104,562.4830869533188,0.0,74.97482994867765,0.0,1.028288682071556,0.0509540063354859
2,8.81630E+00,1328.2,3.529,1.499,0.277,0.182,82,12.954862920778917,339.04961411245864,41.12458654906284,34.619625137816975,0.0,16.5380374862183,0.0
3,8.50535E+02,1328.2,0.234,0.475,0.062,0.124,5054,41.958584091155615,641.3518076580588,0.0,68.74977738201247,0.0,0.309884238646482,0.003561887800534
4,8.38595E+03,1165.4,0.299,0.702,0.091,0.081,38595,35.874289922904694,809.4428144354899,0.0,64.04792552794568,0.0,0.282628162077457,0.665528691888665
5,8.26874E+03,1585.9,0.424,0.63,0.083,0.119,26874,31.515515664452156,814.6438522696067,0.0,70.19102606179545,0.0,0.517752965525554,0.00971205433392
6,8.12990E+03,1155.8,0.237,0.358,0.051,0.096,12990,25.634712806431136,491.1601676713088,0.0,62.08688422365413,0.0,2.404905425067553,0.016628559551029
7,8.12785E+03,1072.3,14.06,0.468,0.061,0.083,12785,32.66128311418672,710.7400128117587,0.0,29.085507929915455,7.052098805409095,0.52021371702908,0.002815771134123
8,8.12233E+03,1106.1,0.2,0.391,0.052,0.096,12233,30.18670878130093,625.6174932132689,0.0,77.79175586895907,0.0,0.680512333826246,0.0
9,8.19228E+03,1072.3,0.224,0.486,0.063,0.09,19228,34.36246307511638,820.1150807395272,0.0,77.95459864263984,0.0,0.482096887432716,0.000936110461034
10,8.40616E+03,999.5,0.341,0.52,0.068,0.077,40616,29.691034248570336,755.0618521292485,0.0,67.4080294979237,0.0,0.742766228068233,0.010636270568996
11,8.16266E+03,1309.1,0.215,0.337,0.047,0.118,16266,40.77669054742595,504.2856249654181,0.0,78.59071543185968,0.0,1.397665025175676,2.174514469097549
12,8.51207E+02,1371.2,0.198,0.305,0.044,0.115,5121,33.58702833654999,483.4569660966308,0.0,80.6404555600471,0.0,2.052832311018156,0.147635200449936
13,8.22301E+03,1226.3,0.152,0.355,0.049,0.12,22301,30.845331735862043,532.8902390791981,0.0,74.23037807122333,0.0,1.298308203919544,0.489539276143739
14,8.43711E+02,1470.0,2.956,0.787,0.197,0.446,4371,12.39272077109365,134.60869296656236,15.959067698896392,33.112337341459394,0.0,42.79978586723769,0.422088618020096
15,8.87316E+02,1180.0,4.099,0.8,0.175,0.104,8732,15.22976270305725,284.5455482487786,29.212104970211712,36.40973839905997,0.0,6.252447999340329,5.949411449421756
16,8.70627E+02,1470.0,2.527,1.859,0.461,0.382,7063,4.208287025399914,72.89904936666922,42.26240538267452,0.0,0.0,26.963070571144584,0.047149374315059
17,8.35018E+03,1210.3,3.566,0.567,0.13,0.18,35018,19.152642394642903,261.0541831153878,15.664322723908215,36.570133234641006,0.0,9.855868081256682,0.462620281273131
18,8.17507E+03,1638.4,3.02,0.62,0.112,0.163,17507,27.858034110475717,391.41686244068944,13.32617066011402,57.47942445007634,0.0,3.693574670868311,1.801292365584211
19,8.35436E+03,1704.399,3.602,0.622,0.111,0.149,35436,26.41756080268095,438.7000619717165,10.191553559817946,39.18237971391417,0.0,2.672657265929779,0.853634996749025
20,8.11300E+03,1470.0,0.111,0.282,0.05,0.206,11300,32.057487961659845,489.7347021671432,0.0,70.59901080784027,0.0,7.1346081859235255,1.642281991446116
21,8.20005E+03,1470.0,2.52,0.83,0.189,0.214,20005,25.025608937481863,330.604511386437,23.11838115546918,47.699318883220414,0.0,9.60086736667836,0.116068777498853
22,8.19905E+03,1439.5,3.821,0.595,0.119,0.142,19905,26.86646520042202,412.7586980209883,11.108599228651132,41.351714284422464,0.0,3.86171785631932,1.5580704522744848
23,8.24503E+03,1508.101,0.169,0.352,0.048,0.154,24502,34.75216078793627,721.3639816345271,0.0,74.36914600550963,0.0,0.606795224977044,0.01505968778696
24,8.12981E+03,1180.0,1.721,0.511,0.096,0.104,12981,24.182426273681894,396.8857235957237,11.458145564969008,64.65217210443849,0.0,1.911424173934746,1.562001691648526
25,8.28206E+03,1358.8,3.468,0.61,0.11,0.14,28206,32.08664439145956,629.6594161510898,3.73863683500158,30.325491459877536,0.0,1.154424175901316,0.066368222384597
26,8.14931E+03,1319.3,2.793,0.704,0.139,0.165,14931,19.678815390948746,307.2944147749876,8.013164398259214,50.06811250015069,0.0,5.168111294619716,0.074140155031284
27,8.37620E+00,1843.8,8.436,3.66,0.818,0.016,38,4.463205406326426,28.258373205741627,0.239234449760766,0.0,0.0,0.0,0.0
28,8.76990E+02,1548.4,2.19,2.735,0.628,0.684,7699,2.927109847097829,33.73128448517722,38.02370709810156,0.0,0.0,39.22192088282053,8.569858786121761
29,8.10083E+03,1374.0,1.476,2.007,0.518,0.425,10083,2.568417997307553,54.73326549375608,37.75718787099769,0.0,0.0,34.11973685385034,6.057360147818868
30,8.31632E+02,1466.4,2.004,1.981,0.484,0.552,3163,2.552870526126334,40.06285031439384,46.60710729222978,0.0,0.0,33.90901072637779,2.728540131447918
31,8.28342E+03,1475.5,2.928,2.948,0.643,0.389,28342,4.410624211260036,52.966508316556265,40.11380884940015,0.0,0.0,22.40992778980928,0.330566440361495
32,8.37645E+03,1335.0,2.499,0.4,0.096,0.12,37645,11.57116200308904,221.8039844314069,8.30739364728721,23.717957913158237,0.0,5.579064641219476,31.17711187296487
1,9.14660E+03,785.1,0.08,0.086,0.012,0.065,14660,27.435247076317104,562.4830869533188,0.0,74.97482994867765,0.0,1.028288682071556,0.0509540063354859
2,9.81630E+00,764.3,2.697,0.58,0.106,0.108,82,12.954862920778917,339.04961411245864,41.12458654906284,34.619625137816975,0.0,16.5380374862183,0.0
3,9.50535E+02,764.3,0.04,0.067,0.009,0.078,5054,41.958584091155615,641.3518076580588,0.0,68.74977738201247,0.0,0.309884238646482,0.003561887800534
4,9.38595E+03,717.1,0.059,0.073,0.01,0.051,38595,35.874289922904694,809.4428144354899,0.0,64.04792552794568,0.0,0.282628162077457,0.665528691888665
5,9.26874E+03,735.1,0.062,0.076,0.01,0.06,26874,31.515515664452156,814.6438522696067,0.0,70.19102606179545,0.0,0.517752965525554,0.00971205433392
6,9.12990E+03,897.7,0.083,0.096,0.016,0.082,12990,25.634712806431136,491.1601676713088,0.0,62.08688422365413,0.0,2.404905425067553,0.016628559551029
7,9.12785E+03,686.9,5.778,0.068,0.009,0.056,12785,32.66128311418672,710.7400128117587,0.0,29.085507929915455,7.052098805409095,0.52021371702908,0.002815771134123
8,9.12233E+03,813.2,0.074,0.104,0.014,0.078,12233,30.18670878130093,625.6174932132689,0.0,77.79175586895907,0.0,0.680512333826246,0.0
9,9.19228E+03,686.9,0.048,0.074,0.01,0.061,19228,34.36246307511638,820.1150807395272,0.0,77.95459864263984,0.0,0.482096887432716,0.000936110461034
10,9.40616E+03,947.2,0.106,0.121,0.017,0.081,40616,29.691034248570336,755.0618521292485,0.0,67.4080294979237,0.0,0.742766228068233,0.010636270568996
11,9.16266E+03,750.2,0.043,0.059,0.009,0.068,16266,40.77669054742595,504.2856249654181,0.0,78.59071543185968,0.0,1.397665025175676,2.174514469097549
12,9.51207E+02,845.3,0.059,0.073,0.012,0.077,5121,33.58702833654999,483.4569660966308,0.0,80.6404555600471,0.0,2.052832311018156,0.147635200449936
13,9.22301E+03,660.1,0.042,0.064,0.01,0.065,22301,30.845331735862043,532.8902390791981,0.0,74.23037807122333,0.0,1.298308203919544,0.489539276143739
14,9.43711E+02,661.7,1.218,0.208,0.058,0.184,4371,12.39272077109365,134.60869296656236,15.959067698896392,33.112337341459394,0.0,42.79978586723769,0.422088618020096
15,9.87316E+02,598.0,1.561,0.211,0.047,0.052,8732,15.22976270305725,284.5455482487786,29.212104970211712,36.40973839905997,0.0,6.252447999340329,5.949411449421756
16,9.70627E+02,661.7,0.985,0.488,0.123,0.145,7063,4.208287025399914,72.89904936666922,42.26240538267452,0.0,0.0,26.963070571144584,0.047149374315059
17,9.35018E+03,557.1,1.455,0.182,0.043,0.084,35018,19.152642394642903,261.0541831153878,15.664322723908215,36.570133234641006,0.0,9.855868081256682,0.462620281273131
18,9.17507E+03,669.0,1.144,0.128,0.024,0.069,17507,27.858034110475717,391.41686244068944,13.32617066011402,57.47942445007634,0.0,3.693574670868311,1.801292365584211
19,9.35436E+03,666.4,1.035,0.084,0.017,0.051,35436,26.41756080268095,438.7000619717165,10.191553559817946,39.18237971391417,0.0,2.672657265929779,0.853634996749025
20,9.11300E+03,661.7,0.039,0.069,0.014,0.094,11300,32.057487961659845,489.7347021671432,0.0,70.59901080784027,0.0,7.1346081859235255,1.642281991446116
21,9.20005E+03,661.7,0.955,0.202,0.047,0.094,20005,25.025608937481863,330.604511386437,23.11838115546918,47.699318883220414,0.0,9.60086736667836,0.116068777498853
22,9.19905E+03,626.6,1.604,0.132,0.028,0.06,19905,26.86646520042202,412.7586980209883,11.108599228651132,41.351714284422464,0.0,3.86171785631932,1.5580704522744848
23,9.24503E+03,744.6,0.044,0.074,0.01,0.083,24502,34.75216078793627,721.3639816345271,0.0,74.36914600550963,0.0,0.606795224977044,0.01505968778696
24,9.12981E+03,598.0,0.721,0.115,0.023,0.051,12981,24.182426273681894,396.8857235957237,11.458145564969008,64.65217210443849,0.0,1.911424173934746,1.562001691648526
25,9.28206E+03,678.7,1.702,0.124,0.023,0.072,28206,32.08664439145956,629.6594161510898,3.73863683500158,30.325491459877536,0.0,1.154424175901316,0.066368222384597
26,9.14931E+03,650.4,1.307,0.201,0.041,0.079,14931,19.678815390948746,307.2944147749876,8.013164398259214,50.06811250015069,0.0,5.168111294619716,0.074140155031284
27,9.37620E+00,701.7,3.74,1.054,0.229,0.006,38,4.463205406326426,28.258373205741627,0.239234449760766,0.0,0.0,0.0,0.0
28,9.76990E+02,625.4,0.724,0.52,0.123,0.174,7699,2.927109847097829,33.73128448517722,38.02370709810156,0.0,0.0,39.22192088282053,8.569858786121761
29,9.10083E+03,594.5,0.569,0.498,0.13,0.145,10083,2.568417997307553,54.73326549375608,37.75718787099769,0.0,0.0,34.11973685385034,6.057360147818868
30,9.31632E+02,608.2,0.761,0.562,0.139,0.19,3163,2.552870526126334,40.06285031439384,46.60710729222978,0.0,0.0,33.90901072637779,2.728540131447918
31,9.28342E+03,618.4,1.38,0.814,0.177,0.138,28342,4.410624211260036,52.966508316556265,40.11380884940015,0.0,0.0,22.40992778980928,0.330566440361495
32,9.37645E+03,624.9,0.955,0.099,0.025,0.055,37645,11.57116200308904,221.8039844314069,8.30739364728721,23.717957913158237,0.0,5.579064641219476,31.17711187296487
1,10.14660E+03,142.1,0.002,0.003,0.001,0.003,14660,27.435247076317104,562.4830869533188,0.0,74.97482994867765,0.0,1.028288682071556,0.0509540063354859
2,10.81630E+00,130.2,0.094,0.055,0.007,0.006,82,12.954862920778917,339.04961411245864,41.12458654906284,34.619625137816975,0.0,16.5380374862183,0.0
3,10.50535E+02,130.2,0.001,0.003,0.0,0.003,5054,41.958584091155615,641.3518076580588,0.0,68.74977738201247,0.0,0.309884238646482,0.003561887800534
4,10.38595E+03,109.4,0.001,0.001,0.0,0.001,38595,35.874289922904694,809.4428144354899,0.0,64.04792552794568,0.0,0.282628162077457,0.665528691888665
5,10.26874E+03,123.5,0.001,0.002,0.0,0.002,26874,31.515515664452156,814.6438522696067,0.0,70.19102606179545,0.0,0.517752965525554,0.00971205433392
6,10.12990E+03,178.4,0.004,0.007,0.001,0.006,12990,25.634712806431136,491.1601676713088,0.0,62.08688422365413,0.0,2.404905425067553,0.016628559551029
7,10.12785E+03,117.6,0.246,0.002,0.0,0.002,12785,32.66128311418672,710.7400128117587,0.0,29.085507929915455,7.052098805409095,0.52021371702908,0.002815771134123
8,10.12233E+03,172.7,0.003,0.005,0.001,0.007,12233,30.18670878130093,625.6174932132689,0.0,77.79175586895907,0.0,0.680512333826246,0.0
9,10.19228E+03,117.6,0.001,0.002,0.0,0.002,19228,34.36246307511638,820.1150807395272,0.0,77.95459864263984,0.0,0.482096887432716,0.000936110461034
10,10.40616E+03,199.9,0.005,0.008,0.001,0.008,40616,29.691034248570336,755.0618521292485,0.0,67.4080294979237,0.0,0.742766228068233,0.010636270568996
11,10.16266E+03,154.7,0.001,0.002,0.0,0.002,16266,40.77669054742595,504.2856249654181,0.0,78.59071543185968,0.0,1.397665025175676,2.174514469097549
12,10.51207E+02,161.1,0.001,0.005,0.001,0.002,5121,33.58702833654999,483.4569660966308,0.0,80.6404555600471,0.0,2.052832311018156,0.147635200449936
13,10.22301E+03,151.5,0.001,0.003,0.001,0.003,22301,30.845331735862043,532.8902390791981,0.0,74.23037807122333,0.0,1.298308203919544,0.489539276143739
14,10.43711E+02,102.8,0.047,0.012,0.004,0.007,4371,12.39272077109365,134.60869296656236,15.959067698896392,33.112337341459394,0.0,42.79978586723769,0.422088618020096
15,10.87316E+02,151.4,0.132,0.017,0.004,0.004,8732,15.22976270305725,284.5455482487786,29.212104970211712,36.40973839905997,0.0,6.252447999340329,5.949411449421756
16,10.70627E+02,102.8,0.028,0.015,0.005,0.006,7063,4.208287025399914,72.89904936666922,42.26240538267452,0.0,0.0,26.963070571144584,0.047149374315059
17,10.35018E+03,83.1,0.027,0.004,0.001,0.002,35018,19.152642394642903,261.0541831153878,15.664322723908215,36.570133234641006,0.0,9.855868081256682,0.462620281273131
18,10.17507E+03,114.6,0.05,0.005,0.001,0.003,17507,27.858034110475717,391.41686244068944,13.32617066011402,57.47942445007634,0.0,3.693574670868311,1.801292365584211
19,10.35436E+03,118.0,0.035,0.003,0.001,0.001,35436,26.41756080268095,438.7000619717165,10.191553559817946,39.18237971391417,0.0,2.672657265929779,0.853634996749025
20,10.11300E+03,102.8,0.001,0.003,0.001,0.003,11300,32.057487961659845,489.7347021671432,0.0,70.59901080784027,0.0,7.1346081859235255,1.642281991446116
21,10.20005E+03,102.8,0.029,0.006,0.002,0.003,20005,25.025608937481863,330.604511386437,23.11838115546918,47.699318883220414,0.0,9.60086736667836,0.116068777498853
22,10.19905E+03,128.4,0.048,0.005,0.001,0.003,19905,26.86646520042202,412.7586980209883,11.108599228651132,41.351714284422464,0.0,3.86171785631932,1.5580704522744848
23,10.24503E+03,121.6,0.001,0.002,0.0,0.002,24502,34.75216078793627,721.3639816345271,0.0,74.36914600550963,0.0,0.606795224977044,0.01505968778696
24,10.12981E+03,151.4,0.051,0.007,0.002,0.003,12981,24.182426273681894,396.8857235957237,11.458145564969008,64.65217210443849,0.0,1.911424173934746,1.562001691648526
25,10.28206E+03,170.6,0.126,0.009,0.002,0.008,28206,32.08664439145956,629.6594161510898,3.73863683500158,30.325491459877536,0.0,1.154424175901316,0.066368222384597
26,10.14931E+03,168.6,0.099,0.017,0.004,0.008,14931,19.678815390948746,307.2944147749876,8.013164398259214,50.06811250015069,0.0,5.168111294619716,0.074140155031284
27,10.37620E+00,54.5,0.02,0.004,0.001,0.0,38,4.463205406326426,28.258373205741627,0.239234449760766,0.0,0.0,0.0,0.0
28,10.76990E+02,68.7,0.01,0.01,0.003,0.006,7699,2.927109847097829,33.73128448517722,38.02370709810156,0.0,0.0,39.22192088282053,8.569858786121761
29,10.10083E+03,76.6,0.003,0.005,0.003,0.005,10083,2.568417997307553,54.73326549375608,37.75718787099769,0.0,0.0,34.11973685385034,6.057360147818868
30,10.31632E+02,85.2,0.012,0.014,0.004,0.008,3163,2.552870526126334,40.06285031439384,46.60710729222978,0.0,0.0,33.90901072637779,2.728540131447918
31,10.28342E+03,62.1,0.021,0.011,0.003,0.004,28342,4.410624211260036,52.966508316556265,40.11380884940015,0.0,0.0,22.40992778980928,0.330566440361495
32,10.37645E+03,111.0,0.034,0.004,0.001,0.002,37645,11.57116200308904,221.8039844314069,8.30739364728721,23.717957913158237,0.0,5.579064641219476,31.17711187296487
1,11.14660E+03,121.3,0.001,0.003,0.0,0.003,14660,27.435247076317104,562.4830869533188,0.0,74.97482994867765,0.0,1.028288682071556,0.0509540063354859
2,11.81630E+00,120.1,0.139,0.057,0.009,0.01,82,12.954862920778917,339.04961411245864,41.12458654906284,34.619625137816975,0.0,16.5380374862183,0.0
3,11.50535E+02,120.1,0.002,0.003,0.0,0.007,5054,41.958584091155615,641.3518076580588,0.0,68.74977738201247,0.0,0.309884238646482,0.003561887800534
4,11.38595E+03,124.3,0.002,0.002,0.0,0.003,38595,35.874289922904694,809.4428144354899,0.0,64.04792552794568,0.0,0.282628162077457,0.665528691888665
5,11.26874E+03,119.3,0.002,0.003,0.0,0.005,26874,31.515515664452156,814.6438522696067,0.0,70.19102606179545,0.0,0.517752965525554,0.00971205433392
6,11.12990E+03,119.5,0.003,0.004,0.001,0.005,12990,25.634712806431136,491.1601676713088,0.0,62.08688422365413,0.0,2.404905425067553,0.016628559551029
7,11.12785E+03,123.7,0.385,0.003,0.0,0.003,12785,32.66128311418672,710.7400128117587,0.0,29.085507929915455,7.052098805409095,0.52021371702908,0.002815771134123
8,11.12233E+03,121.9,0.002,0.004,0.001,0.006,12233,30.18670878130093,625.6174932132689,0.0,77.79175586895907,0.0,0.680512333826246,0.0
9,11.19228E+03,123.7,0.001,0.002,0.0,0.003,19228,34.36246307511638,820.1150807395272,0.0,77.95459864263984,0.0,0.482096887432716,0.000936110461034
10,11.40616E+03,121.5,0.002,0.002,0.0,0.003,40616,29.691034248570336,755.0618521292485,0.0,67.4080294979237,0.0,0.742766228068233,0.010636270568996
11,11.16266E+03,121.3,0.001,0.002,0.0,0.004,16266,40.77669054742595,504.2856249654181,0.0,78.59071543185968,0.0,1.397665025175676,2.174514469097549
12,11.51207E+02,118.4,0.001,0.003,0.001,0.003,5121,33.58702833654999,483.4569660966308,0.0,80.6404555600471,0.0,2.052832311018156,0.147635200449936
13,11.22301E+03,124.8,0.001,0.003,0.001,0.005,22301,30.845331735862043,532.8902390791981,0.0,74.23037807122333,0.0,1.298308203919544,0.489539276143739
14,11.43711E+02,113.9,0.132,0.02,0.006,0.017,4371,12.39272077109365,134.60869296656236,15.959067698896392,33.112337341459394,0.0,42.79978586723769,0.422088618020096
15,11.87316E+02,128.8,0.213,0.02,0.005,0.006,8732,15.22976270305725,284.5455482487786,29.212104970211712,36.40973839905997,0.0,6.252447999340329,5.949411449421756
16,11.70627E+02,113.9,0.097,0.041,0.011,0.015,7063,4.208287025399914,72.89904936666922,42.26240538267452,0.0,0.0,26.963070571144584,0.047149374315059
17,11.35018E+03,128.2,0.215,0.017,0.004,0.01,35018,19.152642394642903,261.0541831153878,15.664322723908215,36.570133234641006,0.0,9.855868081256682,0.462620281273131
18,11.17507E+03,114.7,0.072,0.01,0.002,0.006,17507,27.858034110475717,391.41686244068944,13.32617066011402,57.47942445007634,0.0,3.693574670868311,1.801292365584211
19,11.35436E+03,117.2,0.072,0.005,0.001,0.003,35436,26.41756080268095,438.7000619717165,10.191553559817946,39.18237971391417,0.0,2.672657265929779,0.853634996749025
20,11.11300E+03,113.9,0.002,0.005,0.001,0.008,11300,32.057487961659845,489.7347021671432,0.0,70.59901080784027,0.0,7.1346081859235255,1.642281991446116
21,11.20005E+03,113.9,0.088,0.015,0.004,0.008,20005,25.025608937481863,330.604511386437,23.11838115546918,47.699318883220414,0.0,9.60086736667836,0.116068777498853
22,11.19905E+03,139.8,0.15,0.012,0.003,0.008,19905,26.86646520042202,412.7586980209883,11.108599228651132,41.351714284422464,0.0,3.86171785631932,1.5580704522744848
23,11.24503E+03,115.8,0.001,0.002,0.0,0.006,24502,34.75216078793627,721.3639816345271,0.0,74.36914600550963,0.0,0.606795224977044,0.01505968778696
24,11.12981E+03,128.8,0.091,0.009,0.002,0.005,12981,24.182426273681894,396.8857235957237,11.458145564969008,64.65217210443849,0.0,1.911424173934746,1.562001691648526
25,11.28206E+03,143.5,0.137,0.011,0.002,0.01,28206,32.08664439145956,629.6594161510898,3.73863683500158,30.325491459877536,0.0,1.154424175901316,0.066368222384597
26,11.14931E+03,139.4,0.107,0.017,0.004,0.011,14931,19.678815390948746,307.2944147749876,8.013164398259214,50.06811250015069,0.0,5.168111294619716,0.074140155031284
27,11.37620E+00,132.2,0.231,0.21,0.077,0.018,38,4.463205406326426,28.258373205741627,0.239234449760766,0.0,0.0,0.0,0.0
28,11.76990E+02,113.1,0.063,0.046,0.012,0.025,7699,2.927109847097829,33.73128448517722,38.02370709810156,0.0,0.0,39.22192088282053,8.569858786121761
29,11.10083E+03,117.3,0.05,0.04,0.012,0.02,10083,2.568417997307553,54.73326549375608,37.75718787099769,0.0,0.0,34.11973685385034,6.057360147818868
30,11.31632E+02,111.9,0.058,0.042,0.011,0.024,3163,2.552870526126334,40.06285031439384,46.60710729222978,0.0,0.0,33.90901072637779,2.728540131447918
31,11.28342E+03,119.1,0.128,0.068,0.015,0.02,28342,4.410624211260036,52.966508316556265,40.11380884940015,0.0,0.0,22.40992778980928,0.330566440361495
32,11.37645E+03,124.8,0.123,0.012,0.003,0.006,37645,11.57116200308904,221.8039844314069,8.30739364728721,23.717957913158237,0.0,5.579064641219476,31.17711187296487
1,12.14660E+03,144.5,0.0,0.0,0.0,0.0,14660,27.435247076317104,562.4830869533188,0.0,74.97482994867765,0.0,1.028288682071556,0.0509540063354859
2,12.81630E+00,151.4,0.0,0.0,0.0,0.0,82,12.954862920778917,339.04961411245864,41.12458654906284,34.619625137816975,0.0,16.5380374862183,0.0
3,12.50535E+02,151.4,0.0,0.0,0.0,0.0,5054,41.958584091155615,641.3518076580588,0.0,68.74977738201247,0.0,0.309884238646482,0.003561887800534
4,12.38595E+03,155.8,0.0,0.0,0.0,0.0,38595,35.874289922904694,809.4428144354899,0.0,64.04792552794568,0.0,0.282628162077457,0.665528691888665
5,12.26874E+03,176.5,0.0,0.0,0.0,0.0,26874,31.515515664452156,814.6438522696067,0.0,70.19102606179545,0.0,0.517752965525554,0.00971205433392
6,12.12990E+03,141.2,0.0,0.0,0.0,0.0,12990,25.634712806431136,491.1601676713088,0.0,62.08688422365413,0.0,2.404905425067553,0.016628559551029
7,12.12785E+03,147.9,0.011,0.0,0.0,0.0,12785,32.66128311418672,710.7400128117587,0.0,29.085507929915455,7.052098805409095,0.52021371702908,0.002815771134123
8,12.12233E+03,143.4,0.0,0.0,0.0,0.0,12233,30.18670878130093,625.6174932132689,0.0,77.79175586895907,0.0,0.680512333826246,0.0
9,12.19228E+03,147.9,0.0,0.0,0.0,0.0,19228,34.36246307511638,820.1150807395272,0.0,77.95459864263984,0.0,0.482096887432716,0.000936110461034
10,12.40616E+03,134.4,0.0,0.0,0.0,0.0,40616,29.691034248570336,755.0618521292485,0.0,67.4080294979237,0.0,0.742766228068233,0.010636270568996
11,12.16266E+03,149.8,0.0,0.0,0.0,0.0,16266,40.77669054742595,504.2856249654181,0.0,78.59071543185968,0.0,1.397665025175676,2.174514469097549
12,12.51207E+02,147.8,0.0,0.0,0.0,0.0,5121,33.58702833654999,483.4569660966308,0.0,80.6404555600471,0.0,2.052832311018156,0.147635200449936
13,12.22301E+03,150.2,0.0,0.0,0.0,0.0,22301,30.845331735862043,532.8902390791981,0.0,74.23037807122333,0.0,1.298308203919544,0.489539276143739
14,12.43711E+02,164.1,0.001,0.0,0.0,0.0,4371,12.39272077109365,134.60869296656236,15.959067698896392,33.112337341459394,0.0,42.79978586723769,0.422088618020096
15,12.87316E+02,148.9,0.0,0.0,0.0,0.0,8732,15.22976270305725,284.5455482487786,29.212104970211712,36.40973839905997,0.0,6.252447999340329,5.949411449421756
16,12.70627E+02,164.1,0.0,0.0,0.0,0.0,7063,4.208287025399914,72.89904936666922,42.26240538267452,0.0,0.0,26.963070571144584,0.047149374315059
17,12.35018E+03,149.2,0.0,0.0,0.0,0.0,35018,19.152642394642903,261.0541831153878,15.664322723908215,36.570133234641006,0.0,9.855868081256682,0.462620281273131
18,12.17507E+03,181.3,0.0,0.0,0.0,0.0,17507,27.858034110475717,391.41686244068944,13.32617066011402,57.47942445007634,0.0,3.693574670868311,1.801292365584211
19,12.35436E+03,190.1,0.0,0.0,0.0,0.0,35436,26.41756080268095,438.7000619717165,10.191553559817946,39.18237971391417,0.0,2.672657265929779,0.853634996749025
20,12.11300E+03,164.1,0.0,0.0,0.0,0.0,11300,32.057487961659845,489.7347021671432,0.0,70.59901080784027,0.0,7.1346081859235255,1.642281991446116
21,12.20005E+03,164.1,0.0,0.0,0.0,0.0,20005,25.025608937481863,330.604511386437,23.11838115546918,47.699318883220414,0.0,9.60086736667836,0.116068777498853
22,12.19905E+03,138.0,0.0,0.0,0.0,0.0,19905,26.86646520042202,412.7586980209883,11.108599228651132,41.351714284422464,0.0,3.86171785631932,1.5580704522744848
23,12.24503E+03,156.9,0.0,0.0,0.0,0.0,24502,34.75216078793627,721.3639816345271,0.0,74.36914600550963,0.0,0.606795224977044,0.01505968778696
24,12.12981E+03,148.9,0.0,0.0,0.0,0.0,12981,24.182426273681894,396.8857235957237,11.458145564969008,64.65217210443849,0.0,1.911424173934746,1.562001691648526
25,12.28206E+03,132.0,0.0,0.0,0.0,0.0,28206,32.08664439145956,629.6594161510898,3.73863683500158,30.325491459877536,0.0,1.154424175901316,0.066368222384597
26,12.14931E+03,136.3,0.0,0.0,0.0,0.0,14931,19.678815390948746,307.2944147749876,8.013164398259214,50.06811250015069,0.0,5.168111294619716,0.074140155031284
27,12.37620E+00,154.5,0.003,0.001,0.0,0.0,38,4.463205406326426,28.258373205741627,0.239234449760766,0.0,0.0,0.0,0.0
28,12.76990E+02,165.9,0.001,0.001,0.0,0.0,7699,2.927109847097829,33.73128448517722,38.02370709810156,0.0,0.0,39.22192088282053,8.569858786121761
29,12.10083E+03,161.4,0.0,0.0,0.0,0.0,10083,2.568417997307553,54.73326549375608,37.75718787099769,0.0,0.0,34.11973685385034,6.057360147818868
30,12.31632E+02,168.2,0.002,0.001,0.0,0.001,3163,2.552870526126334,40.06285031439384,46.60710729222978,0.0,0.0,33.90901072637779,2.728540131447918
31,12.28342E+03,159.0,0.001,0.001,0.0,0.0,28342,4.410624211260036,52.966508316556265,40.11380884940015,0.0,0.0,22.40992778980928,0.330566440361495
32,12.37645E+03,151.5,0.0,0.0,0.0,0.0,37645,11.57116200308904,221.8039844314069,8.30739364728721,23.717957913158237,0.0,5.579064641219476,31.17711187296487
1,2023.14660E+03,5418.898,1.822,2.223,0.297,0.388,14660,27.435247076317104,562.4830869533188,0.0,74.97482994867765,0.0,1.028288682071556,0.0509540063354859
2,2023.81630E+00,5793.6,16.197,7.584,1.46,0.869,82,12.954862920778917,339.04961411245864,41.12458654906284,34.619625137816975,0.0,16.5380374862183,0.0
3,2023.50535E+02,5793.601,1.509,2.379,0.31,0.522,5054,41.958584091155615,641.3518076580588,0.0,68.74977738201247,0.0,0.309884238646482,0.003561887800534
4,2023.38595E+03,5547.1,2.601,3.44,0.448,0.361,38595,35.874289922904694,809.4428144354899,0.0,64.04792552794568,0.0,0.282628162077457,0.665528691888665
5,2023.26874E+03,6420.099,2.261,2.853,0.376,0.481,26874,31.515515664452156,814.6438522696067,0.0,70.19102606179545,0.0,0.517752965525554,0.00971205433392
6,2023.12990E+03,5619.6,1.85,2.015,0.283,0.453,12990,25.634712806431136,491.1601676713088,0.0,62.08688422365413,0.0,2.404905425067553,0.016628559551029
7,2023.12785E+03,5170.599,55.006,4.037,0.544,0.383,12785,32.66128311418672,710.7400128117587,0.0,29.085507929915455,7.052098805409095,0.52021371702908,0.002815771134123
8,2023.12233E+03,5345.198,1.566,2.173,0.287,0.444,12233,30.18670878130093,625.6174932132689,0.0,77.79175586895907,0.0,0.680512333826246,0.0
9,2023.19228E+03,5170.599,1.639,2.589,0.338,0.402,19228,34.36246307511638,820.1150807395272,0.0,77.95459864263984,0.0,0.482096887432716,0.000936110461034
10,2023.40616E+03,5389.799,2.661,3.261,0.427,0.401,40616,29.691034248570336,755.0618521292485,0.0,67.4080294979237,0.0,0.742766228068233,0.010636270568996
11,2023.16266E+03,5661.599,1.074,1.371,0.19,0.438,16266,40.77669054742595,504.2856249654181,0.0,78.59071543185968,0.0,1.397665025175676,2.174514469097549
12,2023.51207E+02,5961.699,1.366,1.569,0.221,0.469,5121,33.58702833654999,483.4569660966308,0.0,80.6404555600471,0.0,2.052832311018156,0.147635200449936
13,2023.22301E+03,5384.3,1.063,1.559,0.215,0.462,22301,30.845331735862043,532.8902390791981,0.0,74.23037807122333,0.0,1.298308203919544,0.489539276143739
14,2023.43711E+02,5959.201,11.202,3.889,0.955,1.922,4371,12.39272077109365,134.60869296656236,15.959067698896392,33.112337341459394,0.0,42.79978586723769,0.422088618020096
15,2023.87316E+02,5194.8,17.071,4.445,1.037,0.464,8732,15.22976270305725,284.5455482487786,29.212104970211712,36.40973839905997,0.0,6.252447999340329,5.949411449421756
16,2023.70627E+02,5959.2,9.635,6.274,1.59,1.602,7063,4.208287025399914,72.89904936666922,42.26240538267452,0.0,0.0,26.963070571144584,0.047149374315059
17,2023.35018E+03,5220.9,15.657,3.754,0.909,0.805,35018,19.152642394642903,261.0541831153878,15.664322723908215,36.570133234641006,0.0,9.855868081256682,0.462620281273131
18,2023.17507E+03,6390.4,11.863,3.42,0.667,0.643,17507,27.858034110475717,391.41686244068944,13.32617066011402,57.47942445007634,0.0,3.693574670868311,1.801292365584211
19,2023.35436E+03,6564.998,11.599,2.784,0.572,0.507,35436,26.41756080268095,438.7000619717165,10.191553559817946,39.18237971391417,0.0,2.672657265929779,0.853634996749025
20,2023.11300E+03,5959.2,0.812,1.407,0.233,0.827,11300,32.057487961659845,489.7347021671432,0.0,70.59901080784027,0.0,7.1346081859235255,1.642281991446116
21,2023.20005E+03,5959.201,9.64,3.777,0.864,0.911,20005,25.025608937481863,330.604511386437,23.11838115546918,47.699318883220414,0.0,9.60086736667836,0.116068777498853
22,2023.19905E+03,5622.401,14.144,3.137,0.678,0.529,19905,26.86646520042202,412.7586980209883,11.108599228651132,41.351714284422464,0.0,3.86171785631932,1.5580704522744848
23,2023.24503E+03,6110.402,1.231,1.869,0.251,0.597,24502,34.75216078793627,721.3639816345271,0.0,74.36914600550963,0.0,0.606795224977044,0.01505968778696
24,2023.12981E+03,5194.801,7.831,2.612,0.531,0.413,12981,24.182426273681894,396.8857235957237,11.458145564969008,64.65217210443849,0.0,1.911424173934746,1.562001691648526
25,2023.28206E+03,5498.2,14.877,3.567,0.709,0.552,28206,32.08664439145956,629.6594161510898,3.73863683500158,30.325491459877536,0.0,1.154424175901316,0.066368222384597
26,2023.14931E+03,5380.698,10.207,3.296,0.677,0.651,14931,19.678815390948746,307.2944147749876,8.013164398259214,50.06811250015069,0.0,5.168111294619716,0.074140155031284
27,2023.37620E+00,6778.6,30.043,16.096,3.713,0.212,38,4.463205406326426,28.258373205741627,0.239234449760766,0.0,0.0,0.0,0.0
28,2023.76990E+02,6068.199,7.069,7.091,1.684,2.164,7699,2.927109847097829,33.73128448517722,38.02370709810156,0.0,0.0,39.22192088282053,8.569858786121761
29,2023.10083E+03,5658.301,5.204,5.609,1.498,1.72,10083,2.568417997307553,54.73326549375608,37.75718787099769,0.0,0.0,34.11973685385034,6.057360147818868
30,2023.31632E+02,5901.2,7.438,6.979,1.726,2.37,3163,2.552870526126334,40.06285031439384,46.60710729222978,0.0,0.0,33.90901072637779,2.728540131447918
31,2023.28342E+03,5873.601,11.43,9.669,2.166,1.648,28342,4.410624211260036,52.966508316556265,40.11380884940015,0.0,0.0,22.40992778980928,0.330566440361495
32,2023.37645E+03,5582.1,9.335,2.146,0.557,0.511,37645,11.57116200308904,221.8039844314069,8.30739364728721,23.717957913158237,0.0,5.579064641219476,31.17711187296487
1,1.14660E+03,32.9,0.0,0.0,0.0,0.0,14660,27.435247076317104,562.4830869533188,0.0,74.97482994867765,0.0,1.028288682071556,0.0509540063354859
2,1.81630E+00,26.8,0.001,0.007,0.001,0.0,82,12.954862920778917,339.04961411245864,41.12458654906284,34.619625137816975,0.0,16.5380374862183,0.0
3,1.50535E+02,26.8,0.0,0.0,0.0,0.0,5054,41.958584091155615,641.3518076580588,0.0,68.74977738201247,0.0,0.309884238646482,0.003561887800534
4,1.38595E+03,31.2,0.0,0.0,0.0,0.0,38595,35.874289922904694,809.4428144354899,0.0,64.04792552794568,0.0,0.282628162077457,0.665528691888665
5,1.26874E+03,18.1,0.0,0.0,0.0,0.0,26874,31.515515664452156,814.6438522696067,0.0,70.19102606179545,0.0,0.517752965525554,0.00971205433392
6,1.12990E+03,25.3,0.0,0.0,0.0,0.0,12990,25.634712806431136,491.1601676713088,0.0,62.08688422365413,0.0,2.404905425067553,0.016628559551029
7,1.12785E+03,36.5,0.019,0.004,0.001,0.0,12785,32.66128311418672,710.7400128117587,0.0,29.085507929915455,7.052098805409095,0.52021371702908,0.002815771134123
8,1.12233E+03,22.3,0.0,0.0,0.0,0.0,12233,30.18670878130093,625.6174932132689,0.0,77.79175586895907,0.0,0.680512333826246,0.0
9,1.19228E+03,36.5,0.0,0.0,0.0,0.0,19228,34.36246307511638,820.1150807395272,0.0,77.95459864263984,0.0,0.482096887432716,0.000936110461034
10,1.40616E+03,31.2,0.0,0.0,0.0,0.0,40616,29.691034248570336,755.0618521292485,0.0,67.4080294979237,0.0,0.742766228068233,0.010636270568996
11,1.16266E+03,17.8,0.0,0.0,0.0,0.0,16266,40.77669054742595,504.2856249654181,0.0,78.59071543185968,0.0,1.397665025175676,2.174514469097549
12,1.51207E+02,20.3,0.0,0.0,0.0,0.0,5121,33.58702833654999,483.4569660966308,0.0,80.6404555600471,0.0,2.052832311018156,0.147635200449936
13,1.22301E+03,17.0,0.0,0.0,0.0,0.0,22301,30.845331735862043,532.8902390791981,0.0,74.23037807122333,0.0,1.298308203919544,0.489539276143739
14,1.43711E+02,10.7,0.03,0.024,0.008,0.003,4371,12.39272077109365,134.60869296656236,15.959067698896392,33.112337341459394,0.0,42.79978586723769,0.422088618020096
15,1.87316E+02,16.4,0.007,0.005,0.002,0.0,8732,15.22976270305725,284.5455482487786,29.212104970211712,36.40973839905997,0.0,6.252447999340329,5.949411449421756
16,1.70627E+02,10.7,0.017,0.018,0.006,0.002,7063,4.208287025399914,72.89904936666922,42.26240538267452,0.0,0.0,26.963070571144584,0.047149374315059
17,1.35018E+03,9.6,0.021,0.014,0.005,0.001,35018,19.152642394642903,261.0541831153878,15.664322723908215,36.570133234641006,0.0,9.855868081256682,0.462620281273131
18,1.17507E+03,13.1,0.02,0.017,0.006,0.001,17507,27.858034110475717,391.41686244068944,13.32617066011402,57.47942445007634,0.0,3.693574670868311,1.801292365584211
19,1.35436E+03,14.7,0.012,0.009,0.004,0.0,35436,26.41756080268095,438.7000619717165,10.191553559817946,39.18237971391417,0.0,2.672657265929779,0.853634996749025
20,1.11300E+03,10.7,0.001,0.002,0.0,0.001,11300,32.057487961659845,489.7347021671432,0.0,70.59901080784027,0.0,7.1346081859235255,1.642281991446116
21,1.20005E+03,10.7,0.021,0.015,0.005,0.001,20005,25.025608937481863,330.604511386437,23.11838115546918,47.699318883220414,0.0,9.60086736667836,0.116068777498853
22,1.19905E+03,11.9,0.006,0.003,0.001,0.0,19905,26.86646520042202,412.7586980209883,11.108599228651132,41.351714284422464,0.0,3.86171785631932,1.5580704522744848
23,1.24503E+03,13.8,0.0,0.0,0.0,0.0,24502,34.75216078793627,721.3639816345271,0.0,74.36914600550963,0.0,0.606795224977044,0.01505968778696
24,1.12981E+03,16.4,0.002,0.002,0.001,0.0,12981,24.182426273681894,396.8857235957237,11.458145564969008,64.65217210443849,0.0,1.911424173934746,1.562001691648526
25,1.28206E+03,16.4,0.006,0.003,0.001,0.0,28206,32.08664439145956,629.6594161510898,3.73863683500158,30.325491459877536,0.0,1.154424175901316,0.066368222384597
26,1.14931E+03,16.4,0.005,0.003,0.001,0.0,14931,19.678815390948746,307.2944147749876,8.013164398259214,50.06811250015069,0.0,5.168111294619716,0.074140155031284
27,1.37620E+00,3.4,0.393,0.262,0.066,0.01,38,4.463205406326426,28.258373205741627,0.239234449760766,0.0,0.0,0.0,0.0
28,1.76990E+02,6.3,0.019,0.035,0.01,0.006,7699,2.927109847097829,33.73128448517722,38.02370709810156,0.0,0.0,39.22192088282053,8.569858786121761
29,1.10083E+03,8.0,0.008,0.015,0.004,0.003,10083,2.568417997307553,54.73326549375608,37.75718787099769,0.0,0.0,34.11973685385034,6.057360147818868
30,1.31632E+02,8.1,0.101,0.119,0.034,0.018,3163,2.552870526126334,40.06285031439384,46.60710729222978,0.0,0.0,33.90901072637779,2.728540131447918
31,1.28342E+03,6.2,0.027,0.052,0.012,0.004,28342,4.410624211260036,52.966508316556265,40.11380884940015,0.0,0.0,22.40992778980928,0.330566440361495
32,1.37645E+03,12.6,0.011,0.007,0.002,0.0,37645,11.57116200308904,221.8039844314069,8.30739364728721,23.717957913158237,0.0,5.579064641219476,31.17711187296487
1,2.14660E+03,39.0,0.008,0.015,0.002,0.009,14660,27.435247076317104,562.4830869533188,0.0,74.97482994867765,0.0,1.028288682071556,0.0509540063354859
2,2.81630E+00,35.4,0.23,0.399,0.13,0.017,82,12.954862920778917,339.04961411245864,41.12458654906284,34.619625137816975,0.0,16.5380374862183,0.0
3,2.50535E+02,35.4,0.007,0.015,0.002,0.013,5054,41.958584091155615,641.3518076580588,0.0,68.74977738201247,0.0,0.309884238646482,0.003561887800534
4,2.38595E+03,40.9,0.017,0.025,0.003,0.014,38595,35.874289922904694,809.4428144354899,0.0,64.04792552794568,0.0,0.282628162077457,0.665528691888665
5,2.26874E+03,27.7,0.008,0.013,0.002,0.008,26874,31.515515664452156,814.6438522696067,0.0,70.19102606179545,0.0,0.517752965525554,0.00971205433392
6,2.12990E+03,30.4,0.009,0.016,0.003,0.009,12990,25.634712806431136,491.1601676713088,0.0,62.08688422365413,0.0,2.404905425067553,0.016628559551029
7,2.12785E+03,44.1,0.967,0.242,0.035,0.012,12785,32.66128311418672,710.7400128117587,0.0,29.085507929915455,7.052098805409095,0.52021371702908,0.002815771134123
8,2.12233E+03,29.7,0.007,0.014,0.002,0.01,12233,30.18670878130093,625.6174932132689,0.0,77.79175586895907,0.0,0.680512333826246,0.0
9,2.19228E+03,44.1,0.008,0.015,0.002,0.011,19228,34.36246307511638,820.1150807395272,0.0,77.95459864263984,0.0,0.482096887432716,0.000936110461034
10,2.40616E+03,33.0,0.008,0.015,0.002,0.009,40616,29.691034248570336,755.0618521292485,0.0,67.4080294979237,0.0,0.742766228068233,0.010636270568996
11,2.16266E+03,28.2,0.001,0.005,0.001,0.004,16266,40.77669054742595,504.2856249654181,0.0,78.59071543185968,0.0,1.397665025175676,2.174514469097549
12,2.51207E+02,28.2,0.003,0.009,0.002,0.005,5121,33.58702833654999,483.4569660966308,0.0,80.6404555600471,0.0,2.052832311018156,0.147635200449936
13,2.22301E+03,29.2,0.002,0.006,0.001,0.005,22301,30.845331735862043,532.8902390791981,0.0,74.23037807122333,0.0,1.298308203919544,0.489539276143739
14,2.43711E+02,24.7,0.162,0.169,0.057,0.032,4371,12.39272077109365,134.60869296656236,15.959067698896392,33.112337341459394,0.0,42.79978586723769,0.422088618020096
15,2.87316E+02,31.5,0.267,0.229,0.091,0.01,8732,15.22976270305725,284.5455482487786,29.212104970211712,36.40973839905997,0.0,6.252447999340329,5.949411449421756
16,2.70627E+02,24.7,0.108,0.152,0.051,0.027,7063,4.208287025399914,72.89904936666922,42.26240538267452,0.0,0.0,26.963070571144584,0.047149374315059
17,2.35018E+03,30.6,0.144,0.129,0.046,0.013,35018,19.152642394642903,261.0541831153878,15.664322723908215,36.570133234641006,0.0,9.855868081256682,0.462620281273131
18,2.17507E+03,23.9,0.139,0.153,0.055,0.011,17507,27.858034110475717,391.41686244068944,13.32617066011402,57.47942445007634,0.0,3.693574670868311,1.801292365584211
19,2.35436E+03,24.6,0.145,0.113,0.046,0.006,35436,26.41756080268095,438.7000619717165,10.191553559817946,39.18237971391417,0.0,2.672657265929779,0.853634996749025
20,2.11300E+03,24.7,0.008,0.018,0.004,0.013,11300,32.057487961659845,489.7347021671432,0.0,70.59901080784027,0.0,7.1346081859235255,1.642281991446116
21,2.20005E+03,24.7,0.109,0.11,0.037,0.013,20005,25.025608937481863,330.604511386437,23.11838115546918,47.699318883220414,0.0,9.60086736667836,0.116068777498853
22,2.19905E+03,39.4,0.126,0.091,0.033,0.007,19905,26.86646520042202,412.7586980209883,11.108599228651132,41.351714284422464,0.0,3.86171785631932,1.5580704522744848
23,2.24503E+03,26.1,0.005,0.011,0.002,0.011,24502,34.75216078793627,721.3639816345271,0.0,74.36914600550963,0.0,0.606795224977044,0.01505968778696
24,2.12981E+03,31.5,0.122,0.1,0.039,0.007,12981,24.182426273681894,396.8857235957237,11.458145564969008,64.65217210443849,0.0,1.911424173934746,1.562001691648526
25,2.28206E+03,43.2,0.184,0.158,0.061,0.013,28206,32.08664439145956,629.6594161510898,3.73863683500158,30.325491459877536,0.0,1.154424175901316,0.066368222384597
26,2.14931E+03,39.5,0.13,0.112,0.036,0.014,14931,19.678815390948746,307.2944147749876,8.013164398259214,50.06811250015069,0.0,5.168111294619716,0.074140155031284
27,2.37620E+00,35.3,0.126,0.116,0.029,0.003,38,4.463205406326426,28.258373205741627,0.239234449760766,0.0,0.0,0.0,0.0
28,2.76990E+02,25.4,0.07,0.137,0.037,0.028,7699,2.927109847097829,33.73128448517722,38.02370709810156,0.0,0.0,39.22192088282053,8.569858786121761
29,2.10083E+03,26.3,0.048,0.095,0.027,0.023,10083,2.568417997307553,54.73326549375608,37.75718787099769,0.0,0.0,34.11973685385034,6.057360147818868
30,2.31632E+02,24.1,0.055,0.091,0.026,0.017,3163,2.552870526126334,40.06285031439384,46.60710729222978,0.0,0.0,33.90901072637779,2.728540131447918
31,2.28342E+03,27.6,0.13,0.262,0.058,0.023,28342,4.410624211260036,52.966508316556265,40.11380884940015,0.0,0.0,22.40992778980928,0.330566440361495
32,2.37645E+03,29.3,0.101,0.091,0.028,0.006,37645,11.57116200308904,221.8039844314069,8.30739364728721,23.717957913158237,0.0,5.579064641219476,31.17711187296487
1,3.14660E+03,157.2,0.011,0.018,0.002,0.009,14660,27.435247076317104,562.4830869533188,0.0,74.97482994867765,0.0,1.028288682071556,0.0509540063354859
2,3.81630E+00,146.5,0.268,0.323,0.097,0.035,82,12.954862920778917,339.04961411245864,41.12458654906284,34.619625137816975,0.0,16.5380374862183,0.0
3,3.50535E+02,146.5,0.01,0.015,0.002,0.011,5054,41.958584091155615,641.3518076580588,0.0,68.74977738201247,0.0,0.309884238646482,0.003561887800534
4,3.38595E+03,143.9,0.015,0.019,0.002,0.007,38595,35.874289922904694,809.4428144354899,0.0,64.04792552794568,0.0,0.282628162077457,0.665528691888665
5,3.26874E+03,135.4,0.017,0.02,0.003,0.01,26874,31.515515664452156,814.6438522696067,0.0,70.19102606179545,0.0,0.517752965525554,0.00971205433392
6,3.12990E+03,149.2,0.01,0.015,0.002,0.008,12990,25.634712806431136,491.1601676713088,0.0,62.08688422365413,0.0,2.404905425067553,0.016628559551029
7,3.12785E+03,164.8,0.841,0.209,0.029,0.014,12785,32.66128311418672,710.7400128117587,0.0,29.085507929915455,7.052098805409095,0.52021371702908,0.002815771134123
8,3.12233E+03,159.5,0.016,0.024,0.003,0.011,12233,30.18670878130093,625.6174932132689,0.0,77.79175586895907,0.0,0.680512333826246,0.0
9,3.19228E+03,164.8,0.015,0.025,0.003,0.013,19228,34.36246307511638,820.1150807395272,0.0,77.95459864263984,0.0,0.482096887432716,0.000936110461034
10,3.40616E+03,159.9,0.016,0.026,0.004,0.012,40616,29.691034248570336,755.0618521292485,0.0,67.4080294979237,0.0,0.742766228068233,0.010636270568996
11,3.16266E+03,150.1,0.005,0.008,0.001,0.006,16266,40.77669054742595,504.2856249654181,0.0,78.59071543185968,0.0,1.397665025175676,2.174514469097549
12,3.51207E+02,141.2,0.003,0.007,0.001,0.004,5121,33.58702833654999,483.4569660966308,0.0,80.6404555600471,0.0,2.052832311018156,0.147635200449936
13,3.22301E+03,152.4,0.012,0.015,0.002,0.008,22301,30.845331735862043,532.8902390791981,0.0,74.23037807122333,0.0,1.298308203919544,0.489539276143739
14,3.43711E+02,107.0,0.048,0.041,0.013,0.028,4371,12.39272077109365,134.60869296656236,15.959067698896392,33.112337341459394,0.0,42.79978586723769,0.422088618020096
15,3.87316E+02,155.7,0.236,0.159,0.058,0.021,8732,15.22976270305725,284.5455482487786,29.212104970211712,36.40973839905997,0.0,6.252447999340329,5.949411449421756
16,3.70627E+02,107.0,0.03,0.03,0.01,0.027,7063,4.208287025399914,72.89904936666922,42.26240538267452,0.0,0.0,26.963070571144584,0.047149374315059
17,3.35018E+03,98.4,0.078,0.038,0.012,0.01,35018,19.152642394642903,261.0541831153878,15.664322723908215,36.570133234641006,0.0,9.855868081256682,0.462620281273131
18,3.17507E+03,128.1,0.074,0.053,0.017,0.01,17507,27.858034110475717,391.41686244068944,13.32617066011402,57.47942445007634,0.0,3.693574670868311,1.801292365584211
19,3.35436E+03,139.3,0.056,0.036,0.013,0.006,35436,26.41756080268095,438.7000619717165,10.191553559817946,39.18237971391417,0.0,2.672657265929779,0.853634996749025
20,3.11300E+03,107.0,0.004,0.009,0.002,0.007,11300,32.057487961659845,489.7347021671432,0.0,70.59901080784027,0.0,7.1346081859235255,1.642281991446116
21,3.20005E+03,107.0,0.03,0.022,0.007,0.011,20005,25.025608937481863,330.604511386437,23.11838115546918,47.699318883220414,0.0,9.60086736667836,0.116068777498853
22,3.19905E+03,136.3,0.117,0.053,0.018,0.01,19905,26.86646520042202,412.7586980209883,11.108599228651132,41.351714284422464,0.0,3.86171785631932,1.5580704522744848
23,3.24503E+03,117.0,0.005,0.007,0.001,0.004,24502,34.75216078793627,721.3639816345271,0.0,74.36914600550963,0.0,0.606795224977044,0.01505968778696
24,3.12981E+03,155.7,0.1,0.068,0.024,0.011,12981,24.182426273681894,396.8857235957237,11.458145564969008,64.65217210443849,0.0,1.911424173934746,1.562001691648526
25,3.28206E+03,161.7,0.232,0.133,0.047,0.018,28206,32.08664439145956,629.6594161510898,3.73863683500158,30.325491459877536,0.0,1.154424175901316,0.066368222384597
26,3.14931E+03,172.4,0.167,0.095,0.028,0.022,14931,19.678815390948746,307.2944147749876,8.013164398259214,50.06811250015069,0.0,5.168111294619716,0.074140155031284
27,3.37620E+00,133.0,0.226,0.147,0.034,0.01,38,4.463205406326426,28.258373205741627,0.239234449760766,0.0,0.0,0.0,0.0
28,3.76990E+02,132.2,0.051,0.074,0.02,0.051,7699,2.927109847097829,33.73128448517722,38.02370709810156,0.0,0.0,39.22192088282053,8.569858786121761
29,3.10083E+03,101.4,0.01,0.017,0.006,0.024,10083,2.568417997307553,54.73326549375608,37.75718787099769,0.0,0.0,34.11973685385034,6.057360147818868
30,3.31632E+02,106.6,0.025,0.035,0.01,0.033,3163,2.552870526126334,40.06285031439384,46.60710729222978,0.0,0.0,33.90901072637779,2.728540131447918
31,3.28342E+03,124.6,0.075,0.118,0.025,0.044,28342,4.410624211260036,52.966508316556265,40.11380884940015,0.0,0.0,22.40992778980928,0.330566440361495
32,3.37645E+03,115.6,0.069,0.036,0.011,0.008,37645,11.57116200308904,221.8039844314069,8.30739364728721,23.717957913158237,0.0,5.579064641219476,31.17711187296487
1,4.14660E+03,565.6,0.278,0.282,0.038,0.051,14660,27.435247076317104,562.4830869533188,0.0,74.97482994867765,0.0,1.028288682071556,0.0509540063354859
2,4.81630E+00,616.7,2.176,1.799,0.553,0.28,82,12.954862920778917,339.04961411245864,41.12458654906284,34.619625137816975,0.0,16.5380374862183,0.0
3,4.50535E+02,616.7,0.192,0.262,0.034,0.067,5054,41.958584091155615,641.3518076580588,0.0,68.74977738201247,0.0,0.309884238646482,0.003561887800534
4,4.38595E+03,543.8,0.23,0.26,0.034,0.045,38595,35.874289922904694,809.4428144354899,0.0,64.04792552794568,0.0,0.282628162077457,0.665528691888665
5,4.26874E+03,515.7,0.256,0.256,0.034,0.044,26874,31.515515664452156,814.6438522696067,0.0,70.19102606179545,0.0,0.517752965525554,0.00971205433392
6,4.12990E+03,551.6,0.256,0.245,0.034,0.058,12990,25.634712806431136,491.1601676713088,0.0,62.08688422365413,0.0,2.404905425067553,0.016628559551029
7,4.12785E+03,552.3,5.944,0.86,0.118,0.053,12785,32.66128311418672,710.7400128117587,0.0,29.085507929915455,7.052098805409095,0.52021371702908,0.002815771134123
8,4.12233E+03,527.7,0.211,0.231,0.031,0.051,12233,30.18670878130093,625.6174932132689,0.0,77.79175586895907,0.0,0.680512333826246,0.0
9,4.19228E+03,552.3,0.199,0.251,0.033,0.052,19228,34.36246307511638,820.1150807395272,0.0,77.95459864263984,0.0,0.482096887432716,0.000936110461034
10,4.40616E+03,496.0,0.229,0.259,0.034,0.044,40616,29.691034248570336,755.0618521292485,0.0,67.4080294979237,0.0,0.742766228068233,0.010636270568996
11,4.16266E+03,570.5,0.237,0.23,0.031,0.049,16266,40.77669054742595,504.2856249654181,0.0,78.59071543185968,0.0,1.397665025175676,2.174514469097549
12,4.51207E+02,610.6,0.294,0.239,0.033,0.058,5121,33.58702833654999,483.4569660966308,0.0,80.6404555600471,0.0,2.052832311018156,0.147635200449936
13,4.22301E+03,490.0,0.201,0.202,0.028,0.045,22301,30.845331735862043,532.8902390791981,0.0,74.23037807122333,0.0,1.298308203919544,0.489539276143739
14,4.43711E+02,453.3,0.986,0.601,0.162,0.283,4371,12.39272077109365,134.60869296656236,15.959067698896392,33.112337341459394,0.0,42.79978586723769,0.422088618020096
15,4.87316E+02,432.2,1.443,0.719,0.239,0.105,8732,15.22976270305725,284.5455482487786,29.212104970211712,36.40973839905997,0.0,6.252447999340329,5.949411449421756
16,4.70627E+02,453.3,0.669,0.514,0.154,0.29,7063,4.208287025399914,72.89904936666922,42.26240538267452,0.0,0.0,26.963070571144584,0.047149374315059
17,4.35018E+03,355.9,1.062,0.507,0.135,0.092,35018,19.152642394642903,261.0541831153878,15.664322723908215,36.570133234641006,0.0,9.855868081256682,0.462620281273131
18,4.17507E+03,446.1,0.928,0.584,0.148,0.077,17507,27.858034110475717,391.41686244068944,13.32617066011402,57.47942445007634,0.0,3.693574670868311,1.801292365584211
19,4.35436E+03,432.1,0.823,0.38,0.114,0.049,35436,26.41756080268095,438.7000619717165,10.191553559817946,39.18237971391417,0.0,2.672657265929779,0.853634996749025
20,4.11300E+03,453.3,0.269,0.321,0.046,0.081,11300,32.057487961659845,489.7347021671432,0.0,70.59901080784027,0.0,7.1346081859235255,1.642281991446116
21,4.20005E+03,453.3,0.82,0.494,0.125,0.133,20005,25.025608937481863,330.604511386437,23.11838115546918,47.699318883220414,0.0,9.60086736667836,0.116068777498853
22,4.19905E+03,428.1,1.221,0.534,0.151,0.068,19905,26.86646520042202,412.7586980209883,11.108599228651132,41.351714284422464,0.0,3.86171785631932,1.5580704522744848
23,4.24503E+03,566.2,0.222,0.262,0.035,0.06,24502,34.75216078793627,721.3639816345271,0.0,74.36914600550963,0.0,0.606795224977044,0.01505968778696
24,4.12981E+03,432.2,0.692,0.375,0.109,0.058,12981,24.182426273681894,396.8857235957237,11.458145564969008,64.65217210443849,0.0,1.911424173934746,1.562001691648526
25,4.28206E+03,489.7,1.211,0.608,0.18,0.084,28206,32.08664439145956,629.6594161510898,3.73863683500158,30.325491459877536,0.0,1.154424175901316,0.066368222384597
26,4.14931E+03,457.6,1.04,0.536,0.134,0.093,14931,19.678815390948746,307.2944147749876,8.013164398259214,50.06811250015069,0.0,5.168111294619716,0.074140155031284
27,4.37620E+00,482.8,3.033,1.675,0.373,0.079,38,4.463205406326426,28.258373205741627,0.239234449760766,0.0,0.0,0.0,0.0
28,4.76990E+02,425.1,0.45,0.517,0.128,0.31,7699,2.927109847097829,33.73128448517722,38.02370709810156,0.0,0.0,39.22192088282053,8.569858786121761
29,4.10083E+03,371.1,0.252,0.315,0.084,0.235,10083,2.568417997307553,54.73326549375608,37.75718787099769,0.0,0.0,34.11973685385034,6.057360147818868
30,4.31632E+02,385.4,0.473,0.447,0.118,0.294,3163,2.552870526126334,40.06285031439384,46.60710729222978,0.0,0.0,33.90901072637779,2.728540131447918
31,4.28342E+03,412.9,0.745,0.924,0.19,0.271,28342,4.410624211260036,52.966508316556265,40.11380884940015,0.0,0.0,22.40992778980928,0.330566440361495
32,4.37645E+03,458.0,1.246,0.73,0.151,0.082,37645,11.57116200308904,221.8039844314069,8.30739364728721,23.717957913158237,0.0,5.579064641219476,31.17711187296487
1,5.14660E+03,335.4,0.156,0.235,0.031,0.023,14660,27.435247076317104,562.4830869533188,0.0,74.97482994867765,0.0,1.028288682071556,0.0509540063354859
2,5.81630E+00,356.2,0.794,0.817,0.223,0.134,82,12.954862920778917,339.04961411245864,41.12458654906284,34.619625137816975,0.0,16.5380374862183,0.0
3,5.50535E+02,356.2,0.193,0.315,0.041,0.031,5054,41.958584091155615,641.3518076580588,0.0,68.74977738201247,0.0,0.309884238646482,0.003561887800534
4,5.38595E+03,307.8,0.185,0.268,0.035,0.021,38595,35.874289922904694,809.4428144354899,0.0,64.04792552794568,0.0,0.282628162077457,0.665528691888665
5,5.26874E+03,398.7,0.27,0.402,0.053,0.031,26874,31.515515664452156,814.6438522696067,0.0,70.19102606179545,0.0,0.517752965525554,0.00971205433392
6,5.12990E+03,365.2,0.177,0.228,0.031,0.032,12990,25.634712806431136,491.1601676713088,0.0,62.08688422365413,0.0,2.404905425067553,0.016628559551029
7,5.12785E+03,306.3,3.195,0.392,0.052,0.023,12785,32.66128311418672,710.7400128117587,0.0,29.085507929915455,7.052098805409095,0.52021371702908,0.002815771134123
8,5.12233E+03,350.7,0.159,0.226,0.03,0.028,12233,30.18670878130093,625.6174932132689,0.0,77.79175586895907,0.0,0.680512333826246,0.0
9,5.19228E+03,306.3,0.125,0.218,0.028,0.021,19228,34.36246307511638,820.1150807395272,0.0,77.95459864263984,0.0,0.482096887432716,0.000936110461034
10,5.40616E+03,351.6,0.157,0.218,0.029,0.026,40616,29.691034248570336,755.0618521292485,0.0,67.4080294979237,0.0,0.742766228068233,0.010636270568996
11,5.16266E+03,355.8,0.117,0.151,0.02,0.022,16266,40.77669054742595,504.2856249654181,0.0,78.59071543185968,0.0,1.397665025175676,2.174514469097549
12,5.51207E+02,381.2,0.131,0.154,0.021,0.027,5121,33.58702833654999,483.4569660966308,0.0,80.6404555600471,0.0,2.052832311018156,0.147635200449936
13,5.22301E+03,306.6,0.116,0.15,0.02,0.02,22301,30.845331735862043,532.8902390791981,0.0,74.23037807122333,0.0,1.298308203919544,0.489539276143739
14,5.43711E+02,369.2,0.566,0.444,0.112,0.21,4371,12.39272077109365,134.60869296656236,15.959067698896392,33.112337341459394,0.0,42.79978586723769,0.422088618020096
15,5.87316E+02,268.2,0.47,0.305,0.092,0.047,8732,15.22976270305725,284.5455482487786,29.212104970211712,36.40973839905997,0.0,6.252447999340329,5.949411449421756
16,5.70627E+02,369.2,0.466,0.428,0.122,0.213,7063,4.208287025399914,72.89904936666922,42.26240538267452,0.0,0.0,26.963070571144584,0.047149374315059
17,5.35018E+03,262.1,0.472,0.29,0.071,0.056,35018,19.152642394642903,261.0541831153878,15.664322723908215,36.570133234641006,0.0,9.855868081256682,0.462620281273131
18,5.17507E+03,412.7,0.722,0.574,0.128,0.066,17507,27.858034110475717,391.41686244068944,13.32617066011402,57.47942445007634,0.0,3.693574670868311,1.801292365584211
19,5.35436E+03,426.1,0.719,0.447,0.107,0.05,35436,26.41756080268095,438.7000619717165,10.191553559817946,39.18237971391417,0.0,2.672657265929779,0.853634996749025
20,5.11300E+03,369.2,0.198,0.302,0.042,0.062,11300,32.057487961659845,489.7347021671432,0.0,70.59901080784027,0.0,7.1346081859235255,1.642281991446116
21,5.20005E+03,369.2,0.547,0.431,0.1,0.097,20005,25.025608937481863,330.604511386437,23.11838115546918,47.699318883220414,0.0,9.60086736667836,0.116068777498853
22,5.19905E+03,252.7,0.37,0.186,0.047,0.027,19905,26.86646520042202,412.7586980209883,11.108599228651132,41.351714284422464,0.0,3.86171785631932,1.5580704522744848
23,5.24503E+03,382.1,0.19,0.298,0.039,0.034,24502,34.75216078793627,721.3639816345271,0.0,74.36914600550963,0.0,0.606795224977044,0.01505968778696
24,5.12981E+03,268.2,0.235,0.175,0.043,0.024,12981,24.182426273681894,396.8857235957237,11.458145564969008,64.65217210443849,0.0,1.911424173934746,1.562001691648526
25,5.28206E+03,251.4,0.302,0.209,0.05,0.029,28206,32.08664439145956,629.6594161510898,3.73863683500158,30.325491459877536,0.0,1.154424175901316,0.066368222384597
26,5.14931E+03,259.8,0.33,0.243,0.049,0.036,14931,19.678815390948746,307.2944147749876,8.013164398259214,50.06811250015069,0.0,5.168111294619716,0.074140155031284
27,5.37620E+00,386.4,1.289,1.045,0.223,0.016,38,4.463205406326426,28.258373205741627,0.239234449760766,0.0,0.0,0.0,0.0
28,5.76990E+02,353.8,0.324,0.43,0.103,0.234,7699,2.927109847097829,33.73128448517722,38.02370709810156,0.0,0.0,39.22192088282053,8.569858786121761
29,5.10083E+03,328.2,0.2,0.268,0.07,0.196,10083,2.568417997307553,54.73326549375608,37.75718787099769,0.0,0.0,34.11973685385034,6.057360147818868
30,5.31632E+02,359.6,0.301,0.393,0.101,0.259,3163,2.552870526126334,40.06285031439384,46.60710729222978,0.0,0.0,33.90901072637779,2.728540131447918
31,5.28342E+03,328.8,0.466,0.614,0.128,0.178,28342,4.410624211260036,52.966508316556265,40.11380884940015,0.0,0.0,22.40992778980928,0.330566440361495
32,5.37645E+03,298.0,0.45,0.265,0.057,0.041,37645,11.57116200308904,221.8039844314069,8.30739364728721,23.717957913158237,0.0,5.579064641219476,31.17711187296487
1,6.14660E+03,858.9,0.743,0.865,0.114,0.072,14660,27.435247076317104,562.4830869533188,0.0,74.97482994867765,0.0,1.028288682071556,0.0509540063354859
2,6.81630E+00,847.0,3.12,2.069,0.55,0.251,82,12.954862920778917,339.04961411245864,41.12458654906284,34.619625137816975,0.0,16.5380374862183,0.0
3,6.50535E+02,847.0,0.565,0.896,0.116,0.083,5054,41.958584091155615,641.3518076580588,0.0,68.74977738201247,0.0,0.309884238646482,0.003561887800534
4,6.38595E+03,782.9,0.77,1.034,0.134,0.057,38595,35.874289922904694,809.4428144354899,0.0,64.04792552794568,0.0,0.282628162077457,0.665528691888665
5,6.26874E+03,728.7,0.698,0.787,0.103,0.056,26874,31.515515664452156,814.6438522696067,0.0,70.19102606179545,0.0,0.517752965525554,0.00971205433392
6,6.12990E+03,905.8,0.884,0.981,0.131,0.088,12990,25.634712806431136,491.1601676713088,0.0,62.08688422365413,0.0,2.404905425067553,0.016628559551029
7,6.12785E+03,783.8,10.302,1.085,0.143,0.066,12785,32.66128311418672,710.7400128117587,0.0,29.085507929915455,7.052098805409095,0.52021371702908,0.002815771134123
8,6.12233E+03,799.3,0.568,0.822,0.107,0.072,12233,30.18670878130093,625.6174932132689,0.0,77.79175586895907,0.0,0.680512333826246,0.0
9,6.19228E+03,783.8,0.514,0.846,0.11,0.068,19228,34.36246307511638,820.1150807395272,0.0,77.95459864263984,0.0,0.482096887432716,0.000936110461034
10,6.40616E+03,941.9,0.902,1.274,0.165,0.084,40616,29.691034248570336,755.0618521292485,0.0,67.4080294979237,0.0,0.742766228068233,0.010636270568996
11,6.16266E+03,782.1,0.495,0.516,0.069,0.06,16266,40.77669054742595,504.2856249654181,0.0,78.59071543185968,0.0,1.397665025175676,2.174514469097549
12,6.51207E+02,889.0,0.715,0.644,0.087,0.078,5121,33.58702833654999,483.4569660966308,0.0,80.6404555600471,0.0,2.052832311018156,0.147635200449936
13,6.22301E+03,707.1,0.565,0.636,0.084,0.061,22301,30.845331735862043,532.8902390791981,0.0,74.23037807122333,0.0,1.298308203919544,0.489539276143739
14,6.43711E+02,625.3,1.393,0.764,0.181,0.244,4371,12.39272077109365,134.60869296656236,15.959067698896392,33.112337341459394,0.0,42.79978586723769,0.422088618020096
15,6.87316E+02,639.7,2.534,1.194,0.342,0.089,8732,15.22976270305725,284.5455482487786,29.212104970211712,36.40973839905997,0.0,6.252447999340329,5.949411449421756
16,6.70627E+02,625.3,0.982,0.667,0.185,0.214,7063,4.208287025399914,72.89904936666922,42.26240538267452,0.0,0.0,26.963070571144584,0.047149374315059
17,6.35018E+03,518.5,2.188,0.954,0.223,0.09,35018,19.152642394642903,261.0541831153878,15.664322723908215,36.570133234641006,0.0,9.855868081256682,0.462620281273131
18,6.17507E+03,625.0,1.658,0.974,0.201,0.065,17507,27.858034110475717,391.41686244068944,13.32617066011402,57.47942445007634,0.0,3.693574670868311,1.801292365584211
19,6.35436E+03,614.3,1.49,0.61,0.141,0.044,35436,26.41756080268095,438.7000619717165,10.191553559817946,39.18237971391417,0.0,2.672657265929779,0.853634996749025
20,6.11300E+03,625.3,0.512,0.629,0.088,0.087,11300,32.057487961659845,489.7347021671432,0.0,70.59901080784027,0.0,7.1346081859235255,1.642281991446116
21,6.20005E+03,625.3,1.24,0.753,0.157,0.109,20005,25.025608937481863,330.604511386437,23.11838115546918,47.699318883220414,0.0,9.60086736667836,0.116068777498853
22,6.19905E+03,504.2,1.377,0.626,0.143,0.054,19905,26.86646520042202,412.7586980209883,11.108599228651132,41.351714284422464,0.0,3.86171785631932,1.5580704522744848
23,6.24503E+03,761.1,0.547,0.687,0.09,0.074,24502,34.75216078793627,721.3639816345271,0.0,74.36914600550963,0.0,0.606795224977044,0.01505968778696
24,6.12981E+03,639.7,1.266,0.74,0.172,0.06,12981,24.182426273681894,396.8857235957237,11.458145564969008,64.65217210443849,0.0,1.911424173934746,1.562001691648526
25,6.28206E+03,521.8,1.563,0.723,0.166,0.059,28206,32.08664439145956,629.6594161510898,3.73863683500158,30.325491459877536,0.0,1.154424175901316,0.066368222384597
26,6.14931E+03,552.4,1.237,0.733,0.148,0.074,14931,19.678815390948746,307.2944147749876,8.013164398259214,50.06811250015069,0.0,5.168111294619716,0.074140155031284
27,6.37620E+00,414.8,1.936,1.043,0.218,0.003,38,4.463205406326426,28.258373205741627,0.239234449760766,0.0,0.0,0.0,0.0
28,6.76990E+02,457.8,0.46,0.432,0.102,0.167,7699,2.927109847097829,33.73128448517722,38.02370709810156,0.0,0.0,39.22192088282053,8.569858786121761
29,6.10083E+03,494.2,0.403,0.431,0.11,0.187,10083,2.568417997307553,54.73326549375608,37.75718787099769,0.0,0.0,34.11973685385034,6.057360147818868
30,6.31632E+02,514.3,0.631,0.566,0.143,0.241,3163,2.552870526126334,40.06285031439384,46.60710729222978,0.0,0.0,33.90901072637779,2.728540131447918
31,6.28342E+03,444.8,0.743,0.772,0.15,0.141,28342,4.410624211260036,52.966508316556265,40.11380884940015,0.0,0.0,22.40992778980928,0.330566440361495
32,6.37645E+03,654.9,2.058,1.113,0.205,0.076,37645,11.57116200308904,221.8039844314069,8.30739364728721,23.717957913158237,0.0,5.579064641219476,31.17711187296487
1,7.14660E+03,3728.199,1.827,2.022,0.269,0.34,14660,27.435247076317104,562.4830869533188,0.0,74.97482994867765,0.0,1.028288682071556,0.0509540063354859
2,7.81630E+00,4684.4,17.322,6.504,1.629,0.748,82,12.954862920778917,339.04961411245864,41.12458654906284,34.619625137816975,0.0,16.5380374862183,0.0
3,7.50535E+02,4684.401,1.408,2.163,0.283,0.473,5054,41.958584091155615,641.3518076580588,0.0,68.74977738201247,0.0,0.309884238646482,0.003561887800534
4,7.38595E+03,5313.715,3.449,3.111,0.404,0.347,38595,35.874289922904694,809.4428144354899,0.0,64.04792552794568,0.0,0.282628162077457,0.665528691888665
5,7.26874E+03,1473.429,1.001,1.098,0.143,0.125,26874,31.515515664452156,814.6438522696067,0.0,70.19102606179545,0.0,0.517752965525554,0.00971205433392
6,7.12990E+03,1415.72,0.772,0.797,0.109,0.13,12990,25.634712806431136,491.1601676713088,0.0,62.08688422365413,0.0,2.404905425067553,0.016628559551029
7,7.12785E+03,1791.59,39.486,1.149,0.151,0.162,12785,32.66128311418672,710.7400128117587,0.0,29.085507929915455,7.052098805409095,0.52021371702908,0.002815771134123
8,7.12233E+03,2705.489,1.376,1.521,0.2,0.289,12233,30.18670878130093,625.6174932132689,0.0,77.79175586895907,0.0,0.680512333826246,0.0
9,7.19228E+03,1791.59,0.951,1.151,0.149,0.178,19228,34.36246307511638,820.1150807395272,0.0,77.95459864263984,0.0,0.482096887432716,0.000936110461034
10,7.40616E+03,9370.589,2.444,2.356,0.312,0.391,40616,29.691034248570336,755.0618521292485,0.0,67.4080294979237,0.0,0.742766228068233,0.010636270568996
11,7.16266E+03,1521.525,0.587,0.728,0.098,0.138,16266,40.77669054742595,504.2856249654181,0.0,78.59071543185968,0.0,1.397665025175676,2.174514469097549
12,7.51207E+02,1598.316,0.823,0.753,0.103,0.148,5121,33.58702833654999,483.4569660966308,0.0,80.6404555600471,0.0,2.052832311018156,0.147635200449936
13,7.22301E+03,2723.61,1.111,1.286,0.174,0.308,22301,30.845331735862043,532.8902390791981,0.0,74.23037807122333,0.0,1.298308203919544,0.489539276143739
14,7.43711E+02,12861.503,8.18,2.811,0.941,1.956,4371,12.39272077109365,134.60869296656236,15.959067698896392,33.112337341459394,0.0,42.79978586723769,0.422088618020096
15,7.87316E+02,4006.1,17.895,4.566,1.232,0.388,8732,15.22976270305725,284.5455482487786,29.212104970211712,36.40973839905997,0.0,6.252447999340329,5.949411449421756
16,7.70627E+02,12861.5,10.186,5.679,1.675,1.57,7063,4.208287025399914,72.89904936666922,42.26240538267452,0.0,0.0,26.963070571144584,0.047149374315059
17,7.35018E+03,16026.8,30.056,4.502,1.123,1.118,35018,19.152642394642903,261.0541831153878,15.664322723908215,36.570133234641006,0.0,9.855868081256682,0.462620281273131
18,7.17507E+03,19169.513,15.672,3.378,0.752,0.845,17507,27.858034110475717,391.41686244068944,13.32617066011402,57.47942445007634,0.0,3.693574670868311,1.801292365584211
19,7.35436E+03,10559.407,8.705,2.968,0.568,0.458,35436,26.41756080268095,438.7000619717165,10.191553559817946,39.18237971391417,0.0,2.672657265929779,0.853634996749025
20,7.11300E+03,12861.5,0.876,1.259,0.25,0.888,11300,32.057487961659845,489.7347021671432,0.0,70.59901080784027,0.0,7.1346081859235255,1.642281991446116
21,7.20005E+03,12861.501,7.671,3.111,0.801,0.945,20005,25.025608937481863,330.604511386437,23.11838115546918,47.699318883220414,0.0,9.60086736667836,0.116068777498853
22,7.19905E+03,7849.422,21.871,3.956,0.896,0.563,19905,26.86646520042202,412.7586980209883,11.108599228651132,41.351714284422464,0.0,3.86171785631932,1.5580704522744848
23,7.24503E+03,1586.267,0.571,0.651,0.087,0.178,24502,34.75216078793627,721.3639816345271,0.0,74.36914600550963,0.0,0.606795224977044,0.01505968778696
24,7.12981E+03,4006.1,8.308,2.769,0.621,0.383,12981,24.182426273681894,396.8857235957237,11.458145564969008,64.65217210443849,0.0,1.911424173934746,1.562001691648526
25,7.28206E+03,2236.905,10.199,1.733,0.408,0.275,28206,32.08664439145956,629.6594161510898,3.73863683500158,30.325491459877536,0.0,1.154424175901316,0.066368222384597
26,7.14931E+03,7546.133,4.914,1.132,0.314,0.544,14931,19.678815390948746,307.2944147749876,8.013164398259214,50.06811250015069,0.0,5.168111294619716,0.074140155031284
27,7.37620E+00,4862.174,33.356,12.059,2.438,0.04,38,4.463205406326426,28.258373205741627,0.239234449760766,0.0,0.0,0.0,0.0
28,7.76990E+02,989.626,1.126,1.04,0.24,0.375,7699,2.927109847097829,33.73128448517722,38.02370709810156,0.0,0.0,39.22192088282053,8.569858786121761
29,7.10083E+03,1522.06,1.942,1.95,0.475,0.617,10083,2.568417997307553,54.73326549375608,37.75718787099769,0.0,0.0,34.11973685385034,6.057360147818868
30,7.31632E+02,1843.425,3.771,2.648,0.652,0.888,3163,2.552870526126334,40.06285031439384,46.60710729222978,0.0,0.0,33.90901072637779,2.728540131447918
31,7.28342E+03,6217.963,17.398,13.819,2.731,1.319,28342,4.410624211260036,52.966508316556265,40.11380884940015,0.0,0.0,22.40992778980928,0.330566440361495
32,7.37645E+03,4120.651,11.239,2.752,0.598,0.444,37645,11.57116200308904,221.8039844314069,8.30739364728721,23.717957913158237,0.0,5.579064641219476,31.17711187296487
1,8.14660E+03,3414.899,0.91,0.933,0.127,0.275,14660,27.435247076317104,562.4830869533188,0.0,74.97482994867765,0.0,1.028288682071556,0.0509540063354859
2,8.81630E+00,3586.9,18.454,2.973,0.66,0.458,82,12.954862920778917,339.04961411245864,41.12458654906284,34.619625137816975,0.0,16.5380374862183,0.0
3,8.50535E+02,3586.901,0.539,0.798,0.105,0.328,5054,41.958584091155615,641.3518076580588,0.0,68.74977738201247,0.0,0.309884238646482,0.003561887800534
4,8.38595E+03,9275.6,0.716,0.827,0.111,0.343,38595,35.874289922904694,809.4428144354899,0.0,64.04792552794568,0.0,0.282628162077457,0.665528691888665
5,8.26874E+03,2493.112,0.541,0.633,0.084,0.222,26874,31.515515664452156,814.6438522696067,0.0,70.19102606179545,0.0,0.517752965525554,0.00971205433392
6,8.12990E+03,2733.493,0.557,0.667,0.098,0.267,12990,25.634712806431136,491.1601676713088,0.0,62.08688422365413,0.0,2.404905425067553,0.016628559551029
7,8.12785E+03,2155.494,37.161,0.554,0.074,0.189,12785,32.66128311418672,710.7400128117587,0.0,29.085507929915455,7.052098805409095,0.52021371702908,0.002815771134123
8,8.12233E+03,2420.884,0.493,0.729,0.097,0.221,12233,30.18670878130093,625.6174932132689,0.0,77.79175586895907,0.0,0.680512333826246,0.0
9,8.19228E+03,2155.494,0.4,0.645,0.085,0.21,19228,34.36246307511638,820.1150807395272,0.0,77.95459864263984,0.0,0.482096887432716,0.000936110461034
10,8.40616E+03,2691.991,0.707,1.036,0.137,0.209,40616,29.691034248570336,755.0618521292485,0.0,67.4080294979237,0.0,0.742766228068233,0.010636270568996
11,8.16266E+03,2459.685,0.386,0.512,0.073,0.241,16266,40.77669054742595,504.2856249654181,0.0,78.59071543185968,0.0,1.397665025175676,2.174514469097549
12,8.51207E+02,2813.495,0.575,0.64,0.092,0.28,5121,33.58702833654999,483.4569660966308,0.0,80.6404555600471,0.0,2.052832311018156,0.147635200449936
13,8.22301E+03,2109.971,0.334,0.483,0.068,0.211,22301,30.845331735862043,532.8902390791981,0.0,74.23037807122333,0.0,1.298308203919544,0.489539276143739
14,8.43711E+02,2243.981,5.206,0.891,0.248,0.537,4371,12.39272077109365,134.60869296656236,15.959067698896392,33.112337341459394,0.0,42.79978586723769,0.422088618020096
15,8.87316E+02,1876.86,8.101,0.691,0.166,0.148,8732,15.22976270305725,284.5455482487786,29.212104970211712,36.40973839905997,0.0,6.252447999340329,5.949411449421756
16,8.70627E+02,2243.981,4.739,2.153,0.578,0.447,7063,4.208287025399914,72.89904936666922,42.26240538267452,0.0,0.0,26.963070571144584,0.047149374315059
17,8.35018E+03,1888.947,6.316,0.463,0.102,0.224,35018,19.152642394642903,261.0541831153878,15.664322723908215,36.570133234641006,0.0,9.855868081256682,0.462620281273131
18,8.17507E+03,2313.31,5.395,0.561,0.107,0.201,17507,27.858034110475717,391.41686244068944,13.32617066011402,57.47942445007634,0.0,3.693574670868311,1.801292365584211
19,8.35436E+03,2389.709,4.93,0.545,0.112,0.187,35436,26.41756080268095,438.7000619717165,10.191553559817946,39.18237971391417,0.0,2.672657265929779,0.853634996749025
20,8.11300E+03,2243.981,0.235,0.393,0.071,0.278,11300,32.057487961659845,489.7347021671432,0.0,70.59901080784027,0.0,7.1346081859235255,1.642281991446116
21,8.20005E+03,2243.981,4.984,0.946,0.226,0.28,20005,25.025608937481863,330.604511386437,23.11838115546918,47.699318883220414,0.0,9.60086736667836,0.116068777498853
22,8.19905E+03,2372.2,7.444,0.383,0.072,0.213,19905,26.86646520042202,412.7586980209883,11.108599228651132,41.351714284422464,0.0,3.86171785631932,1.5580704522744848
23,8.24503E+03,3062.301,0.508,0.715,0.097,0.35,24502,34.75216078793627,721.3639816345271,0.0,74.36914600550963,0.0,0.606795224977044,0.01505968778696
24,8.12981E+03,1876.86,3.478,0.508,0.099,0.158,12981,24.182426273681894,396.8857235957237,11.458145564969008,64.65217210443849,0.0,1.911424173934746,1.562001691648526
25,8.28206E+03,3075.6,12.513,0.969,0.188,0.324,28206,32.08664439145956,629.6594161510898,3.73863683500158,30.325491459877536,0.0,1.154424175901316,0.066368222384597
26,8.14931E+03,2576.999,7.126,1.243,0.262,0.295,14931,19.678815390948746,307.2944147749876,8.013164398259214,50.06811250015069,0.0,5.168111294619716,0.074140155031284
27,8.37620E+00,2826.1,15.525,2.156,0.432,0.005,38,4.463205406326426,28.258373205741627,0.239234449760766,0.0,0.0,0.0,0.0
28,8.76990E+02,2580.3,3.702,3.126,0.701,0.933,7699,2.927109847097829,33.73128448517722,38.02370709810156,0.0,0.0,39.22192088282053,8.569858786121761
29,8.10083E+03,2595.3,3.201,2.984,0.721,0.812,10083,2.568417997307553,54.73326549375608,37.75718787099769,0.0,0.0,34.11973685385034,6.057360147818868
30,8.31632E+02,2608.1,4.562,3.105,0.752,0.975,3163,2.552870526126334,40.06285031439384,46.60710729222978,0.0,0.0,33.90901072637779,2.728540131447918
31,8.28342E+03,2778.5,7.174,2.01,0.443,0.591,28342,4.410624211260036,52.966508316556265,40.11380884940015,0.0,0.0,22.40992778980928,0.330566440361495
32,8.37645E+03,2729.2,5.661,0.481,0.1,0.228,37645,11.57116200308904,221.8039844314069,8.30739364728721,23.717957913158237,0.0,5.579064641219476,31.17711187296487
1,9.14660E+03,1249.5,0.101,0.128,0.018,0.093,14660,27.435247076317104,562.4830869533188,0.0,74.97482994867765,0.0,1.028288682071556,0.0509540063354859
2,9.81630E+00,1265.5,4.189,0.738,0.148,0.158,82,12.954862920778917,339.04961411245864,41.12458654906284,34.619625137816975,0.0,16.5380374862183,0.0
3,9.50535E+02,1265.5,0.062,0.112,0.015,0.115,5054,41.958584091155615,641.3518076580588,0.0,68.74977738201247,0.0,0.309884238646482,0.003561887800534
4,9.38595E+03,1258.1,0.087,0.121,0.016,0.082,38595,35.874289922904694,809.4428144354899,0.0,64.04792552794568,0.0,0.282628162077457,0.665528691888665
5,9.26874E+03,1173.5,0.086,0.118,0.016,0.092,26874,31.515515664452156,814.6438522696067,0.0,70.19102606179545,0.0,0.517752965525554,0.00971205433392
6,9.12990E+03,1140.8,0.098,0.123,0.02,0.094,12990,25.634712806431136,491.1601676713088,0.0,62.08688422365413,0.0,2.404905425067553,0.016628559551029
7,9.12785E+03,1280.6,10.999,0.141,0.019,0.104,12785,32.66128311418672,710.7400128117587,0.0,29.085507929915455,7.052098805409095,0.52021371702908,0.002815771134123
8,9.12233E+03,1073.2,0.077,0.116,0.016,0.092,12233,30.18670878130093,625.6174932132689,0.0,77.79175586895907,0.0,0.680512333826246,0.0
9,9.19228E+03,1280.6,0.088,0.146,0.02,0.114,19228,34.36246307511638,820.1150807395272,0.0,77.95459864263984,0.0,0.482096887432716,0.000936110461034
10,9.40616E+03,1128.2,0.085,0.118,0.017,0.085,40616,29.691034248570336,755.0618521292485,0.0,67.4080294979237,0.0,0.742766228068233,0.010636270568996
11,9.16266E+03,1116.9,0.061,0.082,0.013,0.088,16266,40.77669054742595,504.2856249654181,0.0,78.59071543185968,0.0,1.397665025175676,2.174514469097549
12,9.51207E+02,1182.6,0.071,0.1,0.016,0.095,5121,33.58702833654999,483.4569660966308,0.0,80.6404555600471,0.0,2.052832311018156,0.147635200449936
13,9.22301E+03,1060.7,0.059,0.092,0.014,0.091,22301,30.845331735862043,532.8902390791981,0.0,74.23037807122333,0.0,1.298308203919544,0.489539276143739
14,9.43711E+02,1116.7,2.241,0.308,0.092,0.257,4371,12.39272077109365,134.60869296656236,15.959067698896392,33.112337341459394,0.0,42.79978586723769,0.422088618020096
15,9.87316E+02,1007.5,3.469,0.203,0.05,0.074,8732,15.22976270305725,284.5455482487786,29.212104970211712,36.40973839905997,0.0,6.252447999340329,5.949411449421756
16,9.70627E+02,1116.7,1.949,0.58,0.159,0.2,7063,4.208287025399914,72.89904936666922,42.26240538267452,0.0,0.0,26.963070571144584,0.047149374315059
17,9.35018E+03,913.1,2.896,0.133,0.033,0.099,35018,19.152642394642903,261.0541831153878,15.664322723908215,36.570133234641006,0.0,9.855868081256682,0.462620281273131
18,9.17507E+03,1139.5,1.853,0.14,0.028,0.099,17507,27.858034110475717,391.41686244068944,13.32617066011402,57.47942445007634,0.0,3.693574670868311,1.801292365584211
19,9.35436E+03,1120.8,1.635,0.121,0.027,0.072,35436,26.41756080268095,438.7000619717165,10.191553559817946,39.18237971391417,0.0,2.672657265929779,0.853634996749025
20,9.11300E+03,1116.7,0.068,0.125,0.025,0.133,11300,32.057487961659845,489.7347021671432,0.0,70.59901080784027,0.0,7.1346081859235255,1.642281991446116
21,9.20005E+03,1116.7,1.952,0.284,0.07,0.132,20005,25.025608937481863,330.604511386437,23.11838115546918,47.699318883220414,0.0,9.60086736667836,0.116068777498853
22,9.19905E+03,900.1,2.411,0.076,0.016,0.067,19905,26.86646520042202,412.7586980209883,11.108599228651132,41.351714284422464,0.0,3.86171785631932,1.5580704522744848
23,9.24503E+03,1164.6,0.061,0.101,0.014,0.117,24502,34.75216078793627,721.3639816345271,0.0,74.36914600550963,0.0,0.606795224977044,0.01505968778696
24,9.12981E+03,1007.5,1.416,0.126,0.026,0.074,12981,24.182426273681894,396.8857235957237,11.458145564969008,64.65217210443849,0.0,1.911424173934746,1.562001691648526
25,9.28206E+03,887.0,2.29,0.119,0.023,0.083,28206,32.08664439145956,629.6594161510898,3.73863683500158,30.325491459877536,0.0,1.154424175901316,0.066368222384597
26,9.14931E+03,920.5,2.042,0.245,0.052,0.098,14931,19.678815390948746,307.2944147749876,8.013164398259214,50.06811250015069,0.0,5.168111294619716,0.074140155031284
27,9.37620E+00,582.8,2.302,0.147,0.029,0.001,38,4.463205406326426,28.258373205741627,0.239234449760766,0.0,0.0,0.0,0.0
28,9.76990E+02,889.1,0.977,0.706,0.163,0.224,7699,2.927109847097829,33.73128448517722,38.02370709810156,0.0,0.0,39.22192088282053,8.569858786121761
29,9.10083E+03,970.8,0.803,0.605,0.153,0.197,10083,2.568417997307553,54.73326549375608,37.75718787099769,0.0,0.0,34.11973685385034,6.057360147818868
30,9.31632E+02,1046.1,1.422,0.809,0.202,0.273,3163,2.552870526126334,40.06285031439384,46.60710729222978,0.0,0.0,33.90901072637779,2.728540131447918
31,9.28342E+03,817.1,1.602,0.337,0.079,0.131,28342,4.410624211260036,52.966508316556265,40.11380884940015,0.0,0.0,22.40992778980928,0.330566440361495
32,9.37645E+03,1036.7,1.756,0.083,0.022,0.067,37645,11.57116200308904,221.8039844314069,8.30739364728721,23.717957913158237,0.0,5.579064641219476,31.17711187296487
1,10.14660E+03,431.3,0.023,0.026,0.004,0.025,14660,27.435247076317104,562.4830869533188,0.0,74.97482994867765,0.0,1.028288682071556,0.0509540063354859
2,10.81630E+00,434.8,1.058,0.194,0.033,0.046,82,12.954862920778917,339.04961411245864,41.12458654906284,34.619625137816975,0.0,16.5380374862183,0.0
3,10.50535E+02,434.8,0.015,0.022,0.003,0.034,5054,41.958584091155615,641.3518076580588,0.0,68.74977738201247,0.0,0.309884238646482,0.003561887800534
4,10.38595E+03,440.5,0.029,0.029,0.004,0.026,38595,35.874289922904694,809.4428144354899,0.0,64.04792552794568,0.0,0.282628162077457,0.665528691888665
5,10.26874E+03,422.7,0.025,0.026,0.004,0.027,26874,31.515515664452156,814.6438522696067,0.0,70.19102606179545,0.0,0.517752965525554,0.00971205433392
6,10.12990E+03,444.8,0.023,0.028,0.005,0.029,12990,25.634712806431136,491.1601676713088,0.0,62.08688422365413,0.0,2.404905425067553,0.016628559551029
7,10.12785E+03,413.3,2.612,0.023,0.003,0.028,12785,32.66128311418672,710.7400128117587,0.0,29.085507929915455,7.052098805409095,0.52021371702908,0.002815771134123
8,10.12233E+03,412.2,0.018,0.026,0.004,0.028,12233,30.18670878130093,625.6174932132689,0.0,77.79175586895907,0.0,0.680512333826246,0.0
9,10.19228E+03,413.3,0.02,0.026,0.004,0.029,19228,34.36246307511638,820.1150807395272,0.0,77.95459864263984,0.0,0.482096887432716,0.000936110461034
10,10.40616E+03,458.6,0.022,0.025,0.004,0.028,40616,29.691034248570336,755.0618521292485,0.0,67.4080294979237,0.0,0.742766228068233,0.010636270568996
11,10.16266E+03,396.2,0.01,0.015,0.002,0.022,16266,40.77669054742595,504.2856249654181,0.0,78.59071543185968,0.0,1.397665025175676,2.174514469097549
12,10.51207E+02,436.3,0.016,0.022,0.004,0.025,5121,33.58702833654999,483.4569660966308,0.0,80.6404555600471,0.0,2.052832311018156,0.147635200449936
13,10.22301E+03,345.1,0.01,0.015,0.003,0.019,22301,30.845331735862043,532.8902390791981,0.0,74.23037807122333,0.0,1.298308203919544,0.489539276143739
14,10.43711E+02,286.2,0.406,0.046,0.016,0.044,4371,12.39272077109365,134.60869296656236,15.959067698896392,33.112337341459394,0.0,42.79978586723769,0.422088618020096
15,10.87316E+02,303.5,0.55,0.029,0.007,0.014,8732,15.22976270305725,284.5455482487786,29.212104970211712,36.40973839905997,0.0,6.252447999340329,5.949411449421756
16,10.70627E+02,286.2,0.279,0.082,0.024,0.038,7063,4.208287025399914,72.89904936666922,42.26240538267452,0.0,0.0,26.963070571144584,0.047149374315059
17,10.35018E+03,196.0,0.308,0.013,0.004,0.01,35018,19.152642394642903,261.0541831153878,15.664322723908215,36.570133234641006,0.0,9.855868081256682,0.462620281273131
18,10.17507E+03,343.7,0.512,0.026,0.006,0.021,17507,27.858034110475717,391.41686244068944,13.32617066011402,57.47942445007634,0.0,3.693574670868311,1.801292365584211
19,10.35436E+03,373.6,0.452,0.021,0.005,0.016,35436,26.41756080268095,438.7000619717165,10.191553559817946,39.18237971391417,0.0,2.672657265929779,0.853634996749025
20,10.11300E+03,286.2,0.008,0.015,0.004,0.021,11300,32.057487961659845,489.7347021671432,0.0,70.59901080784027,0.0,7.1346081859235255,1.642281991446116
21,10.20005E+03,286.2,0.307,0.035,0.009,0.021,20005,25.025608937481863,330.604511386437,23.11838115546918,47.699318883220414,0.0,9.60086736667836,0.116068777498853
22,10.19905E+03,215.2,0.205,0.008,0.002,0.007,19905,26.86646520042202,412.7586980209883,11.108599228651132,41.351714284422464,0.0,3.86171785631932,1.5580704522744848
23,10.24503E+03,358.9,0.012,0.016,0.002,0.025,24502,34.75216078793627,721.3639816345271,0.0,74.36914600550963,0.0,0.606795224977044,0.01505968778696
24,10.12981E+03,303.5,0.248,0.016,0.004,0.012,12981,24.182426273681894,396.8857235957237,11.458145564969008,64.65217210443849,0.0,1.911424173934746,1.562001691648526
25,10.28206E+03,261.7,0.338,0.017,0.003,0.017,28206,32.08664439145956,629.6594161510898,3.73863683500158,30.325491459877536,0.0,1.154424175901316,0.066368222384597
26,10.14931E+03,278.8,0.243,0.032,0.007,0.019,14931,19.678815390948746,307.2944147749876,8.013164398259214,50.06811250015069,0.0,5.168111294619716,0.074140155031284
27,10.37620E+00,156.3,0.376,0.026,0.005,0.0,38,4.463205406326426,28.258373205741627,0.239234449760766,0.0,0.0,0.0,0.0
28,10.76990E+02,191.5,0.114,0.111,0.027,0.045,7699,2.927109847097829,33.73128448517722,38.02370709810156,0.0,0.0,39.22192088282053,8.569858786121761
29,10.10083E+03,201.9,0.063,0.074,0.021,0.027,10083,2.568417997307553,54.73326549375608,37.75718787099769,0.0,0.0,34.11973685385034,6.057360147818868
30,10.31632E+02,223.3,0.143,0.091,0.024,0.039,3163,2.552870526126334,40.06285031439384,46.60710729222978,0.0,0.0,33.90901072637779,2.728540131447918
31,10.28342E+03,173.9,0.174,0.045,0.012,0.021,28342,4.410624211260036,52.966508316556265,40.11380884940015,0.0,0.0,22.40992778980928,0.330566440361495
32,10.37645E+03,280.3,0.292,0.011,0.004,0.009,37645,11.57116200308904,221.8039844314069,8.30739364728721,23.717957913158237,0.0,5.579064641219476,31.17711187296487
1,11.14660E+03,138.3,0.003,0.005,0.001,0.005,14660,27.435247076317104,562.4830869533188,0.0,74.97482994867765,0.0,1.028288682071556,0.0509540063354859
2,11.81630E+00,149.4,0.311,0.055,0.008,0.013,82,12.954862920778917,339.04961411245864,41.12458654906284,34.619625137816975,0.0,16.5380374862183,0.0
3,11.50535E+02,149.4,0.003,0.005,0.001,0.008,5054,41.958584091155615,641.3518076580588,0.0,68.74977738201247,0.0,0.309884238646482,0.003561887800534
4,11.38595E+03,131.7,0.004,0.005,0.001,0.005,38595,35.874289922904694,809.4428144354899,0.0,64.04792552794568,0.0,0.282628162077457,0.665528691888665
5,11.26874E+03,179.9,0.007,0.008,0.001,0.009,26874,31.515515664452156,814.6438522696067,0.0,70.19102606179545,0.0,0.517752965525554,0.00971205433392
6,11.12990E+03,146.3,0.004,0.006,0.001,0.006,12990,25.634712806431136,491.1601676713088,0.0,62.08688422365413,0.0,2.404905425067553,0.016628559551029
7,11.12785E+03,132.6,0.658,0.004,0.001,0.006,12785,32.66128311418672,710.7400128117587,0.0,29.085507929915455,7.052098805409095,0.52021371702908,0.002815771134123
8,11.12233E+03,150.6,0.004,0.006,0.001,0.007,12233,30.18670878130093,625.6174932132689,0.0,77.79175586895907,0.0,0.680512333826246,0.0
9,11.19228E+03,132.6,0.002,0.004,0.001,0.005,19228,34.36246307511638,820.1150807395272,0.0,77.95459864263984,0.0,0.482096887432716,0.000936110461034
10,11.40616E+03,135.9,0.002,0.003,0.0,0.004,40616,29.691034248570336,755.0618521292485,0.0,67.4080294979237,0.0,0.742766228068233,0.010636270568996
11,11.16266E+03,163.3,0.002,0.004,0.001,0.005,16266,40.77669054742595,504.2856249654181,0.0,78.59071543185968,0.0,1.397665025175676,2.174514469097549
12,11.51207E+02,159.5,0.002,0.006,0.001,0.004,5121,33.58702833654999,483.4569660966308,0.0,80.6404555600471,0.0,2.052832311018156,0.147635200449936
13,11.22301E+03,165.2,0.002,0.005,0.001,0.006,22301,30.845331735862043,532.8902390791981,0.0,74.23037807122333,0.0,1.298308203919544,0.489539276143739
14,11.43711E+02,209.7,0.352,0.033,0.011,0.042,4371,12.39272077109365,134.60869296656236,15.959067698896392,33.112337341459394,0.0,42.79978586723769,0.422088618020096
15,11.87316E+02,167.7,0.373,0.016,0.004,0.007,8732,15.22976270305725,284.5455482487786,29.212104970211712,36.40973839905997,0.0,6.252447999340329,5.949411449421756
16,11.70627E+02,209.7,0.289,0.063,0.018,0.035,7063,4.208287025399914,72.89904936666922,42.26240538267452,0.0,0.0,26.963070571144584,0.047149374315059
17,11.35018E+03,198.9,0.348,0.017,0.005,0.017,35018,19.152642394642903,261.0541831153878,15.664322723908215,36.570133234641006,0.0,9.855868081256682,0.462620281273131
18,11.17507E+03,210.5,0.223,0.013,0.003,0.013,17507,27.858034110475717,391.41686244068944,13.32617066011402,57.47942445007634,0.0,3.693574670868311,1.801292365584211
19,11.35436E+03,207.7,0.204,0.009,0.002,0.007,35436,26.41756080268095,438.7000619717165,10.191553559817946,39.18237971391417,0.0,2.672657265929779,0.853634996749025
20,11.11300E+03,209.7,0.009,0.013,0.003,0.019,11300,32.057487961659845,489.7347021671432,0.0,70.59901080784027,0.0,7.1346081859235255,1.642281991446116
21,11.20005E+03,209.7,0.294,0.027,0.007,0.019,20005,25.025608937481863,330.604511386437,23.11838115546918,47.699318883220414,0.0,9.60086736667836,0.116068777498853
22,11.19905E+03,199.4,0.303,0.009,0.002,0.01,19905,26.86646520042202,412.7586980209883,11.108599228651132,41.351714284422464,0.0,3.86171785631932,1.5580704522744848
23,11.24503E+03,189.0,0.004,0.006,0.001,0.011,24502,34.75216078793627,721.3639816345271,0.0,74.36914600550963,0.0,0.606795224977044,0.01505968778696
24,11.12981E+03,167.7,0.159,0.008,0.002,0.006,12981,24.182426273681894,396.8857235957237,11.458145564969008,64.65217210443849,0.0,1.911424173934746,1.562001691648526
25,11.28206E+03,183.1,0.328,0.01,0.002,0.012,28206,32.08664439145956,629.6594161510898,3.73863683500158,30.325491459877536,0.0,1.154424175901316,0.066368222384597
26,11.14931E+03,178.1,0.189,0.022,0.005,0.013,14931,19.678815390948746,307.2944147749876,8.013164398259214,50.06811250015069,0.0,5.168111294619716,0.074140155031284
27,11.37620E+00,237.9,0.883,0.05,0.01,0.001,38,4.463205406326426,28.258373205741627,0.239234449760766,0.0,0.0,0.0,0.0
28,11.76990E+02,221.8,0.174,0.108,0.026,0.055,7699,2.927109847097829,33.73128448517722,38.02370709810156,0.0,0.0,39.22192088282053,8.569858786121761
29,11.10083E+03,218.1,0.121,0.09,0.024,0.044,10083,2.568417997307553,54.73326549375608,37.75718787099769,0.0,0.0,34.11973685385034,6.057360147818868
30,11.31632E+02,224.4,0.238,0.109,0.028,0.056,3163,2.552870526126334,40.06285031439384,46.60710729222978,0.0,0.0,33.90901072637779,2.728540131447918
31,11.28342E+03,218.8,0.392,0.065,0.016,0.039,28342,4.410624211260036,52.966508316556265,40.11380884940015,0.0,0.0,22.40992778980928,0.330566440361495
32,11.37645E+03,186.4,0.234,0.007,0.002,0.008,37645,11.57116200308904,221.8039844314069,8.30739364728721,23.717957913158237,0.0,5.579064641219476,31.17711187296487
1,12.14660E+03,0.7,0.0,0.0,0.0,0.0,14660,27.435247076317104,562.4830869533188,0.0,74.97482994867765,0.0,1.028288682071556,0.0509540063354859
2,12.81630E+00,0.6,0.0,0.0,0.0,0.0,82,12.954862920778917,339.04961411245864,41.12458654906284,34.619625137816975,0.0,16.5380374862183,0.0
3,12.50535E+02,0.6,0.0,0.0,0.0,0.0,5054,41.958584091155615,641.3518076580588,0.0,68.74977738201247,0.0,0.309884238646482,0.003561887800534
4,12.38595E+03,1.0,0.0,0.0,0.0,0.0,38595,35.874289922904694,809.4428144354899,0.0,64.04792552794568,0.0,0.282628162077457,0.665528691888665
5,12.26874E+03,0.4,0.0,0.0,0.0,0.0,26874,31.515515664452156,814.6438522696067,0.0,70.19102606179545,0.0,0.517752965525554,0.00971205433392
6,12.12990E+03,0.6,0.0,0.0,0.0,0.0,12990,25.634712806431136,491.1601676713088,0.0,62.08688422365413,0.0,2.404905425067553,0.016628559551029
7,12.12785E+03,1.1,0.0,0.0,0.0,0.0,12785,32.66128311418672,710.7400128117587,0.0,29.085507929915455,7.052098805409095,0.52021371702908,0.002815771134123
8,12.12233E+03,0.5,0.0,0.0,0.0,0.0,12233,30.18670878130093,625.6174932132689,0.0,77.79175586895907,0.0,0.680512333826246,0.0
9,12.19228E+03,1.1,0.0,0.0,0.0,0.0,19228,34.36246307511638,820.1150807395272,0.0,77.95459864263984,0.0,0.482096887432716,0.000936110461034
10,12.40616E+03,0.8,0.0,0.0,0.0,0.0,40616,29.691034248570336,755.0618521292485,0.0,67.4080294979237,0.0,0.742766228068233,0.010636270568996
11,12.16266E+03,0.3,0.0,0.0,0.0,0.0,16266,40.77669054742595,504.2856249654181,0.0,78.59071543185968,0.0,1.397665025175676,2.174514469097549
12,12.51207E+02,0.5,0.0,0.0,0.0,0.0,5121,33.58702833654999,483.4569660966308,0.0,80.6404555600471,0.0,2.052832311018156,0.147635200449936
13,12.22301E+03,0.2,0.0,0.0,0.0,0.0,22301,30.845331735862043,532.8902390791981,0.0,74.23037807122333,0.0,1.298308203919544,0.489539276143739
14,12.43711E+02,0.0,0.0,0.0,0.0,0.0,4371,12.39272077109365,134.60869296656236,15.959067698896392,33.112337341459394,0.0,42.79978586723769,0.422088618020096
15,12.87316E+02,0.1,0.0,0.0,0.0,0.0,8732,15.22976270305725,284.5455482487786,29.212104970211712,36.40973839905997,0.0,6.252447999340329,5.949411449421756
16,12.70627E+02,0.0,0.0,0.0,0.0,0.0,7063,4.208287025399914,72.89904936666922,42.26240538267452,0.0,0.0,26.963070571144584,0.047149374315059
17,12.35018E+03,0.0,0.0,0.0,0.0,0.0,35018,19.152642394642903,261.0541831153878,15.664322723908215,36.570133234641006,0.0,9.855868081256682,0.462620281273131
18,12.17507E+03,0.2,0.0,0.0,0.0,0.0,17507,27.858034110475717,391.41686244068944,13.32617066011402,57.47942445007634,0.0,3.693574670868311,1.801292365584211
19,12.35436E+03,0.4,0.0,0.0,0.0,0.0,35436,26.41756080268095,438.7000619717165,10.191553559817946,39.18237971391417,0.0,2.672657265929779,0.853634996749025
20,12.11300E+03,0.0,0.0,0.0,0.0,0.0,11300,32.057487961659845,489.7347021671432,0.0,70.59901080784027,0.0,7.1346081859235255,1.642281991446116
21,12.20005E+03,0.0,0.0,0.0,0.0,0.0,20005,25.025608937481863,330.604511386437,23.11838115546918,47.699318883220414,0.0,9.60086736667836,0.116068777498853
22,12.19905E+03,0.2,0.0,0.0,0.0,0.0,19905,26.86646520042202,412.7586980209883,11.108599228651132,41.351714284422464,0.0,3.86171785631932,1.5580704522744848
23,12.24503E+03,0.1,0.0,0.0,0.0,0.0,24502,34.75216078793627,721.3639816345271,0.0,74.36914600550963,0.0,0.606795224977044,0.01505968778696
24,12.12981E+03,0.1,0.0,0.0,0.0,0.0,12981,24.182426273681894,396.8857235957237,11.458145564969008,64.65217210443849,0.0,1.911424173934746,1.562001691648526
25,12.28206E+03,0.3,0.0,0.0,0.0,0.0,28206,32.08664439145956,629.6594161510898,3.73863683500158,30.325491459877536,0.0,1.154424175901316,0.066368222384597
26,12.14931E+03,0.2,0.0,0.0,0.0,0.0,14931,19.678815390948746,307.2944147749876,8.013164398259214,50.06811250015069,0.0,5.168111294619716,0.074140155031284
27,12.37620E+00,1.0,0.0,0.0,0.0,0.0,38,4.463205406326426,28.258373205741627,0.239234449760766,0.0,0.0,0.0,0.0
28,12.76990E+02,0.1,0.0,0.0,0.0,0.0,7699,2.927109847097829,33.73128448517722,38.02370709810156,0.0,0.0,39.22192088282053,8.569858786121761
29,12.10083E+03,0.1,0.0,0.0,0.0,0.0,10083,2.568417997307553,54.73326549375608,37.75718787099769,0.0,0.0,34.11973685385034,6.057360147818868
30,12.31632E+02,0.1,0.0,0.0,0.0,0.0,3163,2.552870526126334,40.06285031439384,46.60710729222978,0.0,0.0,33.90901072637779,2.728540131447918
31,12.28342E+03,0.1,0.0,0.0,0.0,0.0,28342,4.410624211260036,52.966508316556265,40.11380884940015,0.0,0.0,22.40992778980928,0.330566440361495
32,12.37645E+03,0.1,0.0,0.0,0.0,0.0,37645,11.57116200308904,221.8039844314069,8.30739364728721,23.717957913158237,0.0,5.579064641219476,31.17711187296487
1,2024.14660E+03,10951.897,4.06,4.53,0.606,0.9,14660,27.435247076317104,562.4830869533188,0.0,74.97482994867765,0.0,1.028288682071556,0.0509540063354859
2,2024.81630E+00,12150.2,47.925,15.878,4.031,2.14,82,12.954862920778917,339.04961411245864,41.12458654906284,34.619625137816975,0.0,16.5380374862183,0.0
3,2024.50535E+02,12150.202,2.993,4.603,0.601,1.163,5054,41.958584091155615,641.3518076580588,0.0,68.74977738201247,0.0,0.309884238646482,0.003561887800534
4,2024.38595E+03,18271.115,5.503,5.7,0.745,0.945,38595,35.874289922904694,809.4428144354899,0.0,64.04792552794568,0.0,0.282628162077457,0.665528691888665
5,2024.26874E+03,7567.34,2.91,3.361,0.441,0.624,26874,31.515515664452156,814.6438522696067,0.0,70.19102606179545,0.0,0.517752965525554,0.00971205433392
6,2024.12990E+03,7909.213,2.79,3.107,0.435,0.721,12990,25.634712806431136,491.1601676713088,0.0,62.08688422365413,0.0,2.404905425067553,0.016628559551029
7,2024.12785E+03,7662.482,112.183,4.663,0.625,0.656,12785,32.66128311418672,710.7400128117587,0.0,29.085507929915455,7.052098805409095,0.52021371702908,0.002815771134123
8,2024.12233E+03,8652.072,2.929,3.714,0.49,0.81,12233,30.18670878130093,625.6174932132689,0.0,77.79175586895907,0.0,0.680512333826246,0.0
9,2024.19228E+03,7662.482,2.321,3.327,0.434,0.702,19228,34.36246307511638,820.1150807395272,0.0,77.95459864263984,0.0,0.482096887432716,0.000936110461034
10,2024.40616E+03,15799.679,4.572,5.331,0.704,0.892,40616,29.691034248570336,755.0618521292485,0.0,67.4080294979237,0.0,0.742766228068233,0.010636270568996
11,2024.16266E+03,7562.41,1.9,2.25,0.31,0.634,16266,40.77669054742595,504.2856249654181,0.0,78.59071543185968,0.0,1.397665025175676,2.174514469097549
12,2024.51207E+02,8261.21,2.633,2.574,0.359,0.723,5121,33.58702833654999,483.4569660966308,0.0,80.6404555600471,0.0,2.052832311018156,0.147635200449936
13,2024.22301E+03,8107.081,2.411,2.89,0.395,0.772,22301,30.845331735862043,532.8902390791981,0.0,74.23037807122333,0.0,1.298308203919544,0.489539276143739
14,2024.43711E+02,18308.285,19.571,6.131,1.84,3.636,4371,12.39272077109365,134.60869296656236,15.959067698896392,33.112337341459394,0.0,42.79978586723769,0.422088618020096
15,2024.87316E+02,8905.46,35.345,8.115,2.285,0.903,8732,15.22976270305725,284.5455482487786,29.212104970211712,36.40973839905997,0.0,6.252447999340329,5.949411449421756
16,2024.70627E+02,18308.281,19.714,10.367,2.983,3.063,7063,4.208287025399914,72.89904936666922,42.26240538267452,0.0,0.0,26.963070571144584,0.047149374315059
17,2024.35018E+03,20498.847,43.887,7.06,1.758,1.731,35018,19.152642394642903,261.0541831153878,15.664322723908215,36.570133234641006,0.0,9.855868081256682,0.462620281273131
18,2024.17507E+03,24825.623,27.196,6.473,1.452,1.409,17507,27.858034110475717,391.41686244068944,13.32617066011402,57.47942445007634,0.0,3.693574670868311,1.801292365584211
19,2024.35436E+03,16302.715,19.171,5.257,1.139,0.897,35436,26.41756080268095,438.7000619717165,10.191553559817946,39.18237971391417,0.0,2.672657265929779,0.853634996749025
20,2024.11300E+03,18308.281,2.187,3.086,0.535,1.589,11300,32.057487961659845,489.7347021671432,0.0,70.59901080784027,0.0,7.1346081859235255,1.642281991446116
21,2024.20005E+03,18308.283,17.976,6.229,1.546,1.761,20005,25.025608937481863,330.604511386437,23.11838115546918,47.699318883220414,0.0,9.60086736667836,0.116068777498853
22,2024.19905E+03,12909.122,35.452,5.925,1.381,1.026,19905,26.86646520042202,412.7586980209883,11.108599228651132,41.351714284422464,0.0,3.86171785631932,1.5580704522744848
23,2024.24503E+03,8227.469,2.125,2.755,0.368,0.866,24502,34.75216078793627,721.3639816345271,0.0,74.36914600550963,0.0,0.606795224977044,0.01505968778696
24,2024.12981E+03,8905.461,16.027,4.887,1.139,0.794,12981,24.182426273681894,396.8857235957237,11.458145564969008,64.65217210443849,0.0,1.911424173934746,1.562001691648526
25,2024.28206E+03,8128.805,29.165,4.683,1.131,0.915,28206,32.08664439145956,629.6594161510898,3.73863683500158,30.325491459877536,0.0,1.154424175901316,0.066368222384597
26,2024.14931E+03,12998.831,17.425,4.395,1.036,1.209,14931,19.678815390948746,307.2944147749876,8.013164398259214,50.06811250015069,0.0,5.168111294619716,0.074140155031284
27,2024.37620E+00,10121.973,59.446,18.724,3.858,0.168,38,4.463205406326426,28.258373205741627,0.239234449760766,0.0,0.0,0.0,0.0
28,2024.76990E+02,6273.025,7.467,6.715,1.557,2.429,7699,2.927109847097829,33.73128448517722,38.02370709810156,0.0,0.0,39.22192088282053,8.569858786121761
29,2024.10083E+03,6837.46,7.05,6.845,1.694,2.365,10083,2.568417997307553,54.73326549375608,37.75718787099769,0.0,0.0,34.11973685385034,6.057360147818868
30,2024.31632E+02,7343.525,11.722,8.414,2.091,3.093,3163,2.552870526126334,40.06285031439384,46.60710729222978,0.0,0.0,33.90901072637779,2.728540131447918
31,2024.28342E+03,11551.264,28.927,19.019,3.844,2.762,28342,4.410624211260036,52.966508316556265,40.11380884940015,0.0,0.0,22.40992778980928,0.330566440361495
32,2024.37645E+03,9921.751,23.116,5.579,1.18,0.971,37645,11.57116200308904,221.8039844314069,8.30739364728721,23.717957913158237,0.0,5.579064641219476,31.17711187296487
1,1.14660E+03,18.2,0.0,0.0,0.0,0.0,14660,27.435247076317104,562.4830869533188,0.0,74.97482994867765,0.0,1.028288682071556,0.0509540063354859
2,1.81630E+00,16.7,0.0,0.002,0.0,0.0,82,12.954862920778917,339.04961411245864,41.12458654906284,34.619625137816975,0.0,16.5380374862183,0.0
3,1.50535E+02,16.7,0.0,0.0,0.0,0.0,5054,41.958584091155615,641.3518076580588,0.0,68.74977738201247,0.0,0.309884238646482,0.003561887800534
4,1.38595E+03,18.3,0.0,0.0,0.0,0.0,38595,35.874289922904694,809.4428144354899,0.0,64.04792552794568,0.0,0.282628162077457,0.665528691888665
5,1.26874E+03,14.3,0.0,0.0,0.0,0.0,26874,31.515515664452156,814.6438522696067,0.0,70.19102606179545,0.0,0.517752965525554,0.00971205433392
6,1.12990E+03,16.6,0.0,0.0,0.0,0.0,12990,25.634712806431136,491.1601676713088,0.0,62.08688422365413,0.0,2.404905425067553,0.016628559551029
7,1.12785E+03,18.7,0.006,0.001,0.0,0.0,12785,32.66128311418672,710.7400128117587,0.0,29.085507929915455,7.052098805409095,0.52021371702908,0.002815771134123
8,1.12233E+03,15.5,0.0,0.0,0.0,0.0,12233,30.18670878130093,625.6174932132689,0.0,77.79175586895907,0.0,0.680512333826246,0.0
9,1.19228E+03,18.7,0.0,0.0,0.0,0.0,19228,34.36246307511638,820.1150807395272,0.0,77.95459864263984,0.0,0.482096887432716,0.000936110461034
10,1.40616E+03,18.0,0.0,0.0,0.0,0.0,40616,29.691034248570336,755.0618521292485,0.0,67.4080294979237,0.0,0.742766228068233,0.010636270568996
11,1.16266E+03,14.2,0.0,0.0,0.0,0.0,16266,40.77669054742595,504.2856249654181,0.0,78.59071543185968,0.0,1.397665025175676,2.174514469097549
12,1.51207E+02,15.2,0.0,0.0,0.0,0.0,5121,33.58702833654999,483.4569660966308,0.0,80.6404555600471,0.0,2.052832311018156,0.147635200449936
13,1.22301E+03,14.0,0.0,0.0,0.0,0.0,22301,30.845331735862043,532.8902390791981,0.0,74.23037807122333,0.0,1.298308203919544,0.489539276143739
14,1.43711E+02,13.0,0.0,0.0,0.0,0.0,4371,12.39272077109365,134.60869296656236,15.959067698896392,33.112337341459394,0.0,42.79978586723769,0.422088618020096
15,1.87316E+02,14.1,0.0,0.0,0.0,0.0,8732,15.22976270305725,284.5455482487786,29.212104970211712,36.40973839905997,0.0,6.252447999340329,5.949411449421756
16,1.70627E+02,13.0,0.0,0.0,0.0,0.0,7063,4.208287025399914,72.89904936666922,42.26240538267452,0.0,0.0,26.963070571144584,0.047149374315059
17,1.35018E+03,12.2,0.0,0.0,0.0,0.0,35018,19.152642394642903,261.0541831153878,15.664322723908215,36.570133234641006,0.0,9.855868081256682,0.462620281273131
18,1.17507E+03,13.1,0.0,0.0,0.0,0.0,17507,27.858034110475717,391.41686244068944,13.32617066011402,57.47942445007634,0.0,3.693574670868311,1.801292365584211
19,1.35436E+03,12.9,0.0,0.0,0.0,0.0,35436,26.41756080268095,438.7000619717165,10.191553559817946,39.18237971391417,0.0,2.672657265929779,0.853634996749025
20,1.11300E+03,13.0,0.0,0.0,0.0,0.0,11300,32.057487961659845,489.7347021671432,0.0,70.59901080784027,0.0,7.1346081859235255,1.642281991446116
21,1.20005E+03,13.0,0.0,0.0,0.0,0.0,20005,25.025608937481863,330.604511386437,23.11838115546918,47.699318883220414,0.0,9.60086736667836,0.116068777498853
22,1.19905E+03,14.4,0.0,0.0,0.0,0.0,19905,26.86646520042202,412.7586980209883,11.108599228651132,41.351714284422464,0.0,3.86171785631932,1.5580704522744848
23,1.24503E+03,13.6,0.0,0.0,0.0,0.0,24502,34.75216078793627,721.3639816345271,0.0,74.36914600550963,0.0,0.606795224977044,0.01505968778696
24,1.12981E+03,14.1,0.0,0.0,0.0,0.0,12981,24.182426273681894,396.8857235957237,11.458145564969008,64.65217210443849,0.0,1.911424173934746,1.562001691648526
25,1.28206E+03,15.7,0.0,0.0,0.0,0.0,28206,32.08664439145956,629.6594161510898,3.73863683500158,30.325491459877536,0.0,1.154424175901316,0.066368222384597
26,1.14931E+03,15.4,0.0,0.0,0.0,0.0,14931,19.678815390948746,307.2944147749876,8.013164398259214,50.06811250015069,0.0,5.168111294619716,0.074140155031284
27,1.37620E+00,9.6,0.0,0.0,0.0,0.0,38,4.463205406326426,28.258373205741627,0.239234449760766,0.0,0.0,0.0,0.0
28,1.76990E+02,10.9,0.0,0.0,0.0,0.0,7699,2.927109847097829,33.73128448517722,38.02370709810156,0.0,0.0,39.22192088282053,8.569858786121761
29,1.10083E+03,12.0,0.0,0.0,0.0,0.0,10083,2.568417997307553,54.73326549375608,37.75718787099769,0.0,0.0,34.11973685385034,6.057360147818868
30,1.31632E+02,12.1,0.0,0.0,0.0,0.0,3163,2.552870526126334,40.06285031439384,46.60710729222978,0.0,0.0,33.90901072637779,2.728540131447918
31,1.28342E+03,10.8,0.0,0.0,0.0,0.0,28342,4.410624211260036,52.966508316556265,40.11380884940015,0.0,0.0,22.40992778980928,0.330566440361495
32,1.37645E+03,13.1,0.0,0.0,0.0,0.0,37645,11.57116200308904,221.8039844314069,8.30739364728721,23.717957913158237,0.0,5.579064641219476,31.17711187296487
1,2.14660E+03,6.3,0.001,0.001,0.0,0.001,14660,27.435247076317104,562.4830869533188,0.0,74.97482994867765,0.0,1.028288682071556,0.0509540063354859
2,2.81630E+00,6.2,0.017,0.022,0.006,0.001,82,12.954862920778917,339.04961411245864,41.12458654906284,34.619625137816975,0.0,16.5380374862183,0.0
3,2.50535E+02,6.2,0.001,0.001,0.0,0.001,5054,41.958584091155615,641.3518076580588,0.0,68.74977738201247,0.0,0.309884238646482,0.003561887800534
4,2.38595E+03,6.8,0.001,0.002,0.0,0.001,38595,35.874289922904694,809.4428144354899,0.0,64.04792552794568,0.0,0.282628162077457,0.665528691888665
5,2.26874E+03,5.0,0.001,0.001,0.0,0.001,26874,31.515515664452156,814.6438522696067,0.0,70.19102606179545,0.0,0.517752965525554,0.00971205433392
6,2.12990E+03,5.4,0.001,0.002,0.0,0.001,12990,25.634712806431136,491.1601676713088,0.0,62.08688422365413,0.0,2.404905425067553,0.016628559551029
7,2.12785E+03,7.1,0.074,0.022,0.003,0.001,12785,32.66128311418672,710.7400128117587,0.0,29.085507929915455,7.052098805409095,0.52021371702908,0.002815771134123
8,2.12233E+03,5.5,0.001,0.001,0.0,0.001,12233,30.18670878130093,625.6174932132689,0.0,77.79175586895907,0.0,0.680512333826246,0.0
9,2.19228E+03,7.1,0.001,0.001,0.0,0.001,19228,34.36246307511638,820.1150807395272,0.0,77.95459864263984,0.0,0.482096887432716,0.000936110461034
10,2.40616E+03,5.7,0.001,0.001,0.0,0.001,40616,29.691034248570336,755.0618521292485,0.0,67.4080294979237,0.0,0.742766228068233,0.010636270568996
11,2.16266E+03,5.2,0.0,0.0,0.0,0.0,16266,40.77669054742595,504.2856249654181,0.0,78.59071543185968,0.0,1.397665025175676,2.174514469097549
12,2.51207E+02,5.4,0.0,0.001,0.0,0.0,5121,33.58702833654999,483.4569660966308,0.0,80.6404555600471,0.0,2.052832311018156,0.147635200449936
13,2.22301E+03,5.3,0.0,0.0,0.0,0.0,22301,30.845331735862043,532.8902390791981,0.0,74.23037807122333,0.0,1.298308203919544,0.489539276143739
14,2.43711E+02,3.8,0.013,0.01,0.003,0.003,4371,12.39272077109365,134.60869296656236,15.959067698896392,33.112337341459394,0.0,42.79978586723769,0.422088618020096
15,2.87316E+02,5.3,0.028,0.016,0.007,0.001,8732,15.22976270305725,284.5455482487786,29.212104970211712,36.40973839905997,0.0,6.252447999340329,5.949411449421756
16,2.70627E+02,3.8,0.007,0.006,0.002,0.003,7063,4.208287025399914,72.89904936666922,42.26240538267452,0.0,0.0,26.963070571144584,0.047149374315059
17,2.35018E+03,3.9,0.01,0.006,0.002,0.001,35018,19.152642394642903,261.0541831153878,15.664322723908215,36.570133234641006,0.0,9.855868081256682,0.462620281273131
18,2.17507E+03,3.9,0.015,0.007,0.002,0.001,17507,27.858034110475717,391.41686244068944,13.32617066011402,57.47942445007634,0.0,3.693574670868311,1.801292365584211
19,2.35436E+03,4.2,0.014,0.006,0.003,0.001,35436,26.41756080268095,438.7000619717165,10.191553559817946,39.18237971391417,0.0,2.672657265929779,0.853634996749025
20,2.11300E+03,3.8,0.0,0.001,0.0,0.001,11300,32.057487961659845,489.7347021671432,0.0,70.59901080784027,0.0,7.1346081859235255,1.642281991446116
21,2.20005E+03,3.8,0.008,0.005,0.002,0.001,20005,25.025608937481863,330.604511386437,23.11838115546918,47.699318883220414,0.0,9.60086736667836,0.116068777498853
22,2.19905E+03,5.4,0.014,0.008,0.003,0.001,19905,26.86646520042202,412.7586980209883,11.108599228651132,41.351714284422464,0.0,3.86171785631932,1.5580704522744848
23,2.24503E+03,4.5,0.001,0.001,0.0,0.001,24502,34.75216078793627,721.3639816345271,0.0,74.36914600550963,0.0,0.606795224977044,0.01505968778696
24,2.12981E+03,5.3,0.011,0.006,0.003,0.001,12981,24.182426273681894,396.8857235957237,11.458145564969008,64.65217210443849,0.0,1.911424173934746,1.562001691648526
25,2.28206E+03,6.6,0.021,0.021,0.008,0.001,28206,32.08664439145956,629.6594161510898,3.73863683500158,30.325491459877536,0.0,1.154424175901316,0.066368222384597
26,2.14931E+03,6.3,0.024,0.015,0.005,0.002,14931,19.678815390948746,307.2944147749876,8.013164398259214,50.06811250015069,0.0,5.168111294619716,0.074140155031284
27,2.37620E+00,2.2,0.013,0.008,0.002,0.001,38,4.463205406326426,28.258373205741627,0.239234449760766,0.0,0.0,0.0,0.0
28,2.76990E+02,2.8,0.003,0.005,0.002,0.002,7699,2.927109847097829,33.73128448517722,38.02370709810156,0.0,0.0,39.22192088282053,8.569858786121761
29,2.10083E+03,3.4,0.001,0.002,0.001,0.002,10083,2.568417997307553,54.73326549375608,37.75718787099769,0.0,0.0,34.11973685385034,6.057360147818868
30,2.31632E+02,3.5,0.004,0.005,0.002,0.002,3163,2.552870526126334,40.06285031439384,46.60710729222978,0.0,0.0,33.90901072637779,2.728540131447918
31,2.28342E+03,2.9,0.009,0.011,0.003,0.003,28342,4.410624211260036,52.966508316556265,40.11380884940015,0.0,0.0,22.40992778980928,0.330566440361495
32,2.37645E+03,4.5,0.01,0.005,0.002,0.001,37645,11.57116200308904,221.8039844314069,8.30739364728721,23.717957913158237,0.0,5.579064641219476,31.17711187296487
1,3.14660E+03,382.9,0.06,0.084,0.012,0.026,14660,27.435247076317104,562.4830869533188,0.0,74.97482994867765,0.0,1.028288682071556,0.0509540063354859
2,3.81630E+00,379.7,0.566,0.579,0.164,0.081,82,12.954862920778917,339.04961411245864,41.12458654906284,34.619625137816975,0.0,16.5380374862183,0.0
3,3.50535E+02,379.7,0.044,0.068,0.009,0.031,5054,41.958584091155615,641.3518076580588,0.0,68.74977738201247,0.0,0.309884238646482,0.003561887800534
4,3.38595E+03,412.1,0.077,0.119,0.016,0.027,38595,35.874289922904694,809.4428144354899,0.0,64.04792552794568,0.0,0.282628162077457,0.665528691888665
5,3.26874E+03,352.6,0.056,0.084,0.011,0.024,26874,31.515515664452156,814.6438522696067,0.0,70.19102606179545,0.0,0.517752965525554,0.00971205433392
6,3.12990E+03,356.9,0.051,0.072,0.011,0.028,12990,25.634712806431136,491.1601676713088,0.0,62.08688422365413,0.0,2.404905425067553,0.016628559551029
7,3.12785E+03,391.6,2.526,0.626,0.088,0.03,12785,32.66128311418672,710.7400128117587,0.0,29.085507929915455,7.052098805409095,0.52021371702908,0.002815771134123
8,3.12233E+03,330.4,0.04,0.072,0.01,0.025,12233,30.18670878130093,625.6174932132689,0.0,77.79175586895907,0.0,0.680512333826246,0.0
9,3.19228E+03,391.6,0.042,0.077,0.01,0.03,19228,34.36246307511638,820.1150807395272,0.0,77.95459864263984,0.0,0.482096887432716,0.000936110461034
10,3.40616E+03,362.2,0.06,0.104,0.014,0.026,40616,29.691034248570336,755.0618521292485,0.0,67.4080294979237,0.0,0.742766228068233,0.010636270568996
11,3.16266E+03,315.7,0.027,0.038,0.005,0.018,16266,40.77669054742595,504.2856249654181,0.0,78.59071543185968,0.0,1.397665025175676,2.174514469097549
12,3.51207E+02,347.7,0.031,0.048,0.007,0.022,5121,33.58702833654999,483.4569660966308,0.0,80.6404555600471,0.0,2.052832311018156,0.147635200449936
13,3.22301E+03,271.4,0.028,0.036,0.005,0.016,22301,30.845331735862043,532.8902390791981,0.0,74.23037807122333,0.0,1.298308203919544,0.489539276143739
14,3.43711E+02,230.9,0.141,0.152,0.046,0.093,4371,12.39272077109365,134.60869296656236,15.959067698896392,33.112337341459394,0.0,42.79978586723769,0.422088618020096
15,3.87316E+02,234.4,0.332,0.254,0.1,0.03,8732,15.22976270305725,284.5455482487786,29.212104970211712,36.40973839905997,0.0,6.252447999340329,5.949411449421756
16,3.70627E+02,230.9,0.124,0.129,0.042,0.09,7063,4.208287025399914,72.89904936666922,42.26240538267452,0.0,0.0,26.963070571144584,0.047149374315059
17,3.35018E+03,136.8,0.09,0.063,0.019,0.014,35018,19.152642394642903,261.0541831153878,15.664322723908215,36.570133234641006,0.0,9.855868081256682,0.462620281273131
18,3.17507E+03,281.3,0.273,0.191,0.049,0.03,17507,27.858034110475717,391.41686244068944,13.32617066011402,57.47942445007634,0.0,3.693574670868311,1.801292365584211
19,3.35436E+03,305.4,0.286,0.176,0.055,0.026,35436,26.41756080268095,438.7000619717165,10.191553559817946,39.18237971391417,0.0,2.672657265929779,0.853634996749025
20,3.11300E+03,230.9,0.031,0.051,0.008,0.026,11300,32.057487961659845,489.7347021671432,0.0,70.59901080784027,0.0,7.1346081859235255,1.642281991446116
21,3.20005E+03,230.9,0.121,0.117,0.032,0.04,20005,25.025608937481863,330.604511386437,23.11838115546918,47.699318883220414,0.0,9.60086736667836,0.116068777498853
22,3.19905E+03,144.4,0.066,0.05,0.017,0.009,19905,26.86646520042202,412.7586980209883,11.108599228651132,41.351714284422464,0.0,3.86171785631932,1.5580704522744848
23,3.24503E+03,285.2,0.027,0.05,0.007,0.021,24502,34.75216078793627,721.3639816345271,0.0,74.36914600550963,0.0,0.606795224977044,0.01505968778696
24,3.12981E+03,234.4,0.135,0.109,0.039,0.017,12981,24.182426273681894,396.8857235957237,11.458145564969008,64.65217210443849,0.0,1.911424173934746,1.562001691648526
25,3.28206E+03,192.8,0.165,0.133,0.048,0.018,28206,32.08664439145956,629.6594161510898,3.73863683500158,30.325491459877536,0.0,1.154424175901316,0.066368222384597
26,3.14931E+03,204.1,0.143,0.12,0.039,0.026,14931,19.678815390948746,307.2944147749876,8.013164398259214,50.06811250015069,0.0,5.168111294619716,0.074140155031284
27,3.37620E+00,83.7,0.045,0.029,0.008,0.006,38,4.463205406326426,28.258373205741627,0.239234449760766,0.0,0.0,0.0,0.0
28,3.76990E+02,142.4,0.065,0.094,0.026,0.066,7699,2.927109847097829,33.73128448517722,38.02370709810156,0.0,0.0,39.22192088282053,8.569858786121761
29,3.10083E+03,154.2,0.042,0.057,0.018,0.063,10083,2.568417997307553,54.73326549375608,37.75718787099769,0.0,0.0,34.11973685385034,6.057360147818868
30,3.31632E+02,181.3,0.121,0.121,0.035,0.089,3163,2.552870526126334,40.06285031439384,46.60710729222978,0.0,0.0,33.90901072637779,2.728540131447918
31,3.28342E+03,118.5,0.052,0.068,0.016,0.032,28342,4.410624211260036,52.966508316556265,40.11380884940015,0.0,0.0,22.40992778980928,0.330566440361495
32,3.37645E+03,210.9,0.215,0.093,0.03,0.024,37645,11.57116200308904,221.8039844314069,8.30739364728721,23.717957913158237,0.0,5.579064641219476,31.17711187296487
1,4.14660E+03,350.5,0.127,0.148,0.02,0.026,14660,27.435247076317104,562.4830869533188,0.0,74.97482994867765,0.0,1.028288682071556,0.0509540063354859
2,4.81630E+00,359.9,0.905,0.663,0.177,0.112,82,12.954862920778917,339.04961411245864,41.12458654906284,34.619625137816975,0.0,16.5380374862183,0.0
3,4.50535E+02,359.9,0.127,0.183,0.024,0.033,5054,41.958584091155615,641.3518076580588,0.0,68.74977738201247,0.0,0.309884238646482,0.003561887800534
4,4.38595E+03,305.2,0.131,0.153,0.02,0.021,38595,35.874289922904694,809.4428144354899,0.0,64.04792552794568,0.0,0.282628162077457,0.665528691888665
5,4.26874E+03,353.5,0.186,0.216,0.028,0.029,26874,31.515515664452156,814.6438522696067,0.0,70.19102606179545,0.0,0.517752965525554,0.00971205433392
6,4.12990E+03,382.3,0.146,0.158,0.022,0.035,12990,25.634712806431136,491.1601676713088,0.0,62.08688422365413,0.0,2.404905425067553,0.016628559551029
7,4.12785E+03,322.0,3.27,0.487,0.066,0.026,12785,32.66128311418672,710.7400128117587,0.0,29.085507929915455,7.052098805409095,0.52021371702908,0.002815771134123
8,4.12233E+03,373.7,0.131,0.191,0.025,0.032,12233,30.18670878130093,625.6174932132689,0.0,77.79175586895907,0.0,0.680512333826246,0.0
9,4.19228E+03,322.0,0.092,0.148,0.019,0.025,19228,34.36246307511638,820.1150807395272,0.0,77.95459864263984,0.0,0.482096887432716,0.000936110461034
10,4.40616E+03,372.6,0.218,0.266,0.035,0.029,40616,29.691034248570336,755.0618521292485,0.0,67.4080294979237,0.0,0.742766228068233,0.010636270568996
11,4.16266E+03,373.3,0.121,0.129,0.018,0.028,16266,40.77669054742595,504.2856249654181,0.0,78.59071543185968,0.0,1.397665025175676,2.174514469097549
12,4.51207E+02,389.8,0.126,0.136,0.019,0.031,5121,33.58702833654999,483.4569660966308,0.0,80.6404555600471,0.0,2.052832311018156,0.147635200449936
13,4.22301E+03,340.8,0.121,0.129,0.017,0.027,22301,30.845331735862043,532.8902390791981,0.0,74.23037807122333,0.0,1.298308203919544,0.489539276143739
14,4.43711E+02,304.9,0.502,0.358,0.094,0.185,4371,12.39272077109365,134.60869296656236,15.959067698896392,33.112337341459394,0.0,42.79978586723769,0.422088618020096
15,4.87316E+02,315.8,0.702,0.353,0.119,0.065,8732,15.22976270305725,284.5455482487786,29.212104970211712,36.40973839905997,0.0,6.252447999340329,5.949411449421756
16,4.70627E+02,304.9,0.439,0.288,0.087,0.184,7063,4.208287025399914,72.89904936666922,42.26240538267452,0.0,0.0,26.963070571144584,0.047149374315059
17,4.35018E+03,285.8,1.026,0.481,0.117,0.074,35018,19.152642394642903,261.0541831153878,15.664322723908215,36.570133234641006,0.0,9.855868081256682,0.462620281273131
18,4.17507E+03,330.6,0.697,0.421,0.088,0.048,17507,27.858034110475717,391.41686244068944,13.32617066011402,57.47942445007634,0.0,3.693574670868311,1.801292365584211
19,4.35436E+03,348.0,0.672,0.366,0.088,0.041,35436,26.41756080268095,438.7000619717165,10.191553559817946,39.18237971391417,0.0,2.672657265929779,0.853634996749025
20,4.11300E+03,304.9,0.195,0.24,0.034,0.052,11300,32.057487961659845,489.7347021671432,0.0,70.59901080784027,0.0,7.1346081859235255,1.642281991446116
21,4.20005E+03,304.9,0.519,0.329,0.079,0.082,20005,25.025608937481863,330.604511386437,23.11838115546918,47.699318883220414,0.0,9.60086736667836,0.116068777498853
22,4.19905E+03,289.6,0.693,0.32,0.096,0.046,19905,26.86646520042202,412.7586980209883,11.108599228651132,41.351714284422464,0.0,3.86171785631932,1.5580704522744848
23,4.24503E+03,355.1,0.148,0.179,0.024,0.033,24502,34.75216078793627,721.3639816345271,0.0,74.36914600550963,0.0,0.606795224977044,0.01505968778696
24,4.12981E+03,315.8,0.351,0.207,0.057,0.036,12981,24.182426273681894,396.8857235957237,11.458145564969008,64.65217210443849,0.0,1.911424173934746,1.562001691648526
25,4.28206E+03,303.3,0.6,0.364,0.108,0.049,28206,32.08664439145956,629.6594161510898,3.73863683500158,30.325491459877536,0.0,1.154424175901316,0.066368222384597
26,4.14931E+03,308.5,0.583,0.346,0.097,0.062,14931,19.678815390948746,307.2944147749876,8.013164398259214,50.06811250015069,0.0,5.168111294619716,0.074140155031284
27,4.37620E+00,294.7,1.228,0.741,0.192,0.084,38,4.463205406326426,28.258373205741627,0.239234449760766,0.0,0.0,0.0,0.0
28,4.76990E+02,274.7,0.288,0.331,0.084,0.207,7699,2.927109847097829,33.73128448517722,38.02370709810156,0.0,0.0,39.22192088282053,8.569858786121761
29,4.10083E+03,273.3,0.207,0.228,0.064,0.183,10083,2.568417997307553,54.73326549375608,37.75718787099769,0.0,0.0,34.11973685385034,6.057360147818868
30,4.31632E+02,268.9,0.334,0.293,0.079,0.202,3163,2.552870526126334,40.06285031439384,46.60710729222978,0.0,0.0,33.90901072637779,2.728540131447918
31,4.28342E+03,280.1,0.437,0.418,0.095,0.18,28342,4.410624211260036,52.966508316556265,40.11380884940015,0.0,0.0,22.40992778980928,0.330566440361495
32,4.37645E+03,320.1,0.553,0.258,0.066,0.053,37645,11.57116200308904,221.8039844314069,8.30739364728721,23.717957913158237,0.0,5.579064641219476,31.17711187296487
1,5.14660E+03,1271.7,1.455,1.58,0.207,0.116,14660,27.435247076317104,562.4830869533188,0.0,74.97482994867765,0.0,1.028288682071556,0.0509540063354859
2,5.81630E+00,1241.7,5.265,2.809,0.705,0.421,82,12.954862920778917,339.04961411245864,41.12458654906284,34.619625137816975,0.0,16.5380374862183,0.0
3,5.50535E+02,1241.7,1.237,1.573,0.205,0.129,5054,41.958584091155615,641.3518076580588,0.0,68.74977738201247,0.0,0.309884238646482,0.003561887800534
4,5.38595E+03,1328.8,1.505,1.876,0.243,0.108,38595,35.874289922904694,809.4428144354899,0.0,64.04792552794568,0.0,0.282628162077457,0.665528691888665
5,5.26874E+03,1090.7,1.42,1.627,0.212,0.101,26874,31.515515664452156,814.6438522696067,0.0,70.19102606179545,0.0,0.517752965525554,0.00971205433392
6,5.12990E+03,1191.6,1.728,1.567,0.21,0.132,12990,25.634712806431136,491.1601676713088,0.0,62.08688422365413,0.0,2.404905425067553,0.016628559551029
7,5.12785E+03,1290.2,18.103,2.353,0.31,0.124,12785,32.66128311418672,710.7400128117587,0.0,29.085507929915455,7.052098805409095,0.52021371702908,0.002815771134123
8,5.12233E+03,1088.0,1.214,1.376,0.18,0.109,12233,30.18670878130093,625.6174932132689,0.0,77.79175586895907,0.0,0.680512333826246,0.0
9,5.19228E+03,1290.2,1.28,1.971,0.255,0.129,19228,34.36246307511638,820.1150807395272,0.0,77.95459864263984,0.0,0.482096887432716,0.000936110461034
10,5.40616E+03,1223.9,1.57,1.905,0.247,0.115,40616,29.691034248570336,755.0618521292485,0.0,67.4080294979237,0.0,0.742766228068233,0.010636270568996
11,5.16266E+03,1059.7,0.769,0.894,0.119,0.102,16266,40.77669054742595,504.2856249654181,0.0,78.59071543185968,0.0,1.397665025175676,2.174514469097549
12,5.51207E+02,1158.1,1.6,1.285,0.172,0.119,5121,33.58702833654999,483.4569660966308,0.0,80.6404555600471,0.0,2.052832311018156,0.147635200449936
13,5.22301E+03,993.0,0.976,1.052,0.14,0.105,22301,30.845331735862043,532.8902390791981,0.0,74.23037807122333,0.0,1.298308203919544,0.489539276143739
14,5.43711E+02,801.1,2.021,1.47,0.329,0.534,4371,12.39272077109365,134.60869296656236,15.959067698896392,33.112337341459394,0.0,42.79978586723769,0.422088618020096
15,5.87316E+02,945.0,4.133,1.827,0.546,0.222,8732,15.22976270305725,284.5455482487786,29.212104970211712,36.40973839905997,0.0,6.252447999340329,5.949411449421756
16,5.70627E+02,801.1,1.5,1.095,0.316,0.528,7063,4.208287025399914,72.89904936666922,42.26240538267452,0.0,0.0,26.963070571144584,0.047149374315059
17,5.35018E+03,691.9,3.173,1.76,0.361,0.199,35018,19.152642394642903,261.0541831153878,15.664322723908215,36.570133234641006,0.0,9.855868081256682,0.462620281273131
18,5.17507E+03,870.4,3.226,2.145,0.379,0.139,17507,27.858034110475717,391.41686244068944,13.32617066011402,57.47942445007634,0.0,3.693574670868311,1.801292365584211
19,5.35436E+03,910.6,3.001,1.72,0.341,0.121,35436,26.41756080268095,438.7000619717165,10.191553559817946,39.18237971391417,0.0,2.672657265929779,0.853634996749025
20,5.11300E+03,801.1,1.404,1.781,0.239,0.159,11300,32.057487961659845,489.7347021671432,0.0,70.59901080784027,0.0,7.1346081859235255,1.642281991446116
21,5.20005E+03,801.1,2.451,1.916,0.361,0.24,20005,25.025608937481863,330.604511386437,23.11838115546918,47.699318883220414,0.0,9.60086736667836,0.116068777498853
22,5.19905E+03,849.5,2.687,1.493,0.346,0.152,19905,26.86646520042202,412.7586980209883,11.108599228651132,41.351714284422464,0.0,3.86171785631932,1.5580704522744848
23,5.24503E+03,972.0,0.953,1.201,0.158,0.109,24502,34.75216078793627,721.3639816345271,0.0,74.36914600550963,0.0,0.606795224977044,0.01505968778696
24,5.12981E+03,945.0,2.208,1.279,0.291,0.135,12981,24.182426273681894,396.8857235957237,11.458145564969008,64.65217210443849,0.0,1.911424173934746,1.562001691648526
25,5.28206E+03,975.8,2.999,1.792,0.408,0.173,28206,32.08664439145956,629.6594161510898,3.73863683500158,30.325491459877536,0.0,1.154424175901316,0.066368222384597
26,5.14931E+03,966.0,2.821,1.795,0.403,0.217,14931,19.678815390948746,307.2944147749876,8.013164398259214,50.06811250015069,0.0,5.168111294619716,0.074140155031284
27,5.37620E+00,680.6,2.467,1.976,0.494,0.186,38,4.463205406326426,28.258373205741627,0.239234449760766,0.0,0.0,0.0,0.0
28,5.76990E+02,665.4,0.769,0.965,0.236,0.532,7699,2.927109847097829,33.73128448517722,38.02370709810156,0.0,0.0,39.22192088282053,8.569858786121761
29,5.10083E+03,649.5,0.591,0.706,0.19,0.481,10083,2.568417997307553,54.73326549375608,37.75718787099769,0.0,0.0,34.11973685385034,6.057360147818868
30,5.31632E+02,674.2,0.74,0.848,0.219,0.571,3163,2.552870526126334,40.06285031439384,46.60710729222978,0.0,0.0,33.90901072637779,2.728540131447918
31,5.28342E+03,641.7,1.278,1.243,0.276,0.422,28342,4.410624211260036,52.966508316556265,40.11380884940015,0.0,0.0,22.40992778980928,0.330566440361495
32,5.37645E+03,872.0,2.939,1.306,0.273,0.163,37645,11.57116200308904,221.8039844314069,8.30739364728721,23.717957913158237,0.0,5.579064641219476,31.17711187296487
1,6.14660E+03,1131.6,2.147,2.082,0.271,0.09,14660,27.435247076317104,562.4830869533188,0.0,74.97482994867765,0.0,1.028288682071556,0.0509540063354859
2,6.81630E+00,1129.2,6.334,2.118,0.465,0.231,82,12.954862920778917,339.04961411245864,41.12458654906284,34.619625137816975,0.0,16.5380374862183,0.0
3,6.50535E+02,1129.2,1.308,1.775,0.23,0.103,5054,41.958584091155615,641.3518076580588,0.0,68.74977738201247,0.0,0.309884238646482,0.003561887800534
4,6.38595E+03,1160.4,2.427,2.693,0.347,0.082,38595,35.874289922904694,809.4428144354899,0.0,64.04792552794568,0.0,0.282628162077457,0.665528691888665
5,6.26874E+03,951.7,1.846,1.828,0.237,0.074,26874,31.515515664452156,814.6438522696067,0.0,70.19102606179545,0.0,0.517752965525554,0.00971205433392
6,6.12990E+03,1082.7,2.286,1.894,0.25,0.1,12990,25.634712806431136,491.1601676713088,0.0,62.08688422365413,0.0,2.404905425067553,0.016628559551029
7,6.12785E+03,1136.9,19.045,1.998,0.258,0.094,12785,32.66128311418672,710.7400128117587,0.0,29.085507929915455,7.052098805409095,0.52021371702908,0.002815771134123
8,6.12233E+03,1015.9,1.753,1.923,0.25,0.089,12233,30.18670878130093,625.6174932132689,0.0,77.79175586895907,0.0,0.680512333826246,0.0
9,6.19228E+03,1136.9,1.62,2.185,0.281,0.101,19228,34.36246307511638,820.1150807395272,0.0,77.95459864263984,0.0,0.482096887432716,0.000936110461034
10,6.40616E+03,1099.3,1.954,2.1,0.271,0.09,40616,29.691034248570336,755.0618521292485,0.0,67.4080294979237,0.0,0.742766228068233,0.010636270568996
11,6.16266E+03,1012.5,1.44,1.33,0.175,0.084,16266,40.77669054742595,504.2856249654181,0.0,78.59071543185968,0.0,1.397665025175676,2.174514469097549
12,6.51207E+02,1080.3,2.441,1.67,0.221,0.092,5121,33.58702833654999,483.4569660966308,0.0,80.6404555600471,0.0,2.052832311018156,0.147635200449936
13,6.22301E+03,952.7,1.367,1.297,0.171,0.087,22301,30.845331735862043,532.8902390791981,0.0,74.23037807122333,0.0,1.298308203919544,0.489539276143739
14,6.43711E+02,881.4,2.723,1.365,0.289,0.334,4371,12.39272077109365,134.60869296656236,15.959067698896392,33.112337341459394,0.0,42.79978586723769,0.422088618020096
15,6.87316E+02,938.3,5.263,1.636,0.418,0.113,8732,15.22976270305725,284.5455482487786,29.212104970211712,36.40973839905997,0.0,6.252447999340329,5.949411449421756
16,6.70627E+02,881.4,2.079,1.105,0.303,0.278,7063,4.208287025399914,72.89904936666922,42.26240538267452,0.0,0.0,26.963070571144584,0.047149374315059
17,6.35018E+03,823.5,5.915,2.189,0.396,0.136,35018,19.152642394642903,261.0541831153878,15.664322723908215,36.570133234641006,0.0,9.855868081256682,0.462620281273131
18,6.17507E+03,828.7,3.302,1.625,0.257,0.076,17507,27.858034110475717,391.41686244068944,13.32617066011402,57.47942445007634,0.0,3.693574670868311,1.801292365584211
19,6.35436E+03,790.5,2.929,1.037,0.192,0.057,35436,26.41756080268095,438.7000619717165,10.191553559817946,39.18237971391417,0.0,2.672657265929779,0.853634996749025
20,6.11300E+03,881.4,1.688,1.757,0.236,0.124,11300,32.057487961659845,489.7347021671432,0.0,70.59901080784027,0.0,7.1346081859235255,1.642281991446116
21,6.20005E+03,881.4,3.13,1.674,0.31,0.141,20005,25.025608937481863,330.604511386437,23.11838115546918,47.699318883220414,0.0,9.60086736667836,0.116068777498853
22,6.19905E+03,1162.2,5.264,2.094,0.405,0.128,19905,26.86646520042202,412.7586980209883,11.108599228651132,41.351714284422464,0.0,3.86171785631932,1.5580704522744848
23,6.24503E+03,992.1,1.546,1.556,0.203,0.096,24502,34.75216078793627,721.3639816345271,0.0,74.36914600550963,0.0,0.606795224977044,0.01505968778696
24,6.12981E+03,938.3,3.003,1.394,0.262,0.086,12981,24.182426273681894,396.8857235957237,11.458145564969008,64.65217210443849,0.0,1.911424173934746,1.562001691648526
25,6.28206E+03,1279.4,5.434,2.504,0.451,0.154,28206,32.08664439145956,629.6594161510898,3.73863683500158,30.325491459877536,0.0,1.154424175901316,0.066368222384597
26,6.14931E+03,1197.0,4.292,2.364,0.429,0.168,14931,19.678815390948746,307.2944147749876,8.013164398259214,50.06811250015069,0.0,5.168111294619716,0.074140155031284
27,6.37620E+00,939.6,5.484,2.493,0.585,0.01,38,4.463205406326426,28.258373205741627,0.239234449760766,0.0,0.0,0.0,0.0
28,6.76990E+02,784.3,1.081,0.939,0.222,0.262,7699,2.927109847097829,33.73128448517722,38.02370709810156,0.0,0.0,39.22192088282053,8.569858786121761
29,6.10083E+03,794.0,0.875,0.796,0.209,0.261,10083,2.568417997307553,54.73326549375608,37.75718787099769,0.0,0.0,34.11973685385034,6.057360147818868
30,6.31632E+02,801.4,1.192,0.93,0.237,0.319,3163,2.552870526126334,40.06285031439384,46.60710729222978,0.0,0.0,33.90901072637779,2.728540131447918
31,6.28342E+03,795.4,1.905,1.308,0.28,0.221,28342,4.410624211260036,52.966508316556265,40.11380884940015,0.0,0.0,22.40992778980928,0.330566440361495
32,6.37645E+03,913.6,3.687,1.094,0.214,0.085,37645,11.57116200308904,221.8039844314069,8.30739364728721,23.717957913158237,0.0,5.579064641219476,31.17711187296487
1,7.14660E+03,3158.699,3.292,3.294,0.43,0.24,14660,27.435247076317104,562.4830869533188,0.0,74.97482994867765,0.0,1.028288682071556,0.0509540063354859
2,7.81630E+00,3279.5,14.469,3.741,0.78,0.448,82,12.954862920778917,339.04961411245864,41.12458654906284,34.619625137816975,0.0,16.5380374862183,0.0
3,7.50535E+02,3279.501,1.85,2.612,0.338,0.302,5054,41.958584091155615,641.3518076580588,0.0,68.74977738201247,0.0,0.309884238646482,0.003561887800534
4,7.38595E+03,2889.4,3.636,3.93,0.506,0.19,38595,35.874289922904694,809.4428144354899,0.0,64.04792552794568,0.0,0.282628162077457,0.665528691888665
5,7.26874E+03,3207.5,3.742,3.876,0.502,0.255,26874,31.515515664452156,814.6438522696067,0.0,70.19102606179545,0.0,0.517752965525554,0.00971205433392
6,7.12990E+03,3310.6,3.384,3.173,0.425,0.28,12990,25.634712806431136,491.1601676713088,0.0,62.08688422365413,0.0,2.404905425067553,0.016628559551029
7,7.12785E+03,2886.799,56.874,3.21,0.415,0.224,12785,32.66128311418672,710.7400128117587,0.0,29.085507929915455,7.052098805409095,0.52021371702908,0.002815771134123
8,7.12233E+03,2953.799,2.917,3.485,0.453,0.259,12233,30.18670878130093,625.6174932132689,0.0,77.79175586895907,0.0,0.680512333826246,0.0
9,7.19228E+03,2886.799,2.932,4.142,0.532,0.253,19228,34.36246307511638,820.1150807395272,0.0,77.95459864263984,0.0,0.482096887432716,0.000936110461034
10,7.40616E+03,3253.9,3.92,4.765,0.615,0.252,40616,29.691034248570336,755.0618521292485,0.0,67.4080294979237,0.0,0.742766228068233,0.010636270568996
11,7.16266E+03,3039.2,2.086,2.327,0.309,0.27,16266,40.77669054742595,504.2856249654181,0.0,78.59071543185968,0.0,1.397665025175676,2.174514469097549
12,7.51207E+02,3428.1,3.1,2.503,0.336,0.299,5121,33.58702833654999,483.4569660966308,0.0,80.6404555600471,0.0,2.052832311018156,0.147635200449936
13,7.22301E+03,2667.1,2.07,2.458,0.326,0.256,22301,30.845331735862043,532.8902390791981,0.0,74.23037807122333,0.0,1.298308203919544,0.489539276143739
14,7.43711E+02,2863.201,6.391,2.153,0.505,0.868,4371,12.39272077109365,134.60869296656236,15.959067698896392,33.112337341459394,0.0,42.79978586723769,0.422088618020096
15,7.87316E+02,2394.2,11.932,2.499,0.596,0.205,8732,15.22976270305725,284.5455482487786,29.212104970211712,36.40973839905997,0.0,6.252447999340329,5.949411449421756
16,7.70627E+02,2863.2,5.538,2.832,0.762,0.71,7063,4.208287025399914,72.89904936666922,42.26240538267452,0.0,0.0,26.963070571144584,0.047149374315059
17,7.35018E+03,2268.2,8.472,2.391,0.455,0.322,35018,19.152642394642903,261.0541831153878,15.664322723908215,36.570133234641006,0.0,9.855868081256682,0.462620281273131
18,7.17507E+03,3022.8,8.016,2.436,0.414,0.284,17507,27.858034110475717,391.41686244068944,13.32617066011402,57.47942445007634,0.0,3.693574670868311,1.801292365584211
19,7.35436E+03,3057.799,8.444,2.206,0.388,0.237,35436,26.41756080268095,438.7000619717165,10.191553559817946,39.18237971391417,0.0,2.672657265929779,0.853634996749025
20,7.11300E+03,2863.2,1.712,1.968,0.282,0.385,11300,32.057487961659845,489.7347021671432,0.0,70.59901080784027,0.0,7.1346081859235255,1.642281991446116
21,7.20005E+03,2863.2,6.538,2.621,0.522,0.41,20005,25.025608937481863,330.604511386437,23.11838115546918,47.699318883220414,0.0,9.60086736667836,0.116068777498853
22,7.19905E+03,2507.5,7.885,2.391,0.437,0.229,19905,26.86646520042202,412.7586980209883,11.108599228651132,41.351714284422464,0.0,3.86171785631932,1.5580704522744848
23,7.24503E+03,3241.701,2.124,2.754,0.361,0.335,24502,34.75216078793627,721.3639816345271,0.0,74.36914600550963,0.0,0.606795224977044,0.01505968778696
24,7.12981E+03,2394.2,5.948,2.141,0.389,0.205,12981,24.182426273681894,396.8857235957237,11.458145564969008,64.65217210443849,0.0,1.911424173934746,1.562001691648526
25,7.28206E+03,2497.9,8.612,2.615,0.443,0.248,28206,32.08664439145956,629.6594161510898,3.73863683500158,30.325491459877536,0.0,1.154424175901316,0.066368222384597
26,7.14931E+03,2470.899,6.609,2.712,0.489,0.297,14931,19.678815390948746,307.2944147749876,8.013164398259214,50.06811250015069,0.0,5.168111294619716,0.074140155031284
27,7.37620E+00,2243.2,11.059,5.005,1.139,0.019,38,4.463205406326426,28.258373205741627,0.239234449760766,0.0,0.0,0.0,0.0
28,7.76990E+02,2334.0,3.043,2.727,0.633,0.778,7699,2.927109847097829,33.73128448517722,38.02370709810156,0.0,0.0,39.22192088282053,8.569858786121761
29,7.10083E+03,2405.8,2.671,2.587,0.661,0.724,10083,2.568417997307553,54.73326549375608,37.75718787099769,0.0,0.0,34.11973685385034,6.057360147818868
30,7.31632E+02,2539.9,3.675,2.977,0.742,0.902,3163,2.552870526126334,40.06285031439384,46.60710729222978,0.0,0.0,33.90901072637779,2.728540131447918
31,7.28342E+03,2232.9,4.534,3.214,0.695,0.572,28342,4.410624211260036,52.966508316556265,40.11380884940015,0.0,0.0,22.40992778980928,0.330566440361495
32,7.37645E+03,2687.5,6.718,1.4,0.283,0.231,37645,11.57116200308904,221.8039844314069,8.30739364728721,23.717957913158237,0.0,5.579064641219476,31.17711187296487
1,8.14660E+03,4379.199,1.653,1.5,0.201,0.297,14660,27.435247076317104,562.4830869533188,0.0,74.97482994867765,0.0,1.028288682071556,0.0509540063354859
2,8.81630E+00,4609.4,21.654,3.05,0.642,0.552,82,12.954862920778917,339.04961411245864,41.12458654906284,34.619625137816975,0.0,16.5380374862183,0.0
3,8.50535E+02,4609.401,0.885,1.272,0.166,0.383,5054,41.958584091155615,641.3518076580588,0.0,68.74977738201247,0.0,0.309884238646482,0.003561887800534
4,8.38595E+03,3414.4,1.434,1.368,0.177,0.202,38595,35.874289922904694,809.4428144354899,0.0,64.04792552794568,0.0,0.282628162077457,0.665528691888665
5,8.26874E+03,3997.3,1.442,1.424,0.187,0.283,26874,31.515515664452156,814.6438522696067,0.0,70.19102606179545,0.0,0.517752965525554,0.00971205433392
6,8.12990E+03,4678.4,1.396,1.268,0.183,0.349,12990,25.634712806431136,491.1601676713088,0.0,62.08688422365413,0.0,2.404905425067553,0.016628559551029
7,8.12785E+03,3877.899,70.419,1.292,0.17,0.274,12785,32.66128311418672,710.7400128117587,0.0,29.085507929915455,7.052098805409095,0.52021371702908,0.002815771134123
8,8.12233E+03,4259.399,1.311,1.458,0.193,0.337,12233,30.18670878130093,625.6174932132689,0.0,77.79175586895907,0.0,0.680512333826246,0.0
9,8.19228E+03,3877.899,1.308,1.707,0.222,0.309,19228,34.36246307511638,820.1150807395272,0.0,77.95459864263984,0.0,0.482096887432716,0.000936110461034
10,8.40616E+03,4392.6,1.866,1.915,0.251,0.295,40616,29.691034248570336,755.0618521292485,0.0,67.4080294979237,0.0,0.742766228068233,0.010636270568996
11,8.16266E+03,4559.9,1.183,1.203,0.167,0.378,16266,40.77669054742595,504.2856249654181,0.0,78.59071543185968,0.0,1.397665025175676,2.174514469097549
12,8.51207E+02,5029.299,1.51,1.217,0.174,0.393,5121,33.58702833654999,483.4569660966308,0.0,80.6404555600471,0.0,2.052832311018156,0.147635200449936
13,8.22301E+03,4091.4,1.135,1.244,0.172,0.37,22301,30.845331735862043,532.8902390791981,0.0,74.23037807122333,0.0,1.298308203919544,0.489539276143739
14,8.43711E+02,3772.801,10.006,1.469,0.401,1.032,4371,12.39272077109365,134.60869296656236,15.959067698896392,33.112337341459394,0.0,42.79978586723769,0.422088618020096
15,8.87316E+02,3637.5,17.627,1.521,0.373,0.291,8732,15.22976270305725,284.5455482487786,29.212104970211712,36.40973839905997,0.0,6.252447999340329,5.949411449421756
16,8.70627E+02,3772.8,8.68,2.78,0.749,0.832,7063,4.208287025399914,72.89904936666922,42.26240538267452,0.0,0.0,26.963070571144584,0.047149374315059
17,8.35018E+03,2944.4,13.188,1.111,0.251,0.394,35018,19.152642394642903,261.0541831153878,15.664322723908215,36.570133234641006,0.0,9.855868081256682,0.462620281273131
18,8.17507E+03,3822.9,9.958,1.212,0.219,0.337,17507,27.858034110475717,391.41686244068944,13.32617066011402,57.47942445007634,0.0,3.693574670868311,1.801292365584211
19,8.35436E+03,3720.599,9.159,0.866,0.166,0.272,35436,26.41756080268095,438.7000619717165,10.191553559817946,39.18237971391417,0.0,2.672657265929779,0.853634996749025
20,8.11300E+03,3772.8,0.671,0.877,0.147,0.472,11300,32.057487961659845,489.7347021671432,0.0,70.59901080784027,0.0,7.1346081859235255,1.642281991446116
21,8.20005E+03,3772.8,8.451,1.58,0.355,0.491,20005,25.025608937481863,330.604511386437,23.11838115546918,47.699318883220414,0.0,9.60086736667836,0.116068777498853
22,8.19905E+03,2663.0,9.434,0.715,0.156,0.232,19905,26.86646520042202,412.7586980209883,11.108599228651132,41.351714284422464,0.0,3.86171785631932,1.5580704522744848
23,8.24503E+03,4589.802,0.848,1.094,0.147,0.436,24502,34.75216078793627,721.3639816345271,0.0,74.36914600550963,0.0,0.606795224977044,0.01505968778696
24,8.12981E+03,3637.5,8.094,1.188,0.228,0.297,12981,24.182426273681894,396.8857235957237,11.458145564969008,64.65217210443849,0.0,1.911424173934746,1.562001691648526
25,8.28206E+03,2572.5,10.295,0.841,0.155,0.245,28206,32.08664439145956,629.6594161510898,3.73863683500158,30.325491459877536,0.0,1.154424175901316,0.066368222384597
26,8.14931E+03,2824.499,8.472,1.197,0.249,0.32,14931,19.678815390948746,307.2944147749876,8.013164398259214,50.06811250015069,0.0,5.168111294619716,0.074140155031284
27,8.37620E+00,3197.4,19.985,4.467,0.983,0.013,38,4.463205406326426,28.258373205741627,0.239234449760766,0.0,0.0,0.0,0.0
28,8.76990E+02,3079.6,4.751,2.957,0.686,0.939,7699,2.927109847097829,33.73128448517722,38.02370709810156,0.0,0.0,39.22192088282053,8.569858786121761
29,8.10083E+03,2980.4,3.667,2.609,0.663,0.802,10083,2.568417997307553,54.73326549375608,37.75718787099769,0.0,0.0,34.11973685385034,6.057360147818868
30,8.31632E+02,3178.3,5.617,3.09,0.77,0.997,3163,2.552870526126334,40.06285031439384,46.60710729222978,0.0,0.0,33.90901072637779,2.728540131447918
31,8.28342E+03,2936.0,7.539,3.22,0.692,0.682,28342,4.410624211260036,52.966508316556265,40.11380884940015,0.0,0.0,22.40992778980928,0.330566440361495
32,8.37645E+03,3867.5,10.324,0.749,0.171,0.301,37645,11.57116200308904,221.8039844314069,8.30739364728721,23.717957913158237,0.0,5.579064641219476,31.17711187296487
1,9.14660E+03,730.4,0.071,0.074,0.01,0.038,14660,27.435247076317104,562.4830869533188,0.0,74.97482994867765,0.0,1.028288682071556,0.0509540063354859
2,9.81630E+00,750.6,2.254,0.356,0.061,0.074,82,12.954862920778917,339.04961411245864,41.12458654906284,34.619625137816975,0.0,16.5380374862183,0.0
3,9.50535E+02,750.6,0.062,0.087,0.011,0.053,5054,41.958584091155615,641.3518076580588,0.0,68.74977738201247,0.0,0.309884238646482,0.003561887800534
4,9.38595E+03,761.6,0.094,0.09,0.012,0.038,38595,35.874289922904694,809.4428144354899,0.0,64.04792552794568,0.0,0.282628162077457,0.665528691888665
5,9.26874E+03,673.5,0.085,0.086,0.011,0.038,26874,31.515515664452156,814.6438522696067,0.0,70.19102606179545,0.0,0.517752965525554,0.00971205433392
6,9.12990E+03,679.2,0.061,0.064,0.01,0.038,12990,25.634712806431136,491.1601676713088,0.0,62.08688422365413,0.0,2.404905425067553,0.016628559551029
7,9.12785E+03,729.7,7.906,0.084,0.011,0.043,12785,32.66128311418672,710.7400128117587,0.0,29.085507929915455,7.052098805409095,0.52021371702908,0.002815771134123
8,9.12233E+03,598.5,0.05,0.061,0.008,0.036,12233,30.18670878130093,625.6174932132689,0.0,77.79175586895907,0.0,0.680512333826246,0.0
9,9.19228E+03,729.7,0.07,0.096,0.013,0.046,19228,34.36246307511638,820.1150807395272,0.0,77.95459864263984,0.0,0.482096887432716,0.000936110461034
10,9.40616E+03,670.7,0.079,0.082,0.011,0.035,40616,29.691034248570336,755.0618521292485,0.0,67.4080294979237,0.0,0.742766228068233,0.010636270568996
11,9.16266E+03,609.5,0.035,0.044,0.007,0.033,16266,40.77669054742595,504.2856249654181,0.0,78.59071543185968,0.0,1.397665025175676,2.174514469097549
12,9.51207E+02,698.0,0.054,0.055,0.009,0.037,5121,33.58702833654999,483.4569660966308,0.0,80.6404555600471,0.0,2.052832311018156,0.147635200449936
13,9.22301E+03,511.9,0.039,0.045,0.007,0.03,22301,30.845331735862043,532.8902390791981,0.0,74.23037807122333,0.0,1.298308203919544,0.489539276143739
14,9.43711E+02,454.5,0.827,0.091,0.029,0.085,4371,12.39272077109365,134.60869296656236,15.959067698896392,33.112337341459394,0.0,42.79978586723769,0.422088618020096
15,9.87316E+02,442.0,1.118,0.064,0.016,0.024,8732,15.22976270305725,284.5455482487786,29.212104970211712,36.40973839905997,0.0,6.252447999340329,5.949411449421756
16,9.70627E+02,454.5,0.703,0.166,0.048,0.069,7063,4.208287025399914,72.89904936666922,42.26240538267452,0.0,0.0,26.963070571144584,0.047149374315059
17,9.35018E+03,380.1,1.036,0.071,0.017,0.038,35018,19.152642394642903,261.0541831153878,15.664322723908215,36.570133234641006,0.0,9.855868081256682,0.462620281273131
18,9.17507E+03,515.5,0.791,0.066,0.012,0.033,17507,27.858034110475717,391.41686244068944,13.32617066011402,57.47942445007634,0.0,3.693574670868311,1.801292365584211
19,9.35436E+03,559.9,0.942,0.051,0.01,0.028,35436,26.41756080268095,438.7000619717165,10.191553559817946,39.18237971391417,0.0,2.672657265929779,0.853634996749025
20,9.11300E+03,454.5,0.026,0.04,0.008,0.039,11300,32.057487961659845,489.7347021671432,0.0,70.59901080784027,0.0,7.1346081859235255,1.642281991446116
21,9.20005E+03,454.5,0.7,0.079,0.019,0.041,20005,25.025608937481863,330.604511386437,23.11838115546918,47.699318883220414,0.0,9.60086736667836,0.116068777498853
22,9.19905E+03,455.4,0.938,0.059,0.013,0.028,19905,26.86646520042202,412.7586980209883,11.108599228651132,41.351714284422464,0.0,3.86171785631932,1.5580704522744848
23,9.24503E+03,604.4,0.045,0.055,0.008,0.042,24502,34.75216078793627,721.3639816345271,0.0,74.36914600550963,0.0,0.606795224977044,0.01505968778696
24,9.12981E+03,442.0,0.518,0.046,0.009,0.023,12981,24.182426273681894,396.8857235957237,11.458145564969008,64.65217210443849,0.0,1.911424173934746,1.562001691648526
25,9.28206E+03,495.8,1.039,0.065,0.012,0.037,28206,32.08664439145956,629.6594161510898,3.73863683500158,30.325491459877536,0.0,1.154424175901316,0.066368222384597
26,9.14931E+03,473.9,0.824,0.089,0.019,0.04,14931,19.678815390948746,307.2944147749876,8.013164398259214,50.06811250015069,0.0,5.168111294619716,0.074140155031284
27,9.37620E+00,369.5,1.157,0.144,0.031,0.001,38,4.463205406326426,28.258373205741627,0.239234449760766,0.0,0.0,0.0,0.0
28,9.76990E+02,336.8,0.346,0.315,0.074,0.101,7699,2.927109847097829,33.73128448517722,38.02370709810156,0.0,0.0,39.22192088282053,8.569858786121761
29,9.10083E+03,346.9,0.273,0.182,0.049,0.066,10083,2.568417997307553,54.73326549375608,37.75718787099769,0.0,0.0,34.11973685385034,6.057360147818868
30,9.31632E+02,341.1,0.429,0.194,0.05,0.076,3163,2.552870526126334,40.06285031439384,46.60710729222978,0.0,0.0,33.90901072637779,2.728540131447918
31,9.28342E+03,344.6,0.599,0.209,0.047,0.057,28342,4.410624211260036,52.966508316556265,40.11380884940015,0.0,0.0,22.40992778980928,0.330566440361495
32,9.37645E+03,491.4,0.563,0.032,0.009,0.025,37645,11.57116200308904,221.8039844314069,8.30739364728721,23.717957913158237,0.0,5.579064641219476,31.17711187296487
1,10.14660E+03,697.9,0.061,0.05,0.007,0.042,14660,27.435247076317104,562.4830869533188,0.0,74.97482994867765,0.0,1.028288682071556,0.0509540063354859
2,10.81630E+00,738.1,2.563,0.289,0.053,0.075,82,12.954862920778917,339.04961411245864,41.12458654906284,34.619625137816975,0.0,16.5380374862183,0.0
3,10.50535E+02,738.1,0.039,0.048,0.006,0.057,5054,41.958584091155615,641.3518076580588,0.0,68.74977738201247,0.0,0.309884238646482,0.003561887800534
4,10.38595E+03,747.3,0.065,0.053,0.007,0.04,38595,35.874289922904694,809.4428144354899,0.0,64.04792552794568,0.0,0.282628162077457,0.665528691888665
5,10.26874E+03,837.6,0.072,0.063,0.009,0.053,26874,31.515515664452156,814.6438522696067,0.0,70.19102606179545,0.0,0.517752965525554,0.00971205433392
6,10.12990E+03,612.9,0.044,0.039,0.007,0.038,12990,25.634712806431136,491.1601676713088,0.0,62.08688422365413,0.0,2.404905425067553,0.016628559551029
7,10.12785E+03,731.8,8.97,0.049,0.007,0.047,12785,32.66128311418672,710.7400128117587,0.0,29.085507929915455,7.052098805409095,0.52021371702908,0.002815771134123
8,10.12233E+03,578.7,0.042,0.044,0.006,0.039,12233,30.18670878130093,625.6174932132689,0.0,77.79175586895907,0.0,0.680512333826246,0.0
9,10.19228E+03,731.8,0.057,0.063,0.008,0.052,19228,34.36246307511638,820.1150807395272,0.0,77.95459864263984,0.0,0.482096887432716,0.000936110461034
10,10.40616E+03,567.7,0.039,0.035,0.005,0.033,40616,29.691034248570336,755.0618521292485,0.0,67.4080294979237,0.0,0.742766228068233,0.010636270568996
11,10.16266E+03,635.8,0.027,0.033,0.005,0.041,16266,40.77669054742595,504.2856249654181,0.0,78.59071543185968,0.0,1.397665025175676,2.174514469097549
12,10.51207E+02,669.8,0.041,0.041,0.007,0.041,5121,33.58702833654999,483.4569660966308,0.0,80.6404555600471,0.0,2.052832311018156,0.147635200449936
13,10.22301E+03,599.3,0.026,0.034,0.006,0.042,22301,30.845331735862043,532.8902390791981,0.0,74.23037807122333,0.0,1.298308203919544,0.489539276143739
14,10.43711E+02,718.0,1.381,0.148,0.048,0.151,4371,12.39272077109365,134.60869296656236,15.959067698896392,33.112337341459394,0.0,42.79978586723769,0.422088618020096
15,10.87316E+02,580.4,2.141,0.089,0.023,0.035,8732,15.22976270305725,284.5455482487786,29.212104970211712,36.40973839905997,0.0,6.252447999340329,5.949411449421756
16,10.70627E+02,718.0,1.218,0.282,0.08,0.12,7063,4.208287025399914,72.89904936666922,42.26240538267452,0.0,0.0,26.963070571144584,0.047149374315059
17,10.35018E+03,644.0,2.0,0.1,0.025,0.065,35018,19.152642394642903,261.0541831153878,15.664322723908215,36.570133234641006,0.0,9.855868081256682,0.462620281273131
18,10.17507E+03,829.8,1.597,0.09,0.018,0.063,17507,27.858034110475717,391.41686244068944,13.32617066011402,57.47942445007634,0.0,3.693574670868311,1.801292365584211
19,10.35436E+03,896.8,1.497,0.072,0.015,0.054,35436,26.41756080268095,438.7000619717165,10.191553559817946,39.18237971391417,0.0,2.672657265929779,0.853634996749025
20,10.11300E+03,718.0,0.046,0.062,0.014,0.074,11300,32.057487961659845,489.7347021671432,0.0,70.59901080784027,0.0,7.1346081859235255,1.642281991446116
21,10.20005E+03,718.0,1.168,0.12,0.03,0.073,20005,25.025608937481863,330.604511386437,23.11838115546918,47.699318883220414,0.0,9.60086736667836,0.116068777498853
22,10.19905E+03,716.9,2.345,0.085,0.02,0.053,19905,26.86646520042202,412.7586980209883,11.108599228651132,41.351714284422464,0.0,3.86171785631932,1.5580704522744848
23,10.24503E+03,723.0,0.044,0.049,0.007,0.06,24502,34.75216078793627,721.3639816345271,0.0,74.36914600550963,0.0,0.606795224977044,0.01505968778696
24,10.12981E+03,580.4,0.906,0.056,0.012,0.036,12981,24.182426273681894,396.8857235957237,11.458145564969008,64.65217210443849,0.0,1.911424173934746,1.562001691648526
25,10.28206E+03,682.8,2.202,0.085,0.017,0.059,28206,32.08664439145956,629.6594161510898,3.73863683500158,30.325491459877536,0.0,1.154424175901316,0.066368222384597
26,10.14931E+03,651.9,1.331,0.113,0.025,0.063,14931,19.678815390948746,307.2944147749876,8.013164398259214,50.06811250015069,0.0,5.168111294619716,0.074140155031284
27,10.37620E+00,903.9,3.703,0.447,0.095,0.008,38,4.463205406326426,28.258373205741627,0.239234449760766,0.0,0.0,0.0,0.0
28,10.76990E+02,806.8,0.803,0.475,0.116,0.189,7699,2.927109847097829,33.73128448517722,38.02370709810156,0.0,0.0,39.22192088282053,8.569858786121761
29,10.10083E+03,711.0,0.656,0.403,0.105,0.144,10083,2.568417997307553,54.73326549375608,37.75718787099769,0.0,0.0,34.11973685385034,6.057360147818868
30,10.31632E+02,731.4,0.908,0.414,0.108,0.169,3163,2.552870526126334,40.06285031439384,46.60710729222978,0.0,0.0,33.90901072637779,2.728540131447918
31,10.28342E+03,782.3,1.663,0.546,0.12,0.137,28342,4.410624211260036,52.966508316556265,40.11380884940015,0.0,0.0,22.40992778980928,0.330566440361495
32,10.37645E+03,663.3,1.088,0.04,0.011,0.037,37645,11.57116200308904,221.8039844314069,8.30739364728721,23.717957913158237,0.0,5.579064641219476,31.17711187296487
1,11.14660E+03,129.3,0.006,0.006,0.001,0.006,14660,27.435247076317104,562.4830869533188,0.0,74.97482994867765,0.0,1.028288682071556,0.0509540063354859
2,11.81630E+00,124.3,0.347,0.045,0.007,0.011,82,12.954862920778917,339.04961411245864,41.12458654906284,34.619625137816975,0.0,16.5380374862183,0.0
3,11.50535E+02,124.3,0.003,0.005,0.001,0.008,5054,41.958584091155615,641.3518076580588,0.0,68.74977738201247,0.0,0.309884238646482,0.003561887800534
4,11.38595E+03,150.5,0.01,0.009,0.001,0.007,38595,35.874289922904694,809.4428144354899,0.0,64.04792552794568,0.0,0.282628162077457,0.665528691888665
5,11.26874E+03,129.9,0.006,0.006,0.001,0.007,26874,31.515515664452156,814.6438522696067,0.0,70.19102606179545,0.0,0.517752965525554,0.00971205433392
6,11.12990E+03,112.1,0.005,0.005,0.001,0.005,12990,25.634712806431136,491.1601676713088,0.0,62.08688422365413,0.0,2.404905425067553,0.016628559551029
7,11.12785E+03,141.2,0.769,0.006,0.001,0.008,12785,32.66128311418672,710.7400128117587,0.0,29.085507929915455,7.052098805409095,0.52021371702908,0.002815771134123
8,11.12233E+03,107.7,0.003,0.004,0.001,0.005,12233,30.18670878130093,625.6174932132689,0.0,77.79175586895907,0.0,0.680512333826246,0.0
9,11.19228E+03,141.2,0.005,0.006,0.001,0.008,19228,34.36246307511638,820.1150807395272,0.0,77.95459864263984,0.0,0.482096887432716,0.000936110461034
10,11.40616E+03,117.9,0.004,0.004,0.001,0.005,40616,29.691034248570336,755.0618521292485,0.0,67.4080294979237,0.0,0.742766228068233,0.010636270568996
11,11.16266E+03,103.0,0.001,0.003,0.0,0.003,16266,40.77669054742595,504.2856249654181,0.0,78.59071543185968,0.0,1.397665025175676,2.174514469097549
12,11.51207E+02,106.2,0.002,0.004,0.001,0.003,5121,33.58702833654999,483.4569660966308,0.0,80.6404555600471,0.0,2.052832311018156,0.147635200449936
13,11.22301E+03,101.4,0.002,0.003,0.001,0.003,22301,30.845331735862043,532.8902390791981,0.0,74.23037807122333,0.0,1.298308203919544,0.489539276143739
14,11.43711E+02,80.8,0.094,0.012,0.004,0.012,4371,12.39272077109365,134.60869296656236,15.959067698896392,33.112337341459394,0.0,42.79978586723769,0.422088618020096
15,11.87316E+02,97.5,0.213,0.008,0.002,0.004,8732,15.22976270305725,284.5455482487786,29.212104970211712,36.40973839905997,0.0,6.252447999340329,5.949411449421756
16,11.70627E+02,80.8,0.083,0.016,0.005,0.01,7063,4.208287025399914,72.89904936666922,42.26240538267452,0.0,0.0,26.963070571144584,0.047149374315059
17,11.35018E+03,68.2,0.118,0.005,0.001,0.004,35018,19.152642394642903,261.0541831153878,15.664322723908215,36.570133234641006,0.0,9.855868081256682,0.462620281273131
18,11.17507E+03,107.4,0.156,0.006,0.001,0.006,17507,27.858034110475717,391.41686244068944,13.32617066011402,57.47942445007634,0.0,3.693574670868311,1.801292365584211
19,11.35436E+03,124.7,0.179,0.005,0.001,0.004,35436,26.41756080268095,438.7000619717165,10.191553559817946,39.18237971391417,0.0,2.672657265929779,0.853634996749025
20,11.11300E+03,80.8,0.003,0.005,0.001,0.005,11300,32.057487961659845,489.7347021671432,0.0,70.59901080784027,0.0,7.1346081859235255,1.642281991446116
21,11.20005E+03,80.8,0.088,0.008,0.002,0.005,20005,25.025608937481863,330.604511386437,23.11838115546918,47.699318883220414,0.0,9.60086736667836,0.116068777498853
22,11.19905E+03,58.5,0.054,0.002,0.001,0.002,19905,26.86646520042202,412.7586980209883,11.108599228651132,41.351714284422464,0.0,3.86171785631932,1.5580704522744848
23,11.24503E+03,89.4,0.003,0.003,0.0,0.004,24502,34.75216078793627,721.3639816345271,0.0,74.36914600550963,0.0,0.606795224977044,0.01505968778696
24,11.12981E+03,97.5,0.09,0.004,0.001,0.003,12981,24.182426273681894,396.8857235957237,11.458145564969008,64.65217210443849,0.0,1.911424173934746,1.562001691648526
25,11.28206E+03,60.2,0.103,0.003,0.001,0.003,28206,32.08664439145956,629.6594161510898,3.73863683500158,30.325491459877536,0.0,1.154424175901316,0.066368222384597
26,11.14931E+03,74.9,0.109,0.008,0.002,0.004,14931,19.678815390948746,307.2944147749876,8.013164398259214,50.06811250015069,0.0,5.168111294619716,0.074140155031284
27,11.37620E+00,38.1,0.043,0.004,0.001,0.0,38,4.463205406326426,28.258373205741627,0.239234449760766,0.0,0.0,0.0,0.0
28,11.76990E+02,61.1,0.032,0.017,0.005,0.011,7699,2.927109847097829,33.73128448517722,38.02370709810156,0.0,0.0,39.22192088282053,8.569858786121761
29,11.10083E+03,66.0,0.02,0.012,0.004,0.009,10083,2.568417997307553,54.73326549375608,37.75718787099769,0.0,0.0,34.11973685385034,6.057360147818868
30,11.31632E+02,70.8,0.061,0.023,0.006,0.012,3163,2.552870526126334,40.06285031439384,46.60710729222978,0.0,0.0,33.90901072637779,2.728540131447918
31,11.28342E+03,55.9,0.068,0.016,0.004,0.007,28342,4.410624211260036,52.966508316556265,40.11380884940015,0.0,0.0,22.40992778980928,0.330566440361495
32,11.37645E+03,83.9,0.09,0.003,0.001,0.003,37645,11.57116200308904,221.8039844314069,8.30739364728721,23.717957913158237,0.0,5.579064641219476,31.17711187296487
1,12.14660E+03,49.7,0.0,0.0,0.0,0.0,14660,27.435247076317104,562.4830869533188,0.0,74.97482994867765,0.0,1.028288682071556,0.0509540063354859
2,12.81630E+00,47.2,0.012,0.005,0.001,0.001,82,12.954862920778917,339.04961411245864,41.12458654906284,34.619625137816975,0.0,16.5380374862183,0.0
3,12.50535E+02,47.2,0.0,0.0,0.0,0.0,5054,41.958584091155615,641.3518076580588,0.0,68.74977738201247,0.0,0.309884238646482,0.003561887800534
4,12.38595E+03,53.1,0.0,0.0,0.0,0.0,38595,35.874289922904694,809.4428144354899,0.0,64.04792552794568,0.0,0.282628162077457,0.665528691888665
5,12.26874E+03,44.6,0.0,0.0,0.0,0.0,26874,31.515515664452156,814.6438522696067,0.0,70.19102606179545,0.0,0.517752965525554,0.00971205433392
6,12.12990E+03,44.3,0.0,0.001,0.0,0.001,12990,25.634712806431136,491.1601676713088,0.0,62.08688422365413,0.0,2.404905425067553,0.016628559551029
7,12.12785E+03,53.2,0.015,0.0,0.0,0.0,12785,32.66128311418672,710.7400128117587,0.0,29.085507929915455,7.052098805409095,0.52021371702908,0.002815771134123
8,12.12233E+03,43.0,0.001,0.001,0.0,0.001,12233,30.18670878130093,625.6174932132689,0.0,77.79175586895907,0.0,0.680512333826246,0.0
9,12.19228E+03,53.2,0.0,0.0,0.0,0.0,19228,34.36246307511638,820.1150807395272,0.0,77.95459864263984,0.0,0.482096887432716,0.000936110461034
10,12.40616E+03,46.4,0.0,0.0,0.0,0.0,40616,29.691034248570336,755.0618521292485,0.0,67.4080294979237,0.0,0.742766228068233,0.010636270568996
11,12.16266E+03,40.9,0.0,0.0,0.0,0.0,16266,40.77669054742595,504.2856249654181,0.0,78.59071543185968,0.0,1.397665025175676,2.174514469097549
12,12.51207E+02,41.8,0.0,0.0,0.0,0.0,5121,33.58702833654999,483.4569660966308,0.0,80.6404555600471,0.0,2.052832311018156,0.147635200449936
13,12.22301E+03,40.8,0.0,0.0,0.0,0.0,22301,30.845331735862043,532.8902390791981,0.0,74.23037807122333,0.0,1.298308203919544,0.489539276143739
14,12.43711E+02,34.3,0.009,0.003,0.001,0.002,4371,12.39272077109365,134.60869296656236,15.959067698896392,33.112337341459394,0.0,42.79978586723769,0.422088618020096
15,12.87316E+02,40.8,0.003,0.001,0.0,0.0,8732,15.22976270305725,284.5455482487786,29.212104970211712,36.40973839905997,0.0,6.252447999340329,5.949411449421756
16,12.70627E+02,34.3,0.004,0.003,0.001,0.002,7063,4.208287025399914,72.89904936666922,42.26240538267452,0.0,0.0,26.963070571144584,0.047149374315059
17,12.35018E+03,33.4,0.003,0.001,0.0,0.0,35018,19.152642394642903,261.0541831153878,15.664322723908215,36.570133234641006,0.0,9.855868081256682,0.462620281273131
18,12.17507E+03,38.8,0.009,0.001,0.0,0.0,17507,27.858034110475717,391.41686244068944,13.32617066011402,57.47942445007634,0.0,3.693574670868311,1.801292365584211
19,12.35436E+03,42.0,0.004,0.0,0.0,0.0,35436,26.41756080268095,438.7000619717165,10.191553559817946,39.18237971391417,0.0,2.672657265929779,0.853634996749025
20,12.11300E+03,34.3,0.0,0.001,0.0,0.0,11300,32.057487961659845,489.7347021671432,0.0,70.59901080784027,0.0,7.1346081859235255,1.642281991446116
21,12.20005E+03,34.3,0.005,0.001,0.0,0.001,20005,25.025608937481863,330.604511386437,23.11838115546918,47.699318883220414,0.0,9.60086736667836,0.116068777498853
22,12.19905E+03,36.9,0.001,0.0,0.0,0.0,19905,26.86646520042202,412.7586980209883,11.108599228651132,41.351714284422464,0.0,3.86171785631932,1.5580704522744848
23,12.24503E+03,37.0,0.0,0.0,0.0,0.001,24502,34.75216078793627,721.3639816345271,0.0,74.36914600550963,0.0,0.606795224977044,0.01505968778696
24,12.12981E+03,40.8,0.001,0.0,0.0,0.0,12981,24.182426273681894,396.8857235957237,11.458145564969008,64.65217210443849,0.0,1.911424173934746,1.562001691648526
25,12.28206E+03,40.9,0.003,0.001,0.0,0.001,28206,32.08664439145956,629.6594161510898,3.73863683500158,30.325491459877536,0.0,1.154424175901316,0.066368222384597
26,12.14931E+03,41.2,0.002,0.001,0.0,0.0,14931,19.678815390948746,307.2944147749876,8.013164398259214,50.06811250015069,0.0,5.168111294619716,0.074140155031284
27,12.37620E+00,25.3,0.001,0.0,0.0,0.0,38,4.463205406326426,28.258373205741627,0.239234449760766,0.0,0.0,0.0,0.0
28,12.76990E+02,30.0,0.001,0.003,0.001,0.001,7699,2.927109847097829,33.73128448517722,38.02370709810156,0.0,0.0,39.22192088282053,8.569858786121761
29,12.10083E+03,31.3,0.0,0.002,0.001,0.001,10083,2.568417997307553,54.73326549375608,37.75718787099769,0.0,0.0,34.11973685385034,6.057360147818868
30,12.31632E+02,31.7,0.001,0.004,0.001,0.002,3163,2.552870526126334,40.06285031439384,46.60710729222978,0.0,0.0,33.90901072637779,2.728540131447918
31,12.28342E+03,29.5,0.004,0.002,0.001,0.001,28342,4.410624211260036,52.966508316556265,40.11380884940015,0.0,0.0,22.40992778980928,0.330566440361495
32,12.37645E+03,36.4,0.003,0.001,0.0,0.0,37645,11.57116200308904,221.8039844314069,8.30739364728721,23.717957913158237,0.0,5.579064641219476,31.17711187296487
1,2025.14660E+03,12306.396,8.872,8.82,1.16,0.881,14660,27.435247076317104,562.4830869533188,0.0,74.97482994867765,0.0,1.028288682071556,0.0509540063354859
2,2025.81630E+00,12682.5,54.387,13.679,3.06,2.006,82,12.954862920778917,339.04961411245864,41.12458654906284,34.619625137816975,0.0,16.5380374862183,0.0
3,2025.50535E+02,12682.503,5.556,7.623,0.989,1.1,5054,41.958584091155615,641.3518076580588,0.0,68.74977738201247,0.0,0.309884238646482,0.003561887800534
4,2025.38595E+03,11247.9,9.38,10.293,1.33,0.715,38595,35.874289922904694,809.4428144354899,0.0,64.04792552794568,0.0,0.282628162077457,0.665528691888665
5,2025.26874E+03,11658.199,8.856,9.21,1.199,0.864,26874,31.515515664452156,814.6438522696067,0.0,70.19102606179545,0.0,0.517752965525554,0.00971205433392
6,2025.12990E+03,12473.0,9.102,8.242,1.119,1.007,12990,25.634712806431136,491.1601676713088,0.0,62.08688422365413,0.0,2.404905425067553,0.016628559551029
7,2025.12785E+03,11587.098,187.978,10.13,1.329,0.872,12785,32.66128311418672,710.7400128117587,0.0,29.085507929915455,7.052098805409095,0.52021371702908,0.002815771134123
8,2025.12233E+03,11370.097,7.464,8.615,1.124,0.933,12233,30.18670878130093,625.6174932132689,0.0,77.79175586895907,0.0,0.680512333826246,0.0
9,2025.19228E+03,11587.098,7.408,10.395,1.342,0.954,19228,34.36246307511638,820.1150807395272,0.0,77.95459864263984,0.0,0.482096887432716,0.000936110461034
10,2025.40616E+03,12130.899,9.711,11.177,1.45,0.882,40616,29.691034248570336,755.0618521292485,0.0,67.4080294979237,0.0,0.742766228068233,0.010636270568996
11,2025.16266E+03,11768.899,5.69,6.001,0.806,0.957,16266,40.77669054742595,504.2856249654181,0.0,78.59071543185968,0.0,1.397665025175676,2.174514469097549
12,2025.51207E+02,12969.699,8.904,6.959,0.945,1.036,5121,33.58702833654999,483.4569660966308,0.0,80.6404555600471,0.0,2.052832311018156,0.147635200449936
13,2025.22301E+03,10589.1,5.764,6.299,0.843,0.938,22301,30.845331735862043,532.8902390791981,0.0,74.23037807122333,0.0,1.298308203919544,0.489539276143739
14,2025.43711E+02,10158.702,24.107,7.233,1.749,3.298,4371,12.39272077109365,134.60869296656236,15.959067698896392,33.112337341459394,0.0,42.79978586723769,0.422088618020096
15,2025.87316E+02,9645.3,43.492,8.27,2.2,0.99,8732,15.22976270305725,284.5455482487786,29.212104970211712,36.40973839905997,0.0,6.252447999340329,5.949411449421756
16,2025.70627E+02,10158.7,20.376,8.703,2.395,2.825,7063,4.208287025399914,72.89904936666922,42.26240538267452,0.0,0.0,26.963070571144584,0.047149374315059
17,2025.35018E+03,8292.4,35.03,8.178,1.645,1.247,35018,19.152642394642903,261.0541831153878,15.664322723908215,36.570133234641006,0.0,9.855868081256682,0.462620281273131
18,2025.17507E+03,10665.2,28.041,8.2,1.441,1.018,17507,27.858034110475717,391.41686244068944,13.32617066011402,57.47942445007634,0.0,3.693574670868311,1.801292365584211
19,2025.35436E+03,10773.397,27.127,6.507,1.259,0.839,35436,26.41756080268095,438.7000619717165,10.191553559817946,39.18237971391417,0.0,2.672657265929779,0.853634996749025
20,2025.11300E+03,10158.7,5.777,6.783,0.97,1.336,11300,32.057487961659845,489.7347021671432,0.0,70.59901080784027,0.0,7.1346081859235255,1.642281991446116
21,2025.20005E+03,10158.701,23.179,8.45,1.714,1.524,20005,25.025608937481863,330.604511386437,23.11838115546918,47.699318883220414,0.0,9.60086736667836,0.116068777498853
22,2025.19905E+03,8903.701,29.38,7.219,1.495,0.879,19905,26.86646520042202,412.7586980209883,11.108599228651132,41.351714284422464,0.0,3.86171785631932,1.5580704522744848
23,2025.24503E+03,11907.805,5.739,6.941,0.915,1.137,24502,34.75216078793627,721.3639816345271,0.0,74.36914600550963,0.0,0.606795224977044,0.01505968778696
24,2025.12981E+03,9645.301,21.265,6.433,1.291,0.84,12981,24.182426273681894,396.8857235957237,11.458145564969008,64.65217210443849,0.0,1.911424173934746,1.562001691648526
25,2025.28206E+03,9123.7,31.473,8.423,1.651,0.989,28206,32.08664439145956,629.6594161510898,3.73863683500158,30.325491459877536,0.0,1.154424175901316,0.066368222384597
26,2025.14931E+03,9234.597,25.21,8.758,1.756,1.199,14931,19.678815390948746,307.2944147749876,8.013164398259214,50.06811250015069,0.0,5.168111294619716,0.074140155031284
27,2025.37620E+00,8787.8,45.185,15.313,3.53,0.328,38,4.463205406326426,28.258373205741627,0.239234449760766,0.0,0.0,0.0,0.0
28,2025.76990E+02,8528.799,11.182,8.829,2.086,3.09,7699,2.927109847097829,33.73128448517722,38.02370709810156,0.0,0.0,39.22192088282053,8.569858786121761
29,2025.10083E+03,8427.801,9.003,7.585,1.964,2.735,10083,2.568417997307553,54.73326549375608,37.75718787099769,0.0,0.0,34.11973685385034,6.057360147818868
30,2025.31632E+02,8834.6,13.081,8.901,2.249,3.341,3163,2.552870526126334,40.06285031439384,46.60710729222978,0.0,0.0,33.90901072637779,2.728540131447918
31,2025.28342E+03,8230.601,18.089,10.254,2.228,2.315,28342,4.410624211260036,52.966508316556265,40.11380884940015,0.0,0.0,22.40992778980928,0.330566440361495
32,2025.37645E+03,10164.2,26.191,4.98,1.059,0.923,37645,11.57116200308904,221.8039844314069,8.30739364728721,23.717957913158237,0.0,5.579064641219476,31.17711187296487
1,11.0.14660E+03,5685.726,3.204,4.087,0.544,0.53,14660,27.435247076317104,562.4830869533188,0.0,74.97482994867765,0.0,1.028288682071556,0.0509540063354859
2,11.0.81630E+00,5987.973,22.997,11.684,2.462,1.11,82,12.954862920778917,339.04961411245864,41.12458654906284,34.619625137816975,0.0,16.5380374862183,0.0
3,11.0.50535E+02,5987.974,2.186,3.604,0.473,0.681,5054,41.958584091155615,641.3518076580588,0.0,68.74977738201247,0.0,0.309884238646482,0.003561887800534
4,11.0.38595E+03,6477.901,3.928,5.491,0.721,0.546,38595,35.874289922904694,809.4428144354899,0.0,64.04792552794568,0.0,0.282628162077457,0.665528691888665
5,11.0.26874E+03,5456.468,3.099,4.097,0.541,0.514,26874,31.515515664452156,814.6438522696067,0.0,70.19102606179545,0.0,0.517752965525554,0.00971205433392
6,11.0.12990E+03,5369.737,2.975,3.525,0.482,0.527,12990,25.634712806431136,491.1601676713088,0.0,62.08688422365413,0.0,2.404905425067553,0.016628559551029
7,11.0.12785E+03,5082.098,71.279,5.711,0.767,0.5,12785,32.66128311418672,710.7400128117587,0.0,29.085507929915455,7.052098805409095,0.52021371702908,0.002815771134123
8,11.0.12233E+03,5101.786,2.483,3.58,0.473,0.522,12233,30.18670878130093,625.6174932132689,0.0,77.79175586895907,0.0,0.680512333826246,0.0
9,11.0.19228E+03,5082.098,2.605,4.383,0.572,0.533,19228,34.36246307511638,820.1150807395272,0.0,77.95459864263984,0.0,0.482096887432716,0.000936110461034
10,11.0.40616E+03,6000.96,3.763,5.507,0.723,0.541,40616,29.691034248570336,755.0618521292485,0.0,67.4080294979237,0.0,0.742766228068233,0.010636270568996
11,11.0.16266E+03,5178.136,1.805,2.289,0.312,0.479,16266,40.77669054742595,504.2856249654181,0.0,78.59071543185968,0.0,1.397665025175676,2.174514469097549
12,11.0.51207E+02,5595.89,2.492,2.486,0.342,0.534,5121,33.58702833654999,483.4569660966308,0.0,80.6404555600471,0.0,2.052832311018156,0.147635200449936
13,11.0.22301E+03,4866.75,1.813,2.403,0.326,0.493,22301,30.845331735862043,532.8902390791981,0.0,74.23037807122333,0.0,1.298308203919544,0.489539276143739
14,11.0.43711E+02,5950.605,10.13,4.742,1.135,1.797,4371,12.39272077109365,134.60869296656236,15.959067698896392,33.112337341459394,0.0,42.79978586723769,0.422088618020096
15,11.0.87316E+02,4685.065,17.758,7.008,1.674,0.512,8732,15.22976270305725,284.5455482487786,29.212104970211712,36.40973839905997,0.0,6.252447999340329,5.949411449421756
16,11.0.70627E+02,5950.604,9.085,7.809,1.913,1.536,7063,4.208287025399914,72.89904936666922,42.26240538267452,0.0,0.0,26.963070571144584,0.047149374315059
17,11.0.35018E+03,5556.617,16.236,4.89,1.14,0.763,35018,19.152642394642903,261.0541831153878,15.664322723908215,36.570133234641006,0.0,9.855868081256682,0.462620281273131
18,11.0.17507E+03,7487.791,11.939,4.41,0.917,0.672,17507,27.858034110475717,391.41686244068944,13.32617066011402,57.47942445007634,0.0,3.693574670868311,1.801292365584211
19,11.0.35436E+03,6143.946,11.386,3.861,0.809,0.505,35436,26.41756080268095,438.7000619717165,10.191553559817946,39.18237971391417,0.0,2.672657265929779,0.853634996749025
20,11.0.11300E+03,5950.604,1.193,1.663,0.265,0.791,11300,32.057487961659845,489.7347021671432,0.0,70.59901080784027,0.0,7.1346081859235255,1.642281991446116
21,11.0.20005E+03,5950.604,9.269,4.815,1.072,0.877,20005,25.025608937481863,330.604511386437,23.11838115546918,47.699318883220414,0.0,9.60086736667836,0.116068777498853
22,11.0.19905E+03,5269.366,14.312,4.435,0.965,0.543,19905,26.86646520042202,412.7586980209883,11.108599228651132,41.351714284422464,0.0,3.86171785631932,1.5580704522744848
23,11.0.24503E+03,5385.833,1.689,2.345,0.314,0.618,24502,34.75216078793627,721.3639816345271,0.0,74.36914600550963,0.0,0.606795224977044,0.01505968778696
24,11.0.12981E+03,4685.066,8.394,3.932,0.824,0.448,12981,24.182426273681894,396.8857235957237,11.458145564969008,64.65217210443849,0.0,1.911424173934746,1.562001691648526
25,11.0.28206E+03,4829.911,15.574,4.98,0.97,0.581,28206,32.08664439145956,629.6594161510898,3.73863683500158,30.325491459877536,0.0,1.154424175901316,0.066368222384597
26,11.0.14931E+03,5164.175,10.298,4.491,0.94,0.668,14931,19.678815390948746,307.2944147749876,8.013164398259214,50.06811250015069,0.0,5.168111294619716,0.074140155031284
27,11.0.37620E+00,4926.505,23.547,16.633,3.468,0.181,38,4.463205406326426,28.258373205741627,0.239234449760766,0.0,0.0,0.0,0.0
28,11.0.76990E+02,4395.855,5.021,6.463,1.402,1.579,7699,2.927109847097829,33.73128448517722,38.02370709810156,0.0,0.0,39.22192088282053,8.569858786121761
29,11.0.10083E+03,4409.241,4.045,5.421,1.27,1.415,10083,2.568417997307553,54.73326549375608,37.75718787099769,0.0,0.0,34.11973685385034,6.057360147818868
30,11.0.31632E+02,4579.01,6.186,7.049,1.585,1.787,3163,2.552870526126334,40.06285031439384,46.60710729222978,0.0,0.0,33.90901072637779,2.728540131447918
31,11.0.28342E+03,4808.795,9.855,10.696,2.162,1.33,28342,4.410624211260036,52.966508316556265,40.11380884940015,0.0,0.0,22.40992778980928,0.330566440361495
32,11.0.37645E+03,4968.966,10.051,3.041,0.675,0.487,37645,11.57116200308904,221.8039844314069,8.30739364728721,23.717957913158237,0.0,5.579064641219476,31.17711187296487
