RCH,FLOW_OUTcms,ORGN_OUTkg,ORGP_OUTkg,NO3_OUTkg,NH4_OUTkg
1,0.0,0.0004534,0.00136,0.6683,6.003e-05
2,0.0,1.728e-05,4.726e-05,0.03378,0.002683
3,0.0,0.0001543,0.0004629,0.3784,0.0
4,0.0,0.001076,0.003228,2.238,0.0
5,0.0,0.0008188,0.002456,0.9319,0.0
6,0.0,0.0006045,0.001739,0.9426,0.1078
7,0.0,0.0003859,0.001158,0.8367,0.0
8,0.0,0.000379,0.001137,0.6733,0.0
9,0.0,0.0005786,0.001736,1.086,0.0
10,0.0,0.001234,0.003701,2.239,0.0
11,0.0,0.0007199,0.002053,0.8751,0.4768
12,0.0,0.0001583,0.0004749,0.08138,0.0
13,0.0,0.0006373,0.001912,0.6649,0.0
14,0.0,0.0001964,0.0005678,0.8695,0.04152
15,0.0,0.0002591,0.0007749,2.396,0.001523
16,0.0,0.0002859,0.0007709,1.798,0.04334
17,0.0,0.001053,0.00316,12.43,0.0
18,0.0,0.0005249,0.001575,2.578,0.0
19,0.0,0.0008936,0.002681,9.028,0.0
20,0.0,0.0003399,0.00102,0.473,0.0
21,0.0,0.0006133,0.00184,2.823,0.0
22,0.0,0.0005861,0.001758,5.466,0.0
23,0.0,0.0007501,0.00225,1.041,0.0
24,0.0,0.0003793,0.001138,1.794,0.0
25,0.0,0.000851,0.002553,6.342,0.0
26,0.0,0.0004614,0.001384,3.012,0.0
27,0.0,7.297e-06,2.039e-05,0.04344,0.001261
28,0.0,0.0001998,0.0003522,0.9791,0.006014
29,0.0,0.000433,0.00122,5.852,0.4182
30,0.0,0.0001031,0.0002676,0.6225,0.00337
31,0.0,0.0006751,0.002025,3.191,0.0
32,0.0,0.001059,0.003068,10.51,0.2887
1,0.0,0.0004095,0.001228,0.5437,2.623e-05
2,0.0,5.507e-06,1.578e-05,0.01563,0.0004219
3,0.0,0.0001397,0.0004191,0.3055,4.257e-05
4,0.0,0.0009718,0.002915,1.802,0.0
5,0.0,0.001461,0.002606,18.92,0.0
6,0.0,0.0004827,0.001404,0.6321,0.05058
7,0.0,0.0003486,0.001046,1.59,0.0
8,0.0,0.0003423,0.001027,0.5452,0.0
9,0.0,0.0005226,0.001568,1.943,0.0
10,0.0,0.001114,0.003343,1.81,0.0
11,0.0,0.0005293,0.001534,0.4765,0.1846
12,0.0,0.0006345,0.0006986,6.83,9.735e-05
13,0.0,0.002826,0.003144,38.27,0.0
14,0.0,2.738,0.6699,207.1,0.03339
15,0.0,0.002197,0.001874,26.77,9.665e-05
16,0.0,6.2,1.568,411.9,0.008444
17,0.0,4.97,1.698,1161.0,0.0
18,0.0,1.864,0.3338,180.6,0.0
19,0.0,2.127,0.4556,141.9,0.0
20,0.0,1.143,0.2798,89.34,0.0
21,0.0,2.325,0.722,278.9,0.0
22,0.0,1.988,0.3918,118.3,0.0
23,0.0,0.0006775,0.002033,0.8154,0.0
24,0.0,0.001151,0.00151,14.32,0.0
25,0.0,0.04788,0.03347,84.59,0.0
26,0.0,0.0004167,0.00125,2.376,0.0
27,0.0,3.955,1.591,294.4,0.05911
28,0.0,3.008,0.812,373.5,0.03616
29,0.0,10.09,3.273,1467.0,0.338
30,0.0,9.136,1.89,403.3,0.0418
31,0.0,3.285,1.737,776.2,0.0
32,0.0,1.249,0.2527,472.6,0.03187
1,0.0,0.0004532,0.001359,0.5423,0.0
2,0.0,2.526e-06,7.578e-06,0.01229,0.0
3,0.0,0.0001543,0.0004629,0.301,0.0
4,0.0,0.001076,0.003228,1.781,0.0
5,0.0,0.00143,0.0028,48.13,0.0
6,0.0,0.0005862,0.001332,2.64,0.002714
7,0.0,0.0003859,0.001158,0.6513,0.0
8,0.0,0.0006576,0.001295,11.63,0.0
9,0.0,0.0005786,0.001736,0.8687,0.0
10,0.0,0.001234,0.003701,1.795,0.0
11,0.0,1.277,0.1696,85.2,0.01134
12,0.0,0.0001583,0.0004749,0.07258,0.0
13,0.0,0.0006373,0.001912,0.8465,0.0
14,0.0,0.004491,0.003466,20.56,0.0
15,0.0,0.006077,0.00443,22.42,0.0003102
16,0.0,0.007377,0.005479,32.91,0.0009582
17,0.0,0.1697,0.1129,567.7,0.0
18,0.0,0.0005249,0.001575,2.286,0.0
19,0.0,0.0008936,0.002681,3.281,0.0
20,0.0,0.002924,0.002797,11.91,0.0
21,0.0,0.01065,0.008608,35.37,0.0
22,0.0,0.01659,0.01228,105.4,0.0
23,0.0,1.179,0.1642,150.1,0.0
24,0.0,0.0003793,0.001138,9.69,0.0
25,0.0,0.01055,0.00951,72.61,0.0
26,0.0,0.02759,0.01868,78.84,0.0
27,0.0,0.005784,0.003725,43.49,0.00191
28,0.0,0.0001282,0.0003381,4.179,0.0
29,0.0,0.3622,0.113,187.3,0.07827
30,0.0,0.004885,0.001652,10.45,0.0009165
31,0.0,0.04389,0.02946,932.4,0.0
32,0.0,0.005248,0.00556,43.6,0.0
1,0.455,816.4,412.3,478.2,35.23
2,0.0,528.8,274.2,106.5,32.37
3,0.0,569.3,307.2,89.88,9.839
4,0.0,13.59,2.945,115.7,0.0
5,0.0,12.31,2.286,267.8,0.0
6,1.311,2380.0,1112.0,1646.0,17.56
7,0.0,573.7,317.0,99.36,0.0
8,0.2129,178.0,83.71,257.0,0.0
9,0.0,15.63,5.975,117.3,0.0
10,1.189,1892.0,865.2,1078.0,0.0
11,1.374,3217.0,1513.0,2301.0,105.6
12,1.371,3195.0,1514.0,1905.0,84.6
13,0.0,23.63,8.588,492.2,0.0
14,0.7058,8625.0,3752.0,5802.0,78.81
15,0.379,4665.0,2170.0,2626.0,31.73
16,1.302,19990.0,9567.0,14640.0,161.3
17,0.5292,7299.0,3835.0,4375.0,0.0
18,0.3964,5174.0,2295.0,2108.0,0.0
19,0.0,57.26,27.4,1294.0,0.0
20,0.6936,335.6,217.6,1593.0,0.0
21,1.004,13790.0,6611.0,6941.0,0.0
22,0.0,225.8,129.7,787.9,0.0
23,0.0,21.02,6.361,383.5,0.0
24,0.0,346.0,174.0,478.1,0.0
25,0.0,37.43,14.17,317.0,0.0
26,0.3349,4095.0,1905.0,1728.0,0.0
27,1.885,80300.0,33490.0,61190.0,6022.0
28,1.847,66430.0,29910.0,50120.0,1970.0
29,1.577,24530.0,11630.0,21260.0,919.1
30,1.432,31490.0,14420.0,23520.0,412.4
31,0.846,18350.0,7123.0,17080.0,0.0
32,1.433,10090.0,4800.0,9940.0,325.8
1,0.0,15.57,4.762,76.97,0.9545
2,0.0,4.305,0.7734,12.74,0.8589
3,0.0,5.415,1.037,14.81,0.4849
4,0.0,5.903,1.646,32.18,0.0
5,0.0,8.205,1.686,61.65,0.0
6,0.5514,51.11,20.55,341.9,2.399
7,0.0,4.446,1.083,20.52,0.0
8,0.0,13.13,4.767,52.15,0.0
9,0.0,2.752,0.8535,31.9,0.0
10,0.2984,22.39,9.511,183.8,0.0
11,0.6902,96.6,36.2,608.0,25.79
12,0.6462,68.08,24.66,447.1,12.77
13,0.0,9.361,3.42,86.12,0.0
14,0.1697,716.5,326.7,710.2,1.78
15,0.0,234.9,112.8,276.0,5.167
16,0.647,716.4,341.9,1457.0,1.699
17,0.2708,713.3,367.0,996.9,0.0
18,0.05186,434.5,199.9,352.3,0.0
19,0.0,186.8,104.4,296.4,0.0
20,0.1991,30.59,16.6,211.0,0.0
21,0.3867,496.7,236.7,719.2,0.0
22,0.0,148.1,91.35,196.2,0.0
23,0.0,22.47,10.03,89.55,0.0
24,0.0,23.96,12.78,68.96,0.0
25,0.0,47.77,22.99,70.53,0.0
26,0.0,174.7,84.1,164.5,0.0
27,1.118,2591.0,1030.0,8565.0,537.6
28,1.124,2884.0,1310.0,6624.0,281.7
29,0.865,1394.0,664.8,3443.0,192.4
30,0.7819,1478.0,680.9,2548.0,8.371
31,0.0,259.6,110.3,2019.0,0.0
32,0.7436,834.7,435.0,1772.0,98.95
1,0.0,30.28,7.896,330.1,6.15
2,0.0,19.12,6.234,45.08,7.19
3,0.0,67.05,30.02,72.99,7.862
4,0.0,21.04,5.838,58.3,0.0
5,0.0,18.72,4.252,75.03,0.0
6,0.4691,48.9,13.55,801.6,3.039
7,0.0,93.37,47.17,90.61,0.0
8,0.0,8.383,1.119,77.4,0.0
9,0.0,10.2,2.973,147.8,0.0
10,0.2439,25.28,9.414,352.9,0.0
11,0.652,111.0,25.24,1573.0,37.38
12,0.5924,87.52,21.0,1190.0,22.03
13,0.0,20.99,5.507,346.3,0.0
14,0.04559,169.0,61.79,4998.0,5.849
15,0.0,120.1,35.2,4082.0,5.921
16,0.544,264.2,123.0,12520.0,7.131
17,0.1425,415.7,225.0,7799.0,0.0
18,0.0,70.64,27.07,1108.0,0.0
19,0.0,45.48,18.0,1340.0,0.0
20,0.06554,21.69,8.459,1880.0,0.0
21,0.2775,154.1,74.9,5464.0,0.0
22,0.0,80.81,46.46,2212.0,0.0
23,0.0,12.03,2.601,182.1,0.0
24,0.0,16.12,4.131,541.1,0.0
25,0.0,42.28,20.48,991.1,0.0
26,0.0,40.9,14.99,2768.0,0.0
27,1.08,1306.0,386.1,58560.0,466.1
28,1.07,1443.0,502.8,48090.0,308.2
29,0.8362,873.1,307.2,24120.0,192.2
30,0.6757,499.1,200.4,19340.0,27.75
31,0.0,208.1,111.1,13690.0,0.0
32,0.729,359.4,107.1,11010.0,117.2
1,0.03388,180.6,64.21,55.44,26.34
2,0.0,153.3,59.23,29.15,25.04
3,0.0,178.8,82.21,14.75,7.743
4,0.0,28.33,5.699,146.6,0.0
5,0.0,77.16,27.84,130.1,0.0
6,0.1213,66.02,16.23,85.81,0.3907
7,0.0,214.3,112.8,14.31,0.0
8,0.0,18.54,2.695,16.77,0.0
9,0.0,12.88,3.098,13.29,0.0
10,0.0,31.13,10.46,48.89,0.0
11,0.5481,311.5,101.4,203.4,65.76
12,0.3922,238.5,73.97,150.3,43.07
13,0.0,38.15,14.99,28.06,0.0
14,0.326,3877.0,1809.0,205.2,32.78
15,0.0,1356.0,710.5,125.7,78.34
16,0.7453,3416.0,1763.0,349.1,28.73
17,0.5592,10260.0,5587.0,265.7,0.0
18,0.0,1960.0,941.2,90.76,0.0
19,0.0,1823.0,999.6,119.5,0.0
20,0.1726,84.81,47.65,56.24,0.0
21,0.4411,2262.0,1175.0,170.8,0.0
22,0.0,2651.0,1500.0,83.72,0.0
23,0.0,70.05,28.47,37.37,0.0
24,0.0,261.0,160.8,27.29,0.0
25,0.0,759.2,411.6,79.66,0.0
26,0.0,396.6,206.7,56.9,0.0
27,1.403,26950.0,11240.0,2533.0,4439.0
28,1.337,25930.0,12470.0,1767.0,1909.0
29,1.088,18440.0,9370.0,1002.0,806.6
30,0.9148,7510.0,3633.0,625.5,133.7
31,0.6388,7199.0,3001.0,317.0,0.0
32,0.894,10070.0,5595.0,595.7,276.2
1,0.0,22.88,3.755,24.32,12.54
2,0.0,7.924,1.031,9.868,11.6
3,0.0,6.799,0.9297,5.211,0.7196
4,0.0,12.97,2.298,13.82,0.0
5,0.0,11.88,1.855,11.46,0.0
6,0.0,57.42,14.52,56.85,1.443
7,0.0,8.744,1.223,8.213,0.0
8,0.0,18.59,2.878,13.81,0.0
9,0.0,5.23,1.036,8.157,0.0
10,0.0,27.18,8.817,34.35,0.0
11,0.4671,94.93,21.77,115.8,44.07
12,0.0,67.87,13.72,79.43,30.85
13,0.0,23.82,8.234,17.91,0.0
14,0.3392,673.9,276.8,138.8,21.5
15,0.0,193.4,92.75,66.75,4.61
16,0.6618,1044.0,478.0,252.4,17.6
17,0.375,773.8,380.7,175.2,0.0
18,0.04978,377.2,164.8,61.0,0.0
19,0.0,89.49,38.96,51.07,0.0
20,0.154,29.06,13.82,29.72,0.0
21,0.3819,761.6,353.4,120.8,0.0
22,0.05254,146.7,72.45,59.84,0.0
23,0.1568,21.99,7.034,21.13,0.0
24,0.0,90.29,48.39,20.45,0.0
25,0.0,31.03,11.02,29.61,0.0
26,0.0,42.63,14.47,37.84,0.0
27,1.308,5620.0,1971.0,2375.0,980.7
28,1.252,3467.0,1448.0,1360.0,481.4
29,1.023,1660.0,735.4,820.7,228.8
30,0.8475,1741.0,752.6,434.6,72.39
31,0.4969,3669.0,1510.0,699.3,0.0
32,0.8976,1186.0,604.1,412.6,110.2
1,0.3135,118.6,39.09,43.94,20.76
2,0.3013,96.6,34.63,28.31,18.99
3,0.0,62.91,23.74,14.86,9.021
4,0.0,22.03,4.635,15.69,0.0
5,0.2872,50.06,17.61,18.02,0.0
6,0.1571,83.47,25.56,58.03,12.25
7,0.0,60.0,28.4,9.618,0.0
8,0.0,19.56,3.224,12.59,0.0
9,0.0,7.95,1.69,8.239,0.0
10,0.02408,40.54,15.51,30.04,0.0
11,0.7919,260.9,80.64,151.5,72.6
12,0.5661,205.4,62.59,111.9,58.94
13,0.0,25.71,7.609,16.54,0.0
14,0.6679,3092.0,1352.0,127.0,18.41
15,0.0,69.22,21.06,55.51,2.467
16,0.5826,363.3,171.8,158.3,1.448
17,0.3661,617.6,307.3,128.1,0.0
18,0.2356,1818.0,801.3,49.04,0.0
19,0.4195,1366.0,659.6,59.64,0.0
20,0.07074,30.28,14.05,22.92,0.0
21,0.2978,237.1,112.6,74.5,0.0
22,0.0381,66.53,27.93,45.21,0.0
23,0.2672,39.95,14.5,21.11,0.0
24,0.0,15.06,3.978,15.5,0.0
25,0.0,27.12,7.585,27.18,0.0
26,0.0,44.35,14.8,32.66,0.0
27,1.412,6611.0,2464.0,1627.0,774.9
28,1.36,4766.0,2033.0,1115.0,359.3
29,1.132,1100.0,476.5,665.6,225.4
30,0.943,3493.0,1528.0,355.4,33.14
31,0.4728,3010.0,1230.0,387.4,0.0
32,1.022,491.9,183.9,382.8,147.2
1,0.0,3.382,0.4238,9.789,5.869
2,0.0,2.155,0.2782,4.905,5.16
3,0.0,1.152,0.098,2.953,0.4645
4,0.0,1.158,0.1364,6.377,0.0
5,0.0,1.185,0.1354,4.054,0.0
6,0.07702,3.028,0.542,22.17,10.39
7,0.0,0.7476,0.06628,3.774,0.0
8,0.0,0.003249,0.002454,3.42,0.0
9,0.0,0.4423,0.05994,4.181,0.0
10,0.0,1.037,0.1724,14.31,0.0
11,0.5637,11.91,1.813,47.52,38.69
12,0.3333,9.087,1.378,35.17,31.11
13,0.0,0.001901,0.002199,3.208,0.0
14,0.4924,16.64,4.989,45.48,10.86
15,0.0,1.479,0.3611,15.96,0.258
16,0.06563,9.762,3.772,41.27,0.7612
17,0.0,0.1599,0.112,43.56,0.0
18,0.0,2.144,0.4461,15.37,0.0
19,0.3559,4.794,1.093,23.54,0.0
20,0.0,1.4,0.3852,5.455,0.0
21,0.0,2.892,1.011,20.77,0.0
22,0.0,0.02787,0.01757,16.92,0.0
23,0.0,1.121,0.1579,6.87,0.0
24,0.0,0.003096,0.001775,6.569,0.0
25,0.0,0.01307,0.00955,13.06,0.0
26,0.0,0.007104,0.003681,11.42,0.0
27,1.046,131.4,38.6,551.5,155.7
28,1.023,84.11,27.47,379.6,138.7
29,0.7889,29.38,8.044,238.0,102.3
30,0.6393,33.67,11.31,98.21,15.63
31,0.0,34.53,15.53,80.78,0.0
32,0.7089,17.79,2.841,125.4,73.8
1,0.0,20.43,2.637,28.48,11.92
2,0.0,12.58,1.623,18.0,10.77
3,0.0,10.58,1.832,12.64,1.836
4,0.0,5.351,0.7531,7.768,0.0
5,0.0,6.466,0.8684,6.718,0.0
6,0.0,12.11,2.159,26.16,6.559
7,0.0,8.186,2.144,5.949,0.0
8,0.0,2.32,0.2386,4.415,0.0
9,0.0,3.232,0.5242,5.446,0.0
10,0.0,4.86,1.064,15.02,0.0
11,0.2975,41.5,5.881,74.17,34.01
12,0.1199,33.69,4.707,58.25,28.22
13,0.0,6.671,1.256,8.379,0.0
14,0.2296,37.87,11.57,79.08,9.126
15,0.0,24.57,4.927,37.76,2.178
16,0.0,44.56,19.22,108.8,1.874
17,0.0,46.92,20.95,110.6,0.0
18,0.0,13.9,3.174,25.18,0.0
19,0.08608,11.6,3.372,26.38,0.0
20,0.0,9.941,3.568,17.59,0.0
21,0.0,20.87,9.374,51.08,0.0
22,0.0,14.54,3.461,26.22,0.0
23,0.0,4.219,0.6681,8.347,0.0
24,0.0,4.584,0.8515,9.675,0.0
25,0.0,7.996,1.491,16.32,0.0
26,0.0,20.28,4.361,23.14,0.0
27,0.8027,312.4,104.4,821.2,154.1
28,0.7607,224.5,74.9,664.7,132.4
29,0.5184,133.7,43.09,417.2,97.85
30,0.3768,96.44,35.4,210.9,15.19
31,0.0,210.2,90.65,166.3,0.0
32,0.4321,98.81,22.72,221.6,67.4
1,0.0,1.482,0.3103,13.59,8.041
2,0.0,1.384,0.2946,9.609,7.58
3,0.0,0.8491,0.1542,7.205,1.807
4,0.0,0.001076,0.003228,4.23,0.0
5,0.0,0.0008188,0.002456,2.152,0.0
6,0.0,1.447,0.2854,22.98,4.406
7,0.0,0.0006667,0.001341,2.702,0.0
8,0.0,0.0006437,0.001313,2.618,0.0
9,0.0,0.0009131,0.00193,2.974,0.0
10,0.0,1.561,0.3474,17.85,0.0
11,0.0,5.909,0.9915,53.25,23.4
12,0.0,3.559,0.6337,38.06,17.95
13,0.0,2.135,0.4812,4.953,0.0
14,0.0,17.47,4.054,38.67,8.188
15,0.0,4.906,1.07,17.84,0.6023
16,0.0,5.822,1.857,25.35,0.8403
17,0.0,0.002589,0.004135,25.38,0.0
18,0.0,6.976,1.45,12.34,0.0
19,0.0,11.25,3.195,23.57,0.0
20,0.0,1.195,0.3016,4.141,0.0
21,0.0,2.429,0.7738,13.33,0.0
22,0.0,0.0006021,0.001762,10.35,0.0
23,0.0,1.345,0.2416,10.67,0.0
24,0.0,3.137,0.5969,7.638,0.0
25,0.0,0.000851,0.002553,9.631,0.0
26,0.0,0.0004664,0.001385,7.812,0.0
27,0.475,64.32,17.65,331.3,79.54
28,0.4248,42.18,11.3,257.3,69.75
29,0.1807,12.36,2.483,160.4,47.06
30,0.04056,23.29,5.906,68.68,11.57
31,0.0,6.9,2.759,15.65,0.0
32,0.06536,13.27,2.278,115.1,37.13
1,0.0,1210.0,535.4,1063.0,127.8
2,0.0,826.1,378.3,264.2,119.6
3,0.0,902.9,447.2,236.3,39.78
4,0.0,110.4,23.96,406.4,0.0
5,0.0,186.0,56.54,645.0,0.0
6,0.4262,2703.0,1206.0,3066.0,58.6
7,0.0,963.4,510.0,258.1,0.0
8,0.0,258.5,98.64,453.0,0.0
9,0.0,58.31,16.22,343.2,0.0
10,0.2731,2046.0,920.5,1781.0,0.0
11,0.6354,4152.0,1787.0,5214.0,447.9
12,0.5505,3908.0,1717.0,4023.0,329.6
13,0.0,150.5,50.09,1043.0,0.0
14,0.2613,17230.0,7599.0,12370.0,187.4
15,0.0,6670.0,3148.0,7355.0,131.3
16,0.5667,25860.0,12470.0,30000.0,221.5
17,0.1367,20130.0,10720.0,15660.0,0.0
18,0.0,9859.0,4435.0,4008.0,0.0
19,0.0,3597.0,1856.0,3388.0,0.0
20,0.0169,545.7,322.8,3922.0,0.0
21,0.2793,17730.0,8576.0,13890.0,0.0
22,0.0,3336.0,1872.0,3667.0,0.0
23,0.0,195.4,70.24,912.6,0.0
24,0.0,760.1,405.5,1201.0,0.0
25,0.0,952.9,489.4,1718.0,0.0
26,0.0,4814.0,2245.0,4915.0,0.0
27,1.208,123900.0,50750.0,136900.0,13610.0
28,1.168,105300.0,47790.0,110700.0,5651.0
29,0.9173,48190.0,23240.0,53790.0,2812.0
30,0.7635,46370.0,21270.0,47620.0,730.2
31,0.2259,32950.0,13200.0,36160.0,0.0
32,0.7852,23160.0,11750.0,25100.0,1254.0
1,0.0,6.978,1.693,38.49,6.519
2,0.0,7.005,1.701,35.62,6.2
3,0.0,5.941,1.593,22.95,2.194
4,0.0,6.324,1.795,21.75,0.0
5,0.0,1.516,0.2922,13.45,0.0
6,0.0,1.375,0.1618,14.64,2.086
7,0.0,0.0003859,0.001158,2.375,0.0
8,0.0,1.339,0.1457,5.171,0.0
9,0.0,0.0005786,0.001736,2.554,0.0
10,0.0,0.05416,0.02514,8.193,0.0
11,0.0,10.21,2.054,75.21,17.72
12,0.0,7.725,1.681,53.59,13.22
13,0.0,1.364,0.2256,11.65,0.0
14,0.0,0.001144,0.003061,16.74,4.709
15,0.0,0.0005464,0.001529,9.708,0.3757
16,0.0,0.0003495,0.003035,15.0,0.06608
17,0.0,0.001053,0.00316,20.39,0.0
18,0.0,0.0005249,0.001575,6.556,0.0
19,0.0,0.0008936,0.002681,9.445,0.0
20,0.0,0.0003399,0.00102,2.473,0.0
21,0.0,0.0006133,0.00184,8.867,0.0
22,0.0,0.0005861,0.001758,8.191,0.0
23,0.0,1.101,0.1689,8.899,0.0
24,0.0,0.0003793,0.001138,3.389,0.0
25,0.0,0.000851,0.002553,8.358,0.0
26,0.0,0.0004614,0.001384,6.502,0.0
27,0.2453,4.212,0.5332,199.0,46.29
28,0.2169,5.608,0.7886,178.9,46.34
29,0.0,6.687,1.008,140.5,32.59
30,0.0,0.001159,0.005861,33.25,5.894
31,0.0,0.05574,0.02258,15.39,0.0
32,0.0,9.481,1.648,120.6,27.11
1,0.0,22.36,6.186,118.4,4.448
2,0.0,20.24,5.841,49.1,4.142
3,0.0,6.771,1.76,33.46,0.5588
4,0.0,5.27,1.76,13.23,0.0
5,0.0,14.47,4.686,14.13,0.0
6,0.0,9.033,2.08,176.3,1.813
7,0.0,1.451,0.188,35.1,0.0
8,0.0,3.316,0.519,6.045,0.0
9,0.0,0.8657,0.1621,42.56,0.0
10,0.0,3.125,0.9458,29.24,0.0
11,0.1032,45.87,11.92,398.6,14.57
12,0.0,32.42,8.117,341.4,10.84
13,0.0,2.89,0.7098,58.52,0.0
14,0.0,38.06,10.18,2013.0,3.819
15,0.0,21.04,4.936,857.8,0.7736
16,0.0,49.64,14.65,4257.0,0.6822
17,0.0,14.4,7.2,3023.0,0.0
18,0.0,7.641,2.661,428.0,0.0
19,0.0,10.36,3.297,546.2,0.0
20,0.0,3.292,1.259,627.2,0.0
21,0.0,13.29,5.856,1863.0,0.0
22,0.0,6.293,2.061,578.1,0.0
23,0.0,10.0,3.335,35.03,0.0
24,0.0,2.449,0.5676,111.9,0.0
25,0.0,4.002,1.034,345.4,0.0
26,0.0,6.759,1.85,531.1,0.0
27,0.2532,466.3,115.8,24710.0,110.7
28,0.2375,296.7,75.81,18310.0,72.28
29,0.1637,158.1,43.47,9156.0,46.32
30,0.0,107.9,28.64,7021.0,7.525
31,0.0,73.65,32.15,7674.0,0.0
32,0.1602,84.99,21.24,3923.0,28.09
1,0.0,2.519,0.8003,3.553,0.9153
2,0.0,2.542,0.8084,1.736,0.8236
3,0.0,0.0001543,0.0004629,0.8667,0.0
4,0.0,0.001076,0.003228,2.88,0.0
5,0.0,2.921,0.9916,3.356,0.0
6,0.0,0.0006085,0.001754,2.461,0.1303
7,0.0,0.0003859,0.001158,1.876,0.0
8,0.0,0.000379,0.001137,1.524,0.0
9,0.0,0.0005786,0.001736,2.02,0.0
10,0.0,0.001234,0.003701,6.263,0.0
11,0.0,1.944,0.5762,4.183,2.877
12,0.0,2.216,0.678,2.344,1.762
13,0.0,0.0006373,0.001912,1.239,0.0
14,0.0,0.0002264,0.0006294,2.177,0.3365
15,0.0,0.0006974,0.000997,13.13,0.0007766
16,0.0,0.0005693,0.001549,6.555,0.7114
17,0.0,0.001053,0.00316,14.61,0.0
18,0.0,0.0005249,0.001575,4.687,0.0
19,0.0,0.0008936,0.002681,5.742,0.0
20,0.0,0.0003399,0.00102,1.543,0.0
21,0.0,0.0006133,0.00184,5.772,0.0
22,0.0,0.0005861,0.001758,6.032,0.0
23,0.0,0.0007501,0.00225,3.159,0.0
24,0.0,0.0003793,0.001138,7.659,0.0
25,0.0,0.000851,0.002553,10.21,0.0
26,0.0,0.0004614,0.001384,4.96,0.0
27,0.0,5.909e-05,1.29e-05,0.05149,0.002881
28,0.0,0.008673,0.002303,5.17,1.263
29,0.0,0.1456,0.03121,5.088,0.8876
30,0.0,0.0004527,0.001097,6.43,1.64
31,0.0,0.0006751,0.002025,5.538,0.0
32,0.0,0.9588,0.2412,11.87,2.893
1,0.0,0.0007139,0.001476,11.01,0.0
2,0.0,0.1576,0.0104,3.604,0.0
3,0.0,0.3651,0.01837,5.563,0.0
4,0.0,0.8706,0.09282,34.2,0.0
5,0.0,1.163,0.1369,60.88,0.0
6,0.0,0.0004651,0.001358,2.684,0.01385
7,0.0,0.001156,0.00158,5.971,0.0
8,0.0,0.0003667,0.0011,3.001,0.0
9,0.0,0.001439,0.002152,7.181,0.0
10,0.0,0.001194,0.003582,6.149,0.0
11,0.0,1.408,0.2145,99.71,0.02706
12,0.0,0.6857,0.07615,49.78,0.0
13,0.0,1.623,0.3058,131.9,0.0
14,0.0,10.29,3.027,1448.0,0.4187
15,0.0,8.918,1.835,503.6,0.3792
16,0.0,35.25,9.761,3476.0,1.233
17,0.0,9.743,3.367,2295.0,0.0
18,0.0,3.329,0.8183,505.5,0.0
19,0.0,5.828,1.448,683.6,0.0
20,0.0,3.513,1.061,671.8,0.0
21,0.0,7.29,2.807,1610.0,0.0
22,0.0,2.384,0.5387,456.1,0.0
23,0.0,2.419,0.3365,105.4,0.0
24,0.0,1.239,0.2104,105.9,0.0
25,0.0,4.193,0.8218,357.4,0.0
26,0.0,3.823,0.8096,493.2,0.0
27,0.0,11.42,3.054,1007.0,1.713
28,0.0,71.98,16.86,5457.0,10.44
29,0.0,11.46,4.721,2835.0,0.09288
30,0.0,72.95,18.27,4980.0,4.756
31,0.0,3.533,1.921,3096.0,0.0
32,0.0,6.997,1.814,1742.0,0.2832
1,0.0,25.33,6.754,395.3,1.877
2,0.0,15.34,4.576,171.4,1.749
3,0.0,8.304,1.321,75.25,0.374
4,0.0,11.5,2.696,152.5,0.0
5,0.0,21.3,7.089,232.9,0.0
6,0.0,30.93,7.356,885.2,1.585
7,0.0,6.541,1.215,101.4,0.0
8,0.0,8.411,1.398,153.2,0.0
9,0.0,4.012,1.02,121.6,0.0
10,0.0,13.61,4.264,501.2,0.0
11,0.0,59.14,14.18,1393.0,8.744
12,0.0,53.41,12.13,1005.0,6.339
13,0.0,12.9,3.78,485.4,0.0
14,0.0,71.4,21.24,2375.0,5.894
15,0.0,95.76,31.15,1846.0,9.1
16,0.0,98.33,34.33,4761.0,5.108
17,0.0,281.8,165.4,4976.0,0.0
18,0.0,21.64,7.094,606.2,0.0
19,0.0,27.15,10.01,877.2,0.0
20,0.0,12.92,5.181,795.9,0.0
21,0.0,30.94,15.43,2024.0,0.0
22,0.0,31.66,13.32,954.3,0.0
23,0.0,10.63,2.83,201.0,0.0
24,0.0,10.55,2.804,320.0,0.0
25,0.0,59.28,26.65,583.1,0.0
26,0.0,36.8,14.62,1072.0,0.0
27,0.1798,1586.0,500.1,30210.0,327.2
28,0.01612,831.7,274.4,23170.0,142.7
29,0.0,585.5,218.2,12980.0,71.23
30,0.0,208.6,62.67,7821.0,18.65
31,0.0,952.4,423.3,16110.0,0.0
32,0.0,195.2,59.84,9354.0,30.95
1,0.0,36.79,9.371,117.0,6.498
2,0.0,24.06,6.975,60.76,6.272
3,0.0,16.65,2.808,86.45,3.076
4,0.0,22.7,6.423,139.2,0.0
5,0.0,30.06,12.03,54.79,0.0
6,0.0,36.11,9.06,326.3,3.289
7,0.0,11.7,1.89,64.54,0.0
8,0.0,11.93,1.577,34.81,0.0
9,0.0,7.12,1.634,12.31,0.0
10,0.0,22.05,6.837,382.4,0.0
11,0.0,59.08,14.49,563.1,15.15
12,0.0,52.47,12.88,362.0,12.61
13,0.0,20.01,5.001,226.6,0.0
14,0.0,122.5,49.44,2352.0,14.7
15,0.0,536.4,253.3,1967.0,69.74
16,0.0,162.2,72.84,4667.0,7.441
17,0.0,481.4,306.8,11900.0,0.0
18,0.0,75.79,33.18,808.2,0.0
19,0.0,40.9,15.64,749.3,0.0
20,0.0,25.45,11.25,839.6,0.0
21,0.0,67.92,36.65,1750.0,0.0
22,0.0,359.0,229.0,3422.0,0.0
23,0.0,15.11,3.558,101.5,0.0
24,0.0,50.14,24.64,283.3,0.0
25,0.0,470.2,251.8,619.9,0.0
26,0.0,172.2,93.07,1721.0,0.0
27,0.3483,987.9,288.4,23210.0,323.0
28,0.3192,1221.0,448.6,23910.0,323.7
29,0.1279,1105.0,455.9,17240.0,213.6
30,0.0,353.9,131.4,7365.0,36.64
31,0.0,305.6,164.2,7817.0,0.0
32,0.0,925.6,445.4,6724.0,127.5
1,1.35,7415.0,3924.0,140.7,75.54
2,1.318,7330.0,3894.0,111.5,66.41
3,0.9006,6693.0,3633.0,52.32,24.75
4,0.7552,233.0,104.5,42.46,0.0
5,1.113,678.1,342.2,65.42,0.0
6,0.6298,240.6,110.0,68.37,5.45
7,0.04306,6540.0,3613.0,17.72,0.0
8,0.01153,63.7,24.22,17.73,0.0
9,0.0,37.76,14.31,12.09,0.0
10,0.3871,121.6,55.22,39.24,0.0
11,1.574,7896.0,4109.0,276.7,223.6
12,1.432,7575.0,3961.0,212.9,160.8
13,0.0,66.66,35.44,28.87,0.0
14,1.287,42880.0,22020.0,1586.0,59.75
15,0.2318,6354.0,3439.0,95.19,65.17
16,0.8543,9475.0,4671.0,316.3,3.793
17,0.4617,7592.0,4293.0,223.2,0.0
18,0.7448,13300.0,6804.0,101.9,0.0
19,1.107,28970.0,15640.0,1678.0,0.0
20,0.1858,110.3,71.79,52.4,0.0
21,0.5342,6634.0,3296.0,157.2,0.0
22,0.0,2442.0,1394.0,77.7,0.0
23,0.9792,342.5,183.2,41.68,0.0
24,0.0,1819.0,1099.0,27.22,0.0
25,0.0,2682.0,1385.0,60.56,0.0
26,0.0,910.6,472.8,52.97,0.0
27,1.904,84590.0,39410.0,4145.0,5718.0
28,1.874,79940.0,40190.0,3212.0,2127.0
29,1.666,27950.0,14540.0,1049.0,1516.0
30,1.434,52530.0,26580.0,1936.0,79.69
31,0.8139,12940.0,5513.0,366.9,0.0
32,1.627,21440.0,11390.0,593.0,632.3
1,0.6236,252.7,113.0,118.4,53.0
2,0.5634,238.0,109.3,108.7,49.74
3,0.1122,191.2,94.04,22.75,27.81
4,0.0426,20.71,6.498,16.74,0.0
5,0.3857,33.82,13.03,16.49,0.0
6,0.1944,38.45,10.96,31.09,15.39
7,0.0,176.3,95.38,5.461,0.0
8,0.0,11.68,2.306,7.705,0.0
9,0.0,4.761,1.226,4.38,0.0
10,0.0,14.49,4.807,14.39,0.0
11,1.049,361.8,149.4,190.5,120.9
12,0.7973,300.9,124.8,159.0,102.1
13,0.1843,27.6,12.6,15.12,0.0
14,0.8673,2750.0,1213.0,134.2,36.07
15,0.0743,2076.0,993.2,64.98,15.43
16,0.646,2117.0,966.8,154.8,2.385
17,0.6741,8836.0,4974.0,157.9,0.0
18,0.2284,884.4,424.9,42.89,0.0
19,0.7318,1437.0,695.3,75.01,0.0
20,0.154,27.22,15.44,20.33,0.0
21,0.3718,1605.0,741.7,76.25,0.0
22,0.03201,1203.0,623.7,1423.0,0.0
23,0.4865,35.95,16.32,14.46,0.0
24,0.0,250.5,138.9,17.54,0.0
25,0.0,1620.0,786.4,34.15,0.0
26,0.0,128.9,58.68,29.95,0.0
27,1.553,16300.0,6900.0,3612.0,2620.0
28,1.541,18380.0,8801.0,2655.0,1082.0
29,1.357,14130.0,7208.0,2183.0,558.1
30,1.079,4926.0,2180.0,318.7,70.14
31,0.08955,1054.0,443.9,455.6,0.0
32,1.252,6300.0,3162.0,1831.0,243.7
1,0.4538,24.53,3.194,22.44,23.09
2,0.3621,14.22,1.57,15.53,22.13
3,0.0,7.59,0.7371,7.621,15.24
4,0.0,5.703,0.6965,4.864,0.0
5,0.2162,8.117,1.166,5.413,0.0
6,0.1981,27.8,5.105,22.88,13.57
7,0.0,6.049,0.7763,4.062,0.0
8,0.0,5.419,0.527,3.794,0.0
9,0.0,3.602,0.6626,3.322,0.0
10,0.0,14.68,3.546,12.25,0.0
11,0.9529,63.98,9.734,63.58,70.48
12,0.6993,52.09,7.8,49.9,58.48
13,0.2396,12.66,3.597,9.099,0.0
14,0.8225,52.01,16.18,69.06,5.22
15,0.0,124.1,54.51,37.0,7.292
16,0.5381,50.23,21.45,76.7,2.234
17,0.4398,560.1,281.7,91.55,0.0
18,0.09206,19.24,4.842,20.12,0.0
19,0.7188,20.06,6.602,31.51,0.0
20,0.07056,11.1,3.952,10.8,0.0
21,0.2805,23.17,10.36,35.28,0.0
22,0.2172,675.6,340.6,38.8,0.0
23,0.3044,8.469,1.418,6.724,0.0
24,0.0,41.69,18.88,11.69,0.0
25,0.0,48.14,23.13,15.81,0.0
26,0.0,21.84,8.513,18.11,0.0
27,1.497,2827.0,1024.0,967.5,530.5
28,1.475,1514.0,630.8,694.4,400.2
29,1.291,1466.0,640.6,457.8,297.2
30,1.01,117.4,42.53,168.3,13.48
31,0.2471,1911.0,776.6,149.2,0.0
32,1.218,1130.0,523.9,231.5,155.3
1,0.2009,42.4,6.153,32.2,20.03
2,0.116,30.74,4.219,23.59,18.61
3,0.0,18.05,2.237,13.04,12.65
4,0.0,13.21,2.192,7.896,0.0
5,0.0,15.65,2.838,8.522,0.0
6,0.0,30.57,6.333,27.77,10.82
7,0.0,7.063,0.9208,4.707,0.0
8,0.0,8.699,0.9786,5.605,0.0
9,0.0,4.2,0.7909,3.658,0.0
10,0.0,14.17,4.052,13.4,0.0
11,0.701,98.26,17.15,86.42,56.7
12,0.4289,75.16,12.21,66.33,47.52
13,0.0,15.76,3.839,13.38,0.0
14,0.5849,277.9,112.9,110.3,1.758
15,0.0,55.18,13.7,57.01,2.888
16,0.3353,218.8,96.95,130.8,1.079
17,0.1615,60.88,30.72,102.9,0.0
18,0.0,87.83,35.62,32.02,0.0
19,0.4647,133.7,57.91,45.11,0.0
20,0.0,18.65,7.637,20.13,0.0
21,0.06909,143.1,63.7,60.82,0.0
22,0.0,25.99,7.799,38.64,0.0
23,0.08821,14.21,3.164,9.562,0.0
24,0.0,12.0,2.614,12.85,0.0
25,0.0,21.56,5.54,23.57,0.0
26,0.0,32.06,8.732,29.94,0.0
27,1.271,1306.0,465.8,1537.0,326.2
28,1.245,871.3,341.4,1072.0,210.2
29,1.05,303.0,108.0,619.5,164.9
30,0.788,532.6,222.3,297.7,7.99
31,0.03482,732.0,308.2,438.4,0.0
32,0.972,226.4,62.63,308.1,108.2
1,0.0,4.154,0.4505,12.28,9.231
2,0.0,2.371,0.2085,7.149,8.383
3,0.0,2.286,0.2061,4.759,4.21
4,0.0,1.549,0.2011,2.967,0.0
5,0.0,1.25,0.1481,2.439,0.0
6,0.0,4.028,0.7009,20.73,3.429
7,0.0,0.9735,0.09816,2.049,0.0
8,0.0,1.112,0.1078,2.486,0.0
9,0.0,0.5751,0.08712,1.949,0.0
10,0.0,1.652,0.3254,11.25,0.0
11,0.2337,9.519,1.421,40.74,24.84
12,0.0,7.883,1.084,33.97,20.48
13,0.0,2.664,0.4402,8.578,0.0
14,0.09292,9.604,2.607,69.07,5.154
15,0.0,4.199,0.8062,23.71,0.918
16,0.0,8.431,3.079,74.44,0.1452
17,0.0,19.22,9.854,91.7,0.0
18,0.0,3.301,0.8094,20.4,0.0
19,0.0,4.068,1.217,33.07,0.0
20,0.0,1.799,0.5587,10.86,0.0
21,0.0,3.688,1.43,35.75,0.0
22,0.0,4.388,1.256,30.75,0.0
23,0.0,1.53,0.2726,3.126,0.0
24,0.0,1.058,0.1689,7.623,0.0
25,0.0,0.0008235,0.002471,7.069,0.0
26,0.0,3.306,0.7063,12.24,0.0
27,0.839,59.74,17.77,718.4,103.1
28,0.8073,57.8,18.91,523.6,93.39
29,0.6339,38.56,13.81,306.0,70.51
30,0.3107,20.31,6.349,163.3,7.238
31,0.0,10.27,5.559,183.2,0.0
32,0.5299,23.22,5.705,151.4,43.17
1,0.0,1.364,0.1269,6.565,7.697
2,0.0,1.33,0.1223,5.077,6.998
3,0.0,0.1216,0.01292,2.486,2.112
4,0.0,0.001076,0.003228,1.496,0.0
5,0.0,0.9453,0.09687,1.406,0.0
6,0.0,0.2141,0.02486,4.371,1.812
7,0.0,0.0003859,0.001158,0.9274,0.0
8,0.0,0.0009942,0.001205,0.6921,0.0
9,0.0,0.0005786,0.001736,0.9849,0.0
10,0.0,0.001234,0.003701,2.529,0.0
11,0.0,2.552,0.2571,16.75,19.4
12,0.0,1.859,0.1645,13.18,14.42
13,0.0,0.001235,0.002007,0.6419,0.0
14,0.0,0.06069,0.0134,11.56,7.081
15,0.0,0.04622,0.007661,8.355,0.5229
16,0.0,0.001026,0.002885,7.887,0.0972
17,0.0,0.001053,0.00316,18.87,0.0
18,0.0,0.0005249,0.001575,4.173,0.0
19,0.0,0.0008936,0.002681,6.066,0.0
20,0.0,0.0003399,0.00102,0.9085,0.0
21,0.0,0.0006133,0.00184,4.741,0.0
22,0.0,0.0005861,0.001758,9.997,0.0
23,0.0,0.00135,0.002358,1.199,0.0
24,0.0,0.0003793,0.001138,2.775,0.0
25,0.0,0.000851,0.002553,6.418,0.0
26,0.0,0.0004614,0.001384,4.679,0.0
27,0.3891,5.652,0.7567,183.3,60.22
28,0.3504,4.758,0.5792,134.5,60.31
29,0.1937,4.349,0.4778,99.58,42.36
30,0.0,0.08351,0.02018,20.81,8.334
31,0.0,0.0006751,0.002025,7.135,0.0
32,0.07394,3.945,0.4288,60.7,30.06
1,0.4456,7835.0,4071.0,1016.0,208.8
2,0.4025,7687.0,4029.0,593.7,191.5
3,0.0,6950.0,3738.0,327.5,92.98
4,0.0,320.8,126.9,440.2,0.0
5,0.2146,809.3,384.7,479.2,0.0
6,0.0,419.1,151.8,1583.0,59.38
7,0.0,6750.0,3713.0,246.2,0.0
8,0.0,115.6,31.78,241.8,0.0
9,0.0,62.89,19.9,214.6,0.0
10,0.0,205.5,80.03,1026.0,0.0
11,0.7519,8610.0,4331.0,3208.0,575.0
12,0.5661,8162.0,4143.0,2350.0,448.6
13,0.0,164.1,65.94,991.0,0.0
14,0.5211,46210.0,23450.0,10190.0,144.9
15,0.0,9275.0,4793.0,5483.0,172.6
16,0.2145,12210.0,5891.0,17940.0,24.98
17,0.05907,17860.0,10070.0,22910.0,0.0
18,0.0,14400.0,7314.0,2581.0,0.0
19,0.3701,30650.0,16430.0,4740.0,0.0
20,0.0,214.2,118.1,3054.0,0.0
21,0.0,8529.0,4174.0,7631.0,0.0
22,0.0,4750.0,2612.0,7043.0,0.0
23,0.1587,441.9,214.7,531.8,0.0
24,0.0,2189.0,1288.0,911.8,0.0
25,0.0,4909.0,2481.0,2072.0,0.0
26,0.0,1316.0,659.8,3977.0,0.0
27,1.186,108100.0,48720.0,90500.0,10170.0
28,1.16,103200.0,50800.0,79320.0,4570.0
29,0.9666,45760.0,23230.0,47070.0,3013.0
30,0.7047,58860.0,29270.0,30130.0,262.0
31,0.04042,17990.0,7668.0,36310.0,0.0
32,0.8994,30350.0,15680.0,25050.0,1429.0
1,0.0,0.001552,0.004048,3.639,4.797
2,0.0,0.001018,0.002492,2.645,4.401
3,0.0,0.0007589,0.00202,1.632,1.079
4,0.0,0.001076,0.003228,1.326,0.0
5,0.0,0.0008188,0.002456,0.7487,0.0
6,0.0,0.001525,0.004204,3.287,1.89
7,0.0,0.0003859,0.001158,0.8259,0.0
8,0.0,0.000379,0.001137,0.6128,0.0
9,0.0,0.0005786,0.001736,0.877,0.0
10,0.0,0.001234,0.003701,2.255,0.0
11,0.0,0.003005,0.007208,10.77,14.6
12,0.0,0.002471,0.005959,8.103,10.76
13,0.0,0.0006373,0.001912,0.4888,0.0
14,0.0,0.0008351,0.002779,7.881,4.27
15,0.0,0.0007427,0.002011,8.381,0.632
16,0.0,0.0009099,0.002525,5.734,1.355
17,0.0,0.01276,0.009465,95.12,0.0
18,0.0,0.0005249,0.001575,3.346,0.0
19,0.0,0.0008936,0.002681,4.784,0.0
20,0.0,0.0003399,0.00102,0.5948,0.0
21,0.0,0.0006133,0.00184,3.605,0.0
22,0.0,0.0005861,0.001758,8.079,0.0
23,0.0,0.0007501,0.00225,1.032,0.0
24,0.0,0.0003793,0.001138,2.23,0.0
25,0.0,0.000851,0.002553,5.668,0.0
26,0.0,0.0004614,0.001384,3.929,0.0
27,0.0,0.7177,0.1831,144.5,34.71
28,0.0,0.02252,0.01707,123.9,38.51
29,0.0,0.02968,0.02029,115.9,25.79
30,0.0,0.001476,0.004797,14.29,7.125
31,0.0,0.4315,0.1633,47.55,0.0
32,0.0,0.004362,0.01048,40.94,22.26
1,0.0,3.243,0.4103,133.7,2.229
2,0.0,3.23,0.398,99.58,2.002
3,0.0,2.37,0.3056,49.14,0.4725
4,0.0,1.863,0.2597,111.2,0.0
5,0.0,1.354,0.1796,118.8,0.0
6,0.0,0.7026,0.1257,93.74,0.579
7,0.0,1.085,0.1292,22.05,0.0
8,0.0,0.004975,0.00361,29.56,0.0
9,0.0,0.6468,0.1114,30.53,0.0
10,0.0,1.143,0.1975,154.0,0.0
11,0.0,1.894,0.2213,125.4,6.013
12,0.0,2.868,0.3225,157.8,4.164
13,0.0,0.001783,0.002454,11.4,0.0
14,0.0,9.723,2.253,1206.0,2.748
15,0.0,4.931,0.9029,315.0,0.09657
16,0.0,13.4,4.399,2315.0,1.644
17,0.0,5.066,1.739,1495.0,0.0
18,0.0,1.94,0.3665,290.9,0.0
19,0.0,2.702,0.6469,560.8,0.0
20,0.0,1.476,0.4154,370.2,0.0
21,0.0,3.021,1.059,1132.0,0.0
22,0.0,0.07868,0.04305,418.4,0.0
23,0.0,0.002049,0.002835,24.08,0.0
24,0.0,0.007244,0.004814,72.56,0.0
25,0.0,0.002306,0.00318,27.95,0.0
26,0.0,2.692,0.5013,283.1,0.0
27,0.0,14.86,3.062,2259.0,8.066
28,0.0,47.96,11.12,5111.0,15.08
29,0.0,11.03,3.864,2223.0,3.875
30,0.0,40.9,9.443,3708.0,7.118
31,0.0,0.2022,0.1122,3202.0,0.0
32,0.0,4.807,1.321,1333.0,6.079
1,0.0,5.154,0.7902,89.6,0.6745
2,0.0,2.011,0.2621,30.16,0.5144
3,0.0,2.676,0.273,17.11,0.3128
4,0.0,3.606,0.442,29.79,0.0
5,0.0,3.621,0.529,98.32,0.0
6,0.0,10.49,1.994,285.9,0.7385
7,0.0,2.512,0.3087,16.36,0.0
8,0.0,2.845,0.3315,56.02,0.0
9,0.0,1.493,0.267,22.49,0.0
10,0.0,2.586,0.7077,237.0,0.0
11,0.0,9.854,1.709,228.0,1.977
12,0.0,9.416,1.558,190.4,1.09
13,0.0,5.094,1.195,267.8,0.0
14,0.0,23.95,5.994,1396.0,0.5818
15,0.0,37.56,8.844,1568.0,2.391
16,0.0,30.2,9.517,2655.0,1.866
17,0.0,14.62,4.976,1598.0,0.0
18,0.0,6.2,1.471,395.3,0.0
19,0.0,8.934,2.774,634.8,0.0
20,0.0,3.749,1.152,433.3,0.0
21,0.0,7.747,3.0,1240.0,0.0
22,0.0,6.949,1.816,604.6,0.0
23,0.0,2.849,0.4543,73.47,0.0
24,0.0,4.301,0.9431,270.7,0.0
25,0.0,9.806,2.469,658.8,0.0
26,0.0,14.75,4.074,847.8,0.0
27,0.0,79.94,20.01,6389.0,16.98
28,0.0,109.9,25.02,6666.0,16.23
29,0.0,46.24,12.24,2955.0,4.369
30,0.0,75.85,18.84,4323.0,5.424
31,0.0,6.508,4.282,5416.0,0.0
32,0.0,70.07,16.91,3916.0,6.981
1,0.0,0.0004385,0.001316,1.62,0.0
2,0.0,2.445e-06,7.334e-06,0.01953,0.0
3,0.0,0.0001493,0.000448,0.2906,0.0
4,0.0,0.001041,0.003124,1.581,0.0
5,0.0,0.0007923,0.002377,1.702,0.0
6,0.0,0.0004607,0.001318,1.832,0.06084
7,0.0,0.0003735,0.00112,0.6763,0.0
8,0.0,0.0003667,0.0011,1.157,0.0
9,0.0,0.00056,0.00168,1.007,0.0
10,0.0,0.001194,0.003582,3.56,0.0
11,0.0,0.0004221,0.001266,3.243,0.006514
12,0.0,0.0001532,0.0004595,0.8906,0.0
13,0.0,0.01116,0.008622,28.28,0.0
14,0.0,0.0001275,0.0003823,1.023,0.001627
15,0.0,0.0002695,0.0007397,3.24,0.0
16,0.0,0.0003425,0.0006733,2.15,0.07568
17,0.0,0.02978,0.01435,14.35,0.0
18,0.0,0.000508,0.001524,3.263,0.0
19,0.0,0.0008647,0.002594,9.308,0.0
20,0.0,0.000329,0.0009869,1.505,0.0
21,0.0,0.0005935,0.00178,3.992,0.0
22,0.0,0.0005672,0.001702,6.474,0.0
23,0.0,0.0007259,0.002178,2.189,0.0
24,0.0,0.000374,0.001104,3.675,0.0
25,0.0,0.0008235,0.002471,5.273,0.0
26,0.0,0.0004465,0.001339,3.495,0.0
27,0.0,1.106e-06,3.318e-06,0.01018,0.0
28,0.0,0.02573,0.01384,11.22,0.0
29,0.0,0.0002194,0.0006084,2.758,0.0
30,0.0,0.0001623,0.0002532,7.468,0.006511
31,0.0,0.0006533,0.00196,4.655,0.0
32,0.0,0.0007821,0.002234,7.961,0.000557
1,0.0,11.47,2.529,315.0,0.5791
2,0.0,5.486,1.127,105.9,0.4236
3,0.0,5.267,0.8826,77.02,0.3497
4,0.0,9.073,1.815,151.9,0.0
5,0.0,9.287,2.681,350.6,0.0
6,0.0,12.93,3.768,544.2,0.7271
7,0.0,4.695,0.888,87.83,0.0
8,0.0,2.763,0.5979,118.0,0.0
9,0.0,2.822,0.6988,102.4,0.0
10,0.0,8.749,3.829,722.5,0.0
11,0.0,23.24,5.413,1016.0,3.107
12,0.0,21.37,4.573,605.0,2.161
13,0.0,6.064,2.191,688.2,0.0
14,0.0,65.4,23.56,6940.0,3.863
15,0.0,42.18,12.12,2945.0,1.554
16,0.0,89.4,40.07,16430.0,2.282
17,0.0,22.71,12.15,12330.0,0.0
18,0.0,20.97,9.388,1353.0,0.0
19,0.0,12.61,5.115,1880.0,0.0
20,0.0,6.408,2.761,2573.0,0.0
21,0.0,23.55,12.07,7668.0,0.0
22,0.0,10.15,3.71,2545.0,0.0
23,0.0,6.077,1.172,452.4,0.0
24,0.0,3.369,1.015,571.2,0.0
25,0.0,12.41,3.999,1388.0,0.0
26,0.0,16.08,5.324,1724.0,0.0
27,0.0,659.2,161.9,54330.0,135.5
28,0.0,607.1,177.3,53090.0,55.7
29,0.0,138.8,54.64,27250.0,9.5
30,0.0,241.8,77.93,25990.0,11.85
31,0.0,30.72,18.89,21010.0,0.0
32,0.0,94.68,29.17,11140.0,7.024
1,0.6612,504.8,267.9,127.0,26.64
2,0.6566,482.4,259.8,90.15,24.54
3,0.0,201.7,98.33,52.58,8.415
4,0.0,32.78,13.3,141.3,0.0
5,0.6179,294.6,176.0,79.68,0.0
6,0.0,92.26,48.67,151.3,5.694
7,0.0,191.4,102.7,66.31,0.0
8,0.0,33.74,17.95,55.11,0.0
9,0.0,9.72,3.948,15.76,0.0
10,0.0,36.79,20.68,108.3,0.0
11,0.7846,655.6,342.7,293.9,54.51
12,0.7006,584.9,305.0,192.3,45.83
13,0.0,29.07,13.72,225.8,0.0
14,0.8151,17290.0,9430.0,18710.0,461.0
15,0.0,320.1,188.0,792.1,6.402
16,0.004881,862.1,448.7,9957.0,13.41
17,0.0,124.3,86.43,4608.0,0.0
18,0.2536,4582.0,2444.0,8356.0,0.0
19,0.6607,13020.0,7553.0,8248.0,0.0
20,0.0,29.06,18.23,797.3,0.0
21,0.0,560.0,306.0,5335.0,0.0
22,0.0,40.85,21.05,558.2,0.0
23,0.0,55.4,30.71,92.96,0.0
24,0.0,142.7,88.38,190.9,0.0
25,0.0,33.85,16.07,134.6,0.0
26,0.0,45.31,24.03,407.4,0.0
27,1.184,17850.0,8324.0,66350.0,2872.0
28,1.175,19400.0,10230.0,47470.0,1171.0
29,0.8559,1493.0,746.2,12200.0,271.8
30,0.8836,18100.0,9785.0,31590.0,593.2
31,0.0,284.9,158.8,26260.0,0.0
32,0.8374,1520.0,824.7,4247.0,128.8
1,0.8917,1390.0,705.0,455.9,75.73
2,0.8646,1354.0,691.4,280.3,71.75
3,0.3369,1103.0,584.7,55.69,32.28
4,0.1809,70.82,29.54,61.2,0.0
5,0.7213,242.4,115.4,103.7,0.0
6,0.007187,79.13,36.25,854.7,5.861
7,0.0,1056.0,579.7,32.07,0.0
8,0.0,14.23,4.732,193.7,0.0
9,0.0,11.6,4.512,89.54,0.0
10,0.0,32.32,13.54,210.8,0.0
11,1.232,1707.0,854.9,1591.0,142.2
12,0.9562,1461.0,727.4,1384.0,116.4
13,0.1119,43.86,19.51,315.8,0.0
14,1.003,18800.0,9594.0,5415.0,12.5
15,0.0,2585.0,1451.0,15620.0,90.39
16,0.8917,10660.0,5474.0,2849.0,3.362
17,0.1748,3491.0,1992.0,1113.0,0.0
18,0.5776,7919.0,4110.0,262.6,0.0
19,0.7338,9382.0,5157.0,4552.0,0.0
20,0.2872,95.26,61.96,450.0,0.0
21,0.5881,7593.0,3959.0,1427.0,0.0
22,0.0,874.6,489.0,5531.0,0.0
23,0.8248,223.3,121.2,83.17,0.0
24,0.0,1083.0,683.3,5793.0,0.0
25,0.0,581.6,315.1,4328.0,0.0
26,0.0,250.5,122.5,2790.0,0.0
27,1.684,48890.0,22160.0,43010.0,4640.0
28,1.636,44090.0,22050.0,42310.0,1735.0
29,1.377,13990.0,7202.0,33150.0,1283.0
30,1.268,29880.0,15140.0,8594.0,38.8
31,0.7636,10370.0,4642.0,1403.0,0.0
32,1.322,10340.0,5583.0,30270.0,487.4
1,1.006,629.5,295.3,77.97,47.45
2,0.9808,593.9,282.4,63.18,43.81
3,0.6068,414.0,206.4,31.07,22.72
4,0.5456,89.96,35.37,21.52,0.0
5,0.75,174.7,76.24,27.34,0.0
6,0.3754,118.9,50.91,45.29,15.62
7,0.0,334.6,179.5,9.113,0.0
8,0.0,32.3,9.727,11.95,0.0
9,0.0,13.99,4.919,6.732,0.0
10,0.04057,54.27,24.72,19.49,0.0
11,1.312,909.0,413.6,186.6,120.6
12,1.111,749.7,342.4,136.0,99.56
13,0.5246,88.05,42.19,27.64,0.0
14,1.112,18070.0,8664.0,4226.0,26.55
15,0.1753,4040.0,2163.0,2308.0,135.3
16,1.045,10340.0,4850.0,3507.0,104.9
17,0.8026,14740.0,7707.0,7417.0,0.0
18,0.615,5887.0,2878.0,2568.0,0.0
19,0.8762,10130.0,5211.0,1615.0,0.0
20,0.4997,102.6,64.82,51.11,0.0
21,0.7517,7648.0,3608.0,1976.0,0.0
22,0.1087,2851.0,1650.0,2962.0,0.0
23,0.6807,114.7,53.67,25.16,0.0
24,0.0,1243.0,738.4,655.5,0.0
25,0.0,1712.0,909.3,740.4,0.0
26,0.0,531.8,255.7,262.3,0.0
27,1.879,67160.0,28210.0,56230.0,7668.0
28,1.832,59270.0,28130.0,37510.0,3104.0
29,1.614,29660.0,14910.0,21830.0,1545.0
30,1.399,29150.0,13740.0,9568.0,229.9
31,0.9284,16660.0,7055.0,19820.0,0.0
32,1.509,15300.0,8307.0,7030.0,562.8
1,0.3801,1.869,0.1569,9.331,21.63
2,0.3264,1.88,0.1563,7.991,20.78
3,0.0,1.16,0.09417,3.673,13.71
4,0.0,0.9929,0.1101,2.45,0.0
5,0.2041,0.9208,0.09588,2.255,0.0
6,0.0218,0.0058,0.004947,5.36,12.63
7,0.0,0.73,0.06579,1.204,0.0
8,0.0,0.0006642,0.001302,0.8347,0.0
9,0.0,0.4316,0.05914,1.411,0.0
10,0.0,0.001194,0.003582,2.979,0.0
11,0.9108,7.689,1.104,28.17,61.69
12,0.5891,2.379,0.2131,18.46,51.77
13,0.4253,2.4,0.6202,4.391,0.0
14,0.91,10.67,3.213,49.37,4.981
15,0.0,12.97,4.096,18.98,1.806
16,0.7044,12.88,6.04,54.88,1.749
17,0.4584,10.59,5.301,41.67,0.0
18,0.2195,4.736,1.018,17.62,0.0
19,0.794,2.287,0.5281,24.32,0.0
20,0.2393,2.835,1.134,4.566,0.0
21,0.4471,5.941,2.923,27.46,0.0
22,0.1355,3.324,0.867,20.26,0.0
23,0.3071,4.205,0.7073,4.181,0.0
24,0.0,2.521,0.6166,8.966,0.0
25,0.0,7.742,2.222,15.53,0.0
26,0.0,8.88,3.395,12.03,0.0
27,1.545,87.17,25.69,650.4,219.2
28,1.538,81.95,29.56,481.7,206.2
29,1.322,46.11,16.17,303.5,163.7
30,1.128,26.11,10.03,121.8,12.53
31,0.0,8.298,4.682,60.65,0.0
32,1.24,39.96,14.05,151.4,110.4
1,0.2015,21.76,4.679,17.47,16.42
2,0.1733,14.97,2.746,13.3,15.65
3,0.0,9.07,1.719,7.056,10.11
4,0.0,5.04,1.156,3.943,0.0
5,0.02783,6.831,1.406,4.77,0.0
6,0.0,16.75,5.485,12.51,7.925
7,0.0,3.738,0.8536,2.371,0.0
8,0.0,4.778,0.9515,2.76,0.0
9,0.0,2.279,0.7039,2.015,0.0
10,0.0,7.177,3.122,5.94,0.0
11,0.7323,53.86,14.6,45.31,46.76
12,0.3851,39.56,9.879,33.54,38.39
13,0.2468,7.705,3.369,5.343,0.0
14,0.7402,216.8,92.42,74.94,1.613
15,0.0,93.92,41.82,33.06,10.27
16,0.5703,471.0,212.6,119.8,1.086
17,0.3776,755.1,350.7,63.75,0.0
18,0.06649,58.84,25.27,22.06,0.0
19,0.6056,29.05,12.81,28.87,0.0
20,0.0753,10.45,5.384,16.69,0.0
21,0.3058,336.2,151.7,60.87,0.0
22,0.04922,94.87,44.89,23.09,0.0
23,0.1504,9.821,2.896,6.411,0.0
24,0.0,8.107,3.19,9.677,0.0
25,0.0,69.28,35.44,15.91,0.0
26,0.0,31.79,15.05,17.5,0.0
27,1.451,4269.0,1675.0,1302.0,528.5
28,1.415,2497.0,1076.0,883.0,281.1
29,1.204,1494.0,664.1,524.6,195.8
30,0.9763,733.6,322.5,240.2,6.288
31,0.3436,2309.0,962.3,388.0,0.0
32,1.1,749.8,351.6,294.8,100.7
1,0.0,0.0004695,0.00267,3.868,7.66
2,0.0,0.0004084,0.002065,3.186,7.321
3,0.0,0.0007076,0.002272,1.71,3.765
4,0.0,0.001041,0.003124,1.139,0.0
5,0.0,0.0007923,0.002377,0.8864,0.0
6,0.0,0.001382,0.003835,2.617,2.373
7,0.0,0.0003735,0.00112,0.6908,0.0
8,0.0,0.0003667,0.0011,0.4756,0.0
9,0.0,0.00056,0.00168,0.7397,0.0
10,0.0,0.001194,0.003582,1.838,0.0
11,0.3027,0.00042,0.004758,9.808,20.87
12,0.0,0.001186,0.004576,7.313,17.09
13,0.0,0.0006167,0.00185,1.195,0.0
14,0.329,0.000127,0.0005643,19.51,0.2663
15,0.0,0.000411,0.001164,9.067,0.2515
16,0.1967,0.0001777,0.0005331,16.84,0.5737
17,0.0005214,0.001019,0.003058,19.96,0.0
18,0.0,0.000508,0.001524,7.06,0.0
19,0.1817,0.0008647,0.002594,11.24,0.0
20,0.0,0.000329,0.0009869,1.18,0.0
21,0.0,0.0005935,0.00178,10.02,0.0
22,0.0,0.0005672,0.001702,10.17,0.0
23,0.0,0.0007259,0.002178,1.113,0.0
24,0.0,0.000367,0.001101,4.587,0.0
25,0.0,0.0008235,0.002471,8.088,0.0
26,0.0,0.0004465,0.001339,5.227,0.0
27,1.029,0.004758,3.318e-06,186.8,90.98
28,1.008,0.007034,0.003237,152.0,84.23
29,0.7988,0.0001997,0.0005991,104.4,67.52
30,0.5794,8.052e-05,0.0002416,39.27,2.606
31,0.0,0.0006533,0.00196,14.28,0.0
32,0.6851,0.0008983,0.005922,63.4,39.72
1,0.0,0.001476,0.004454,2.631,6.888
2,0.0,0.0009733,0.002936,1.919,6.579
3,0.0,0.0009049,0.00241,1.125,1.829
4,0.0,0.001076,0.003228,0.5005,0.0
5,0.0,0.0008188,0.002456,0.376,0.0
6,0.0,0.001426,0.003985,2.151,1.571
7,0.0,0.0003859,0.001158,0.6372,0.0
8,0.0,0.000379,0.001137,0.4312,0.0
9,0.0,0.0005786,0.001736,0.6423,0.0
10,0.0,0.001234,0.003701,1.6,0.0
11,0.0,0.002767,0.008278,7.672,16.11
12,0.0,0.002354,0.00636,5.613,12.98
13,0.0,0.0006373,0.001912,0.8247,0.0
14,0.0,0.0001312,0.002733,15.49,5.825
15,0.0,0.0004729,0.001334,8.169,0.2213
16,0.0,0.0001997,0.002862,12.79,0.2508
17,0.0,0.001053,0.00316,16.39,0.0
18,0.0,0.0005249,0.001575,5.742,0.0
19,0.0,0.0008936,0.002681,8.945,0.0
20,0.0,0.0003399,0.00102,0.8418,0.0
21,0.0,0.0006133,0.00184,7.9,0.0
22,0.0,0.0005861,0.001758,8.142,0.0
23,0.0,0.0007501,0.00225,0.8418,0.0
24,0.0,0.0003793,0.001138,3.77,0.0
25,0.0,0.000851,0.002553,7.176,0.0
26,0.0,0.0004614,0.001384,4.446,0.0
27,0.4104,5.92e-06,0.0009384,128.8,52.49
28,0.3915,0.0001105,0.008126,111.0,53.66
29,0.1911,0.0002359,0.007129,75.05,37.52
30,0.0,8.321e-05,0.004932,30.04,7.607
31,0.0,0.0006751,0.002025,9.648,0.0
32,0.1002,0.001745,0.01174,49.14,25.82
1,0.3633,2567.0,1277.0,1238.0,210.7
2,0.3377,2458.0,1238.0,698.3,197.8
3,0.0,1739.0,892.8,298.1,95.04
4,0.0,214.1,82.0,527.8,0.0
5,0.1905,733.7,372.6,789.2,0.0
6,0.0,331.1,147.2,2003.0,55.68
7,0.0,1595.0,864.2,240.1,0.0
8,0.0,90.66,34.3,470.6,0.0
9,0.0,42.98,15.23,274.2,0.0
10,0.0,143.0,66.82,1470.0,0.0
11,0.7053,3368.0,1634.0,3545.0,488.5
12,0.4641,2871.0,1391.0,2739.0,400.2
13,0.0,182.3,82.82,1577.0,0.0
14,0.5878,54480.0,27820.0,38060.0,524.2
15,0.0,7137.0,3870.0,23630.0,249.3
16,0.416,22480.0,11050.0,37930.0,132.6
17,0.09972,19160.0,10160.0,28810.0,0.0
18,0.04919,18480.0,9470.0,13290.0,0.0
19,0.4001,32590.0,17940.0,17580.0,0.0
20,0.0,251.8,155.9,4701.0,0.0
21,0.1324,16180.0,8044.0,18890.0,0.0
22,0.0,3882.0,2212.0,12700.0,0.0
23,0.1493,416.4,210.8,767.0,0.0
24,0.0,2487.0,1516.0,7587.0,0.0
25,0.0,2427.0,1285.0,7336.0,0.0
26,0.0,901.8,430.6,6361.0,0.0
27,1.262,139000.0,60590.0,231000.0,16270.0
28,1.228,126100.0,61730.0,193900.0,6761.0
29,0.9964,46880.0,23610.0,100700.0,3607.0
30,0.8248,78250.0,39100.0,84230.0,922.4
31,0.2004,29680.0,12850.0,77640.0,0.0
32,0.9123,28110.0,15130.0,58550.0,1498.0
1,0.0,0.001162,0.003144,1.088,2.854
2,0.0,0.000724,0.00184,0.5919,2.627
3,0.0,0.0006456,0.001753,0.4977,0.8243
4,0.0,0.001076,0.003228,0.06466,0.0
5,0.0,0.0008188,0.002456,0.1282,0.0
6,0.0,0.001169,0.003294,1.442,0.7049
7,0.0,0.0003859,0.001158,0.5683,0.0
8,0.0,0.000379,0.001137,0.3868,0.0
9,0.0,0.0005786,0.001736,0.5661,0.0
10,0.0,0.001234,0.003701,1.376,0.0
11,0.0,0.002208,0.005563,4.131,9.963
12,0.0,0.00163,0.004074,2.721,6.352
13,0.0,0.0006373,0.001912,0.6061,0.0
14,0.0,0.0005938,0.002905,11.54,4.495
15,0.0,0.0004028,0.001154,5.912,0.1111
16,0.0,0.000933,0.002658,9.66,1.42
17,0.0,0.001053,0.00316,13.22,0.0
18,0.0,0.0005249,0.001575,4.69,0.0
19,0.0,0.0008936,0.002681,7.133,0.0
20,0.0,0.0003399,0.00102,0.526,0.0
21,0.0,0.0006133,0.00184,6.203,0.0
22,0.0,0.0005861,0.001758,6.589,0.0
23,0.0,0.0007501,0.00225,0.5064,0.0
24,0.0,0.0003793,0.001138,3.028,0.0
25,0.0,0.000851,0.002553,6.201,0.0
26,0.0,0.0004614,0.001384,3.705,0.0
27,0.0,0.0002621,0.003002,69.8,26.23
28,0.0,0.0007895,0.0081,64.81,29.49
29,0.0,0.001333,0.006018,41.92,17.64
30,0.0,0.001086,0.005119,22.25,7.355
31,0.0,0.0006751,0.002025,7.497,0.0
32,0.0,0.00297,0.008333,31.08,15.32
1,0.0,0.0006307,0.001792,0.4965,0.8911
2,0.0,0.000259,0.0006829,0.1001,0.7505
3,0.0,0.0001975,0.0005757,0.1904,0.06498
4,0.0,0.0009718,0.002915,0.04342,0.0
5,0.0,0.0007395,0.002219,0.08717,0.0
6,0.0,0.0006766,0.001953,0.6669,0.2443
7,0.0,0.0003486,0.001046,0.4546,0.0
8,0.0,0.0003423,0.001027,0.3153,0.0
9,0.0,0.0005226,0.001568,0.4047,0.0
10,0.0,0.001114,0.003343,1.109,0.0
11,0.0,0.0009522,0.00261,0.8663,2.486
12,0.0,0.0004241,0.001134,0.4801,0.9623
13,0.0,0.0005756,0.001727,0.4479,0.0
14,0.0,0.0007293,0.001961,6.473,2.274
15,0.0,0.0002441,0.0007268,3.364,0.008653
16,0.0,0.0007382,0.002036,6.579,1.484
17,0.0,0.0009515,0.002854,9.862,0.0
18,0.0,0.0004741,0.001422,3.564,0.0
19,0.0,0.0008071,0.002421,5.273,0.0
20,0.0,0.000307,0.0009211,0.3937,0.0
21,0.0,0.0005539,0.001662,4.644,0.0
22,0.0,0.0005294,0.001588,4.901,0.0
23,0.0,0.0006775,0.002033,0.2053,0.0
24,0.0,0.0003426,0.001028,2.249,0.0
25,0.0,0.0007686,0.002306,4.906,0.0
26,0.0,0.0004167,0.00125,2.85,0.0
27,0.0,1.559e-05,0.0005362,6.803,2.531
28,0.0,0.001155,0.002761,16.88,6.722
29,0.0,0.0006579,0.001757,10.16,1.642
30,0.0,0.001282,0.003333,13.14,4.84
31,0.0,0.0006098,0.001829,5.547,0.0
32,0.0,0.001626,0.004492,16.04,3.374
1,0.0,0.1656,0.02257,22.41,0.125
2,0.0,0.4965,0.05886,8.86,0.09316
3,0.0,0.3229,0.01588,5.269,0.002378
4,0.0,0.001076,0.003228,13.27,0.0
5,0.0,1.231,0.1546,57.69,0.0
6,0.0,0.004881,0.004423,46.32,0.2097
7,0.0,0.0007172,0.001377,3.097,0.0
8,0.0,0.000379,0.001137,3.582,0.0
9,0.0,0.000944,0.001953,4.035,0.0
10,0.0,0.001234,0.003701,1.305,0.0
11,0.0,2.137,0.2772,104.1,0.7812
12,0.0,0.003845,0.002598,25.83,0.0
13,0.0,0.01567,0.01143,107.8,0.0
14,0.0,4.67,1.014,1191.0,1.364
15,0.0,0.01078,0.006961,151.3,0.0
16,0.0,0.4445,0.2202,2443.0,1.367
17,0.0,0.001053,0.00316,9.827,0.0
18,0.0,1.952,0.3779,396.3,0.0
19,0.0,2.639,0.6454,777.6,0.0
20,0.0,0.03925,0.02423,425.4,0.0
21,0.0,0.108,0.06629,1350.0,0.0
22,0.0,0.0005861,0.001758,4.503,0.0
23,0.0,1.075,0.1427,99.8,0.0
24,0.0,0.005933,0.004449,79.76,0.0
25,0.0,0.000851,0.002553,26.85,0.0
26,0.0,0.00251,0.002564,68.59,0.0
27,0.0,1.143e-06,3.428e-06,0.01466,0.0
28,0.0,3.376,1.132,2164.0,3.78
29,0.0,0.02802,0.01829,937.6,0.1609
30,0.0,5.077,1.481,3238.0,3.873
31,0.0,0.008791,0.006783,439.9,0.0
32,0.0,0.02124,0.01528,71.36,1.127
1,0.0,4.283,0.5499,98.5,0.07755
2,0.0,1.448,0.1947,19.86,0.05172
3,0.0,2.178,0.1985,19.41,0.07178
4,0.0,4.299,0.6179,100.4,0.0
5,0.0,5.425,0.9125,89.07,0.0
6,0.0,8.635,1.445,245.9,0.06526
7,0.0,2.656,0.2889,29.95,0.0
8,0.0,4.822,0.4523,58.97,0.0
9,0.0,1.576,0.2499,44.33,0.0
10,0.0,4.26,0.9342,155.3,0.0
11,0.0,6.978,1.17,174.5,0.2777
12,0.0,4.107,0.5448,137.2,0.007527
13,0.0,5.978,1.392,219.5,0.0
14,0.0,35.45,10.59,2058.0,2.235
15,0.0,43.96,10.17,1028.0,2.35
16,0.0,76.74,26.38,4685.0,0.7675
17,0.0,39.75,18.46,4405.0,0.0
18,0.0,12.01,2.73,614.2,0.0
19,0.0,15.23,4.104,1087.0,0.0
20,0.0,9.747,3.44,779.4,0.0
21,0.0,25.42,11.05,2399.0,0.0
22,0.0,11.55,3.504,869.7,0.0
23,0.0,5.902,1.089,68.9,0.0
24,0.0,9.125,1.891,254.4,0.0
25,0.0,12.45,3.502,668.8,0.0
26,0.0,23.86,6.077,765.9,0.0
27,0.0,144.9,44.23,10750.0,27.9
28,0.0,227.6,62.83,12470.0,26.6
29,0.0,88.45,31.72,7276.0,7.488
30,0.0,152.5,44.94,7432.0,6.583
31,0.0,22.22,14.16,10930.0,0.0
32,0.0,62.87,18.43,3123.0,5.897
1,0.0,3.665,0.5003,44.36,0.01108
2,0.0,0.997,0.09344,4.716,0.04803
3,0.0,1.817,0.1186,6.135,0.0
4,0.0,4.402,0.8972,66.48,0.0
5,0.0,7.398,1.649,72.72,0.0
6,0.0,3.585,0.6303,63.4,0.09073
7,0.0,2.069,0.2796,34.04,0.0
8,0.0,0.8597,0.08212,13.89,0.0
9,0.0,1.233,0.229,54.37,0.0
10,0.0,4.377,1.077,96.33,0.0
11,0.0,3.142,0.5115,84.73,0.2309
12,0.0,2.375,0.2836,43.02,0.0
13,0.0,1.688,0.3432,97.88,0.0
14,0.0,31.61,10.26,2962.0,3.086
15,0.0,5.312,1.138,171.4,0.428
16,0.0,60.77,22.96,6063.0,2.657
17,0.0,17.11,8.163,1846.0,0.0
18,0.0,14.08,3.484,578.6,0.0
19,0.0,18.57,5.927,888.2,0.0
20,0.0,7.281,2.714,1234.0,0.0
21,0.0,15.67,7.499,2355.0,0.0
22,0.0,3.607,1.008,398.3,0.0
23,0.0,6.595,1.089,93.34,0.0
24,0.0,1.377,0.257,56.01,0.0
25,0.0,0.01594,0.01261,79.18,0.0
26,0.0,3.187,0.6924,215.2,0.0
27,0.0,128.3,38.47,7111.0,28.54
28,0.0,188.9,49.25,11200.0,30.66
29,0.0,38.23,15.89,4176.0,3.72
30,0.0,167.1,44.5,9189.0,13.31
31,0.0,18.61,13.79,5643.0,0.0
32,0.0,13.03,4.165,1625.0,0.9599
1,0.0,0.05973,0.0412,73.28,0.0
2,0.0,0.347,0.02723,6.7,0.0
3,0.0,0.8098,0.05519,9.172,0.0
4,0.0,4.018,0.9013,129.4,0.0
5,0.0,2.797,0.7476,54.41,0.0
6,0.0,0.05799,0.04133,122.2,0.006248
7,0.0,1.454,0.1758,22.74,0.0
8,0.0,0.00699,0.005609,16.09,0.0
9,0.0,0.8682,0.1462,34.68,0.0
10,0.0,0.007235,0.00779,15.5,0.0
11,0.0,2.896,0.6754,170.7,0.2241
12,0.0,2.126,0.3463,101.5,0.0
13,0.0,0.001884,0.002855,26.54,0.0
14,0.0,14.91,4.921,2239.0,0.6371
15,0.0,7.918,2.092,678.0,0.5711
16,0.0,30.21,15.95,5832.0,0.9903
17,0.0,0.001019,0.003058,13.89,0.0
18,0.0,7.298,2.261,786.7,0.0
19,0.0,8.737,3.093,1116.0,0.0
20,0.0,3.688,1.612,1117.0,0.0
21,0.0,8.08,4.49,3425.0,0.0
22,0.0,0.0005672,0.001702,6.741,0.0
23,0.0,4.58,1.255,198.0,0.0
24,0.0,0.9631,0.1549,141.2,0.0
25,0.0,5.905,1.77,783.9,0.0
26,0.0,3.84,1.011,921.2,0.0
27,0.0,37.0,7.99,1640.0,3.796
28,0.0,93.63,24.7,7783.0,7.177
29,0.0,3.772,2.132,3090.0,0.0
30,0.0,96.1,28.75,7828.0,3.258
31,0.0,3.692,2.186,2055.0,0.0
32,0.0,0.0007351,0.002205,11.52,0.0
1,0.399,141.6,50.17,492.6,12.42
2,0.3956,116.1,44.0,134.0,11.21
3,0.0,26.08,4.673,76.59,3.917
4,0.0,34.61,8.2,177.3,0.0
5,0.397,130.6,58.78,269.4,0.0
6,0.0,122.2,45.44,1404.0,6.811
7,0.0,19.09,4.418,139.0,0.0
8,0.0,54.72,19.08,269.1,0.0
9,0.0,11.98,3.734,214.1,0.0
10,0.0,38.66,19.62,1176.0,0.0
11,1.286,753.8,348.8,2091.0,61.59
12,0.4824,264.9,88.77,1703.0,42.61
13,0.819,285.9,148.4,956.7,0.0
14,0.9704,18330.0,9085.0,1574.0,56.71
15,1.183,37660.0,21230.0,34840.0,109.7
16,1.185,16610.0,8190.0,2765.0,31.81
17,1.201,33030.0,18890.0,6092.0,0.0
18,0.7309,10040.0,5100.0,637.4,0.0
19,0.3109,5988.0,3513.0,816.9,0.0
20,0.6121,180.3,113.7,222.1,0.0
21,0.8851,11620.0,5768.0,737.2,0.0
22,0.8638,17120.0,10320.0,1993.0,0.0
23,1.125,393.1,210.5,184.6,0.0
24,0.6497,7731.0,4925.0,20390.0,0.0
25,0.871,16880.0,9526.0,732.8,0.0
26,0.6316,9232.0,4809.0,579.9,0.0
27,2.09,152000.0,70900.0,91620.0,16030.0
28,2.06,150000.0,76820.0,82230.0,6636.0
29,1.939,115600.0,61920.0,72480.0,3390.0
30,1.411,35670.0,17450.0,5891.0,211.4
31,0.9525,18250.0,7765.0,12920.0,0.0
32,1.834,86880.0,49380.0,73100.0,649.0
1,0.2887,56.81,14.01,35.75,6.668
2,0.2837,39.51,9.878,25.72,4.804
3,0.0,19.63,5.282,6.246,3.044
4,0.0,11.26,2.043,8.97,0.0
5,0.2955,32.58,9.113,21.69,0.0
6,0.0,35.84,8.682,22.04,3.016
7,0.0,19.98,7.5,5.703,0.0
8,0.0,13.14,2.034,7.944,0.0
9,0.0,6.699,2.031,5.137,0.0
10,0.0,13.98,4.518,12.76,0.0
11,1.004,154.7,44.66,111.2,55.07
12,0.4434,90.71,20.39,62.92,33.76
13,0.5929,38.23,15.08,28.92,0.0
14,1.001,5462.0,2548.0,8516.0,39.28
15,0.7477,9992.0,5235.0,6567.0,54.45
16,0.8629,2580.0,1175.0,11870.0,21.93
17,0.7211,3964.0,2072.0,9857.0,0.0
18,0.4773,1825.0,873.0,4797.0,0.0
19,0.805,3360.0,1795.0,1864.0,0.0
20,0.3319,54.4,30.66,905.9,0.0
21,0.5801,1802.0,845.8,7911.0,0.0
22,0.4281,777.2,416.1,1303.0,0.0
23,0.6457,50.71,21.13,29.77,0.0
24,0.4174,1285.0,761.4,883.7,0.0
25,0.4318,5968.0,3219.0,738.9,0.0
26,0.1451,1904.0,913.6,4329.0,0.0
27,1.815,38980.0,14690.0,98760.0,4655.0
28,1.766,26990.0,12140.0,59990.0,2104.0
29,1.584,16750.0,7937.0,26300.0,1201.0
30,1.256,8473.0,3857.0,23630.0,131.1
31,0.8995,17040.0,7017.0,40430.0,0.0
32,1.504,13660.0,7038.0,12600.0,315.2
1,0.2375,27.38,6.715,16.6,5.905
2,0.2346,19.34,5.319,11.15,4.73
3,0.0,5.781,0.6512,3.091,0.8439
4,0.0,8.514,1.379,6.755,0.0
5,0.2453,19.48,5.951,10.54,0.0
6,0.0,13.92,2.982,9.7,1.072
7,0.0,5.376,0.8018,3.469,0.0
8,0.0,4.294,0.5288,3.208,0.0
9,0.0,3.218,0.6895,3.18,0.0
10,0.0,8.493,2.285,8.638,0.0
11,0.9285,56.76,12.83,44.57,40.65
12,0.4029,41.17,8.933,28.74,28.62
13,0.5739,7.17,2.295,10.44,0.0
14,1.028,1964.0,903.9,261.1,3.957
15,0.2396,221.6,103.9,119.1,2.738
16,0.7817,539.3,244.7,209.2,2.674
17,0.542,61.35,31.52,354.4,0.0
18,0.4264,778.9,358.3,49.12,0.0
19,0.8769,1152.0,585.0,195.3,0.0
20,0.2654,15.3,7.974,12.46,0.0
21,0.5133,392.9,179.4,97.5,0.0
22,0.3412,12.1,3.901,109.4,0.0
23,0.5196,10.71,3.036,8.372,0.0
24,0.3555,61.57,31.19,42.37,0.0
25,0.0,10.51,3.153,20.89,0.0
26,0.0,99.47,42.66,51.27,0.0
27,1.684,2983.0,1123.0,3856.0,511.3
28,1.671,2864.0,1256.0,2748.0,267.6
29,1.47,391.1,157.3,1068.0,201.5
30,1.232,2490.0,1132.0,548.0,13.56
31,0.1961,724.2,294.5,1015.0,0.0
32,1.399,377.8,158.3,510.2,104.9
1,0.0,0.05089,0.006967,2.896,2.475
2,0.0,0.04692,0.005221,1.541,1.802
3,0.0,0.0001617,0.0004825,0.3245,0.007784
4,0.0,0.001076,0.003228,2.369,0.0
5,0.0,0.0008188,0.002456,1.501,0.0
6,0.0,0.0005925,0.002259,2.113,0.1347
7,0.0,0.0003859,0.001158,1.013,0.0
8,0.0,0.000379,0.001137,0.9882,0.0
9,0.0,0.0005786,0.001736,1.426,0.0
10,0.0,0.001234,0.003701,3.786,0.0
11,0.6579,0.3081,0.0347,9.265,23.41
12,0.08295,0.1969,0.02276,5.474,15.42
13,0.3187,0.0006373,0.001912,3.908,0.0
14,0.776,0.07772,0.01902,66.09,2.637
15,0.0,0.09845,0.01571,53.3,3.305
16,0.4982,0.01415,0.007782,49.75,0.9693
17,0.2744,0.001053,0.00316,82.42,0.0
18,0.1398,0.0005249,0.001575,14.53,0.0
19,0.6399,0.0008936,0.002681,48.58,0.0
20,0.0,0.0003399,0.00102,1.083,0.0
21,0.2365,0.0006133,0.00184,25.26,0.0
22,0.07111,0.0005861,0.001758,42.13,0.0
23,0.27,0.0007501,0.00225,1.529,0.0
24,0.09572,0.0003793,0.001138,16.25,0.0
25,0.0,0.000851,0.002553,13.5,0.0
26,0.0,0.0004614,0.001384,21.68,0.0
27,1.421,7.146,1.379,563.0,156.2
28,1.409,3.882,0.724,486.7,145.9
29,1.208,2.425,0.3058,331.9,116.2
30,0.9689,0.1293,0.0391,132.6,7.314
31,0.0,0.01083,0.007705,19.17,0.0
32,1.135,1.114,0.1288,200.7,64.92
1,0.0,0.0004413,0.002322,2.313,5.47
2,0.0,1.542e-05,0.001037,1.29,5.12
3,0.0,0.0002809,0.0007869,0.6227,0.1344
4,0.0,0.001041,0.003124,1.847,0.0
5,0.0,0.0007923,0.002377,1.066,0.0
6,0.0,0.0007599,0.00225,1.628,0.07263
7,0.0,0.0003735,0.00112,0.8716,0.0
8,0.0,0.0003667,0.0011,0.7435,0.0
9,0.0,0.00056,0.00168,1.106,0.0
10,0.0,0.001194,0.003582,2.974,0.0
11,0.2541,0.00042,0.003449,7.379,16.03
12,0.0,0.0006351,0.003046,4.537,12.08
13,0.0,0.0006167,0.00185,2.43,0.0
14,0.414,0.000127,0.0004812,36.17,1.137
15,0.0,0.0008491,0.002955,33.41,2.553
16,0.09814,0.0001777,0.0009846,21.05,0.4809
17,0.0,0.001019,0.003058,47.69,0.0
18,0.0,0.000508,0.001524,8.731,0.0
19,0.2703,0.0008647,0.002594,26.2,0.0
20,0.0,0.000329,0.0009869,0.7101,0.0
21,0.0,0.0005935,0.00178,11.91,0.0
22,0.0,0.0005672,0.001702,25.15,0.0
23,0.0,0.0007259,0.002178,1.029,0.0
24,0.0,0.000367,0.001101,8.739,0.0
25,0.0,0.0008235,0.002471,10.48,0.0
26,0.0,0.0004465,0.001339,12.78,0.0
27,1.04,1.106e-06,0.0004734,290.7,95.77
28,1.021,0.000107,0.0003209,259.1,90.5
29,0.8092,0.0001997,0.001158,187.2,72.69
30,0.5929,8.052e-05,0.0007358,62.73,3.73
31,0.0,0.0006533,0.00196,9.918,0.0
32,0.7357,0.0007786,0.005786,118.8,39.61
1,0.0,0.0009109,0.002845,1.737,3.34
2,0.0,0.0004821,0.001523,0.8398,3.076
3,0.0,0.0002378,0.0006863,0.3982,0.04412
4,0.0,0.001076,0.003228,1.56,0.0
5,0.0,0.0008188,0.002456,0.709,0.0
6,0.0,0.000748,0.002213,1.281,0.04813
7,0.0,0.0003859,0.001158,0.8013,0.0
8,0.0,0.000379,0.001137,0.6153,0.0
9,0.0,0.0005786,0.001736,1.001,0.0
10,0.0,0.001234,0.003701,2.576,0.0
11,0.0,0.001291,0.005593,5.074,9.7
12,0.0,0.001138,0.003338,3.199,6.513
13,0.0,0.0006373,0.001912,1.642,0.0
14,0.0,0.0001312,0.002478,27.25,6.643
15,0.0,0.001065,0.002912,25.98,1.907
16,0.0,0.0003724,0.002948,14.75,0.1297
17,0.0,0.001053,0.00316,38.2,0.0
18,0.0,0.0005249,0.001575,6.844,0.0
19,0.0,0.0008936,0.002681,20.15,0.0
20,0.0,0.0003399,0.00102,0.4757,0.0
21,0.0,0.0006133,0.00184,8.93,0.0
22,0.0,0.0005861,0.001758,20.09,0.0
23,0.0,0.0007501,0.00225,0.6923,0.0
24,0.0,0.0003793,0.001138,6.564,0.0
25,0.0,0.000851,0.002553,9.187,0.0
26,0.0,0.0004614,0.001384,10.31,0.0
27,0.3916,0.0002722,0.0009001,193.5,51.1
28,0.3817,0.0001105,0.005669,180.5,51.96
29,0.185,0.0004144,0.006005,131.5,34.69
30,0.0,0.0002216,0.004529,44.94,8.11
31,0.0,0.0006751,0.002025,7.562,0.0
32,0.1329,0.001877,0.01131,88.8,20.7
1,0.0,234.0,72.02,792.0,40.23
2,0.0,178.2,59.59,215.4,34.32
3,0.0,56.62,11.0,128.0,8.954
4,0.0,67.11,14.06,508.5,0.0
5,0.0,199.5,77.32,579.0,0.0
6,0.0,184.3,59.24,1921.0,12.48
7,0.0,50.64,13.47,241.8,0.0
8,0.0,77.85,22.18,375.8,0.0
9,0.0,25.58,7.09,364.4,0.0
10,0.0,69.79,28.46,1478.0,0.0
11,0.58,980.8,409.0,2808.0,220.4
12,0.0,405.6,119.3,2118.0,146.3
13,0.17,339.0,167.5,1457.0,0.0
14,0.5218,25840.0,12560.0,18950.0,124.5
15,0.311,47940.0,26580.0,43680.0,178.1
16,0.4552,19900.0,9675.0,33970.0,66.68
17,0.3701,37120.0,21020.0,22770.0,0.0
18,0.05227,12680.0,6340.0,7898.0,0.0
19,0.2859,10550.0,5906.0,6853.0,0.0
20,0.0,270.8,160.1,4700.0,0.0
21,0.172,13860.0,6816.0,18330.0,0.0
22,0.07273,17930.0,10740.0,4783.0,0.0
23,0.3106,472.6,238.2,686.7,0.0
24,0.0,9089.0,5720.0,21880.0,0.0
25,0.0,22880.0,12750.0,3096.0,0.0
26,0.0,11270.0,5773.0,6983.0,0.0
27,1.37,194300.0,86800.0,214900.0,21590.0
28,1.341,180400.0,90360.0,179600.0,9401.0
29,1.181,132900.0,70070.0,116000.0,5047.0
30,0.805,47060.0,22560.0,58030.0,414.5
31,0.2219,36060.0,15110.0,73490.0,0.0
32,1.092,101000.0,56600.0,91500.0,1221.0
1,0.0,0.0008337,0.002338,1.082,1.612
2,0.0,0.0004055,0.001059,0.3018,1.376
3,0.0,0.0001839,0.0005422,0.2396,0.0127
4,0.0,0.001076,0.003228,1.353,0.0
5,0.0,0.0008188,0.002456,0.228,0.0
6,0.0,0.0007103,0.002076,1.081,0.04609
7,0.0,0.0003859,0.001158,0.8115,0.0
8,0.0,0.000379,0.001137,0.5337,0.0
9,0.0,0.0005786,0.001736,0.9821,0.0
10,0.0,0.001234,0.003701,2.229,0.0
11,0.0,0.001349,0.003635,1.924,5.362
12,0.0,0.0006941,0.001814,1.264,2.584
13,0.0,0.0006373,0.001912,0.9689,0.0
14,0.0,0.0006695,0.002766,18.76,4.807
15,0.0,0.0007873,0.002169,17.4,1.22
16,0.0,0.0009077,0.00254,11.23,1.133
17,0.0,0.001053,0.00316,30.31,0.0
18,0.0,0.0005249,0.001575,5.534,0.0
19,0.0,0.0008936,0.002681,15.8,0.0
20,0.0,0.0003399,0.00102,0.3896,0.0
21,0.0,0.0006133,0.00184,7.245,0.0
22,0.0,0.0005861,0.001758,15.92,0.0
23,0.0,0.0007501,0.00225,0.3023,0.0
24,0.0,0.0003793,0.001138,5.22,0.0
25,0.0,0.000851,0.002553,7.931,0.0
26,0.0,0.0004614,0.001384,8.278,0.0
27,0.0,0.000148,0.002441,98.35,24.89
28,0.0,0.0007861,0.007418,98.6,28.33
29,0.0,0.0008488,0.005637,72.03,16.49
30,0.0,0.001271,0.004783,31.57,7.44
31,0.0,0.0006751,0.002025,6.26,0.0
32,0.0,0.002394,0.008196,59.43,12.64
1,0.09853,543.3,249.5,338.9,24.08
2,0.0172,504.7,240.1,242.3,20.33
3,0.0,513.8,258.5,140.5,3.056
4,0.0,46.08,16.06,95.89,0.0
5,0.0,29.22,6.846,128.7,0.0
6,0.0,86.26,28.37,338.1,0.4904
7,0.0,480.2,256.5,48.81,0.0
8,0.0,19.71,3.402,53.75,0.0
9,0.0,14.28,4.248,47.62,0.0
10,0.0,36.71,15.76,195.8,0.0
11,0.2366,623.9,258.3,1013.0,59.11
12,0.1919,605.8,261.6,758.9,43.51
13,0.0,25.75,9.371,222.0,0.0
14,0.02333,2850.0,1138.0,5326.0,12.67
15,0.1363,5598.0,2237.0,2649.0,6.423
16,0.2312,4308.0,1607.0,10880.0,1.252
17,0.0,1248.0,518.8,6029.0,0.0
18,0.0,408.7,172.4,1073.0,0.0
19,0.0,1280.0,603.9,1731.0,0.0
20,0.0,26.62,12.67,842.6,0.0
21,0.0,3147.0,1184.0,5827.0,0.0
22,0.0,252.6,124.3,763.6,0.0
23,0.0,20.32,5.49,188.8,0.0
24,0.0,800.2,356.3,292.0,0.0
25,0.0,705.5,283.6,555.8,0.0
26,0.0,3560.0,1394.0,1657.0,0.0
27,1.057,21260.0,7155.0,67900.0,2511.0
28,0.9565,17630.0,6337.0,44850.0,974.3
29,0.7316,9730.0,3487.0,20780.0,525.0
30,0.4805,7428.0,2822.0,18030.0,34.08
31,0.4513,6455.0,2490.0,24210.0,0.0
32,0.6755,9709.0,3791.0,12860.0,139.8
1,1.11,6529.0,3413.0,930.5,76.18
2,0.9971,6325.0,3326.0,724.8,68.72
3,0.8184,6212.0,3318.0,465.6,20.22
4,0.6151,205.0,89.07,319.1,0.0
5,0.5347,170.1,77.13,266.2,0.0
6,0.8677,620.1,288.3,521.3,2.642
7,0.2418,6032.0,3271.0,115.8,0.0
8,0.1563,117.3,50.88,101.7,0.0
9,0.1786,89.39,38.7,104.7,0.0
10,0.6481,370.3,174.9,310.0,0.0
11,1.395,7293.0,3723.0,1803.0,194.0
12,1.315,7098.0,3645.0,1506.0,146.0
13,0.1102,45.02,21.42,168.2,0.0
14,0.7835,6794.0,2940.0,2907.0,35.34
15,0.9014,17970.0,7568.0,2264.0,69.29
16,0.6736,4992.0,2166.0,3952.0,1.157
17,0.2344,4012.0,1982.0,1989.0,0.0
18,0.316,2730.0,1196.0,807.8,0.0
19,0.5466,3302.0,1539.0,1149.0,0.0
20,0.06251,69.49,38.12,507.5,0.0
21,0.3703,3398.0,1467.0,1845.0,0.0
22,0.2657,4000.0,1950.0,633.2,0.0
23,0.4755,207.2,103.4,182.3,0.0
24,0.0,1044.0,531.0,213.2,0.0
25,0.7354,13940.0,5749.0,1186.0,0.0
26,0.3188,2674.0,1191.0,861.4,0.0
27,1.768,56560.0,23040.0,29750.0,4467.0
28,1.731,48740.0,21070.0,21100.0,2414.0
29,1.616,35640.0,15720.0,10890.0,1772.0
30,1.053,12250.0,5273.0,7736.0,68.18
31,0.7446,11380.0,4478.0,9320.0,0.0
32,1.589,32610.0,14630.0,6933.0,672.7
1,2.208,80890.0,42510.0,1976.0,346.3
2,2.064,72570.0,38230.0,1467.0,273.9
3,1.904,66070.0,34920.0,974.1,77.39
4,1.739,7650.0,3898.0,680.8,0.0
5,1.552,6607.0,3619.0,496.0,0.0
6,1.9,20770.0,10600.0,1026.0,24.75
7,1.269,58000.0,30990.0,219.3,0.0
8,1.135,3074.0,1622.0,191.2,0.0
9,1.418,4678.0,2264.0,284.0,0.0
10,1.701,15030.0,7447.0,627.5,0.0
11,2.468,109600.0,57490.0,3733.0,1081.0
12,2.392,102000.0,53220.0,3096.0,752.0
13,1.309,3053.0,1862.0,308.3,0.0
14,1.861,120000.0,58440.0,4846.0,1047.0
15,1.701,115700.0,53100.0,3658.0,991.4
16,1.702,52390.0,24960.0,6043.0,33.8
17,1.612,102600.0,50480.0,4036.0,0.0
18,1.367,39010.0,18370.0,1441.0,0.0
19,1.639,74280.0,38140.0,2204.0,0.0
20,1.162,1917.0,1178.0,675.2,0.0
21,1.417,34610.0,16450.0,2969.0,0.0
22,1.304,45340.0,22460.0,1223.0,0.0
23,1.49,5278.0,2969.0,416.8,0.0
24,1.039,13610.0,7356.0,554.8,0.0
25,1.454,71790.0,31880.0,1917.0,0.0
26,1.151,25330.0,11820.0,1055.0,0.0
27,2.819,690800.0,314900.0,48010.0,36030.0
28,2.795,632000.0,301100.0,35610.0,18580.0
29,2.688,444900.0,214200.0,19570.0,12780.0
30,2.105,178200.0,85620.0,12270.0,1417.0
31,1.583,85430.0,34970.0,13540.0,0.0
32,2.638,337400.0,165100.0,12480.0,4899.0
1,2.366,124400.0,64460.0,2199.0,1489.0
2,2.206,97080.0,50450.0,1628.0,1301.0
3,2.059,77710.0,40430.0,1133.0,406.9
4,1.882,23320.0,11820.0,839.9,0.0
5,1.664,20010.0,10900.0,524.6,0.0
6,2.187,82950.0,42870.0,1111.0,389.1
7,1.44,52510.0,28050.0,226.7,0.0
8,1.41,12520.0,6404.0,210.6,0.0
9,1.597,14140.0,6770.0,308.4,0.0
10,1.996,55210.0,27800.0,668.6,0.0
11,2.667,225800.0,117600.0,4083.0,3939.0
12,2.598,208300.0,107500.0,3406.0,3080.0
13,1.56,8795.0,5203.0,412.6,0.0
14,1.908,102700.0,52470.0,15320.0,380.5
15,1.895,175200.0,85010.0,3048.0,1181.0
16,1.69,47610.0,23080.0,145000.0,120.9
17,1.375,43380.0,23390.0,84440.0,0.0
18,1.406,31260.0,15550.0,5270.0,0.0
19,1.697,65570.0,35500.0,1284.0,0.0
20,1.147,2394.0,1447.0,452.6,0.0
21,1.405,30350.0,14770.0,85470.0,0.0
22,1.352,41710.0,21390.0,735.0,0.0
23,1.59,10100.0,5681.0,383.9,0.0
24,1.29,30790.0,17100.0,656.2,0.0
25,1.632,98010.0,46070.0,1688.0,0.0
26,1.348,33460.0,16320.0,674.7,0.0
27,2.932,747500.0,345800.0,733000.0,61970.0
28,2.922,724900.0,354400.0,456600.0,35120.0
29,2.842,569500.0,281500.0,244300.0,26540.0
30,2.125,153800.0,76630.0,189400.0,983.1
31,1.322,46940.0,19670.0,286700.0,0.0
32,2.822,533400.0,269300.0,75730.0,11810.0
1,2.184,65930.0,32490.0,8153.0,888.1
2,2.032,48710.0,24230.0,4873.0,815.3
3,1.876,37830.0,18860.0,2690.0,318.0
4,1.708,21080.0,10250.0,1827.0,0.0
5,1.514,11330.0,5900.0,1929.0,0.0
6,2.005,47380.0,22870.0,9572.0,490.6
7,1.22,15280.0,8150.0,625.4,0.0
8,1.165,5372.0,2664.0,1080.0,0.0
9,1.372,9244.0,4224.0,1249.0,0.0
10,1.827,34310.0,16130.0,5937.0,0.0
11,2.489,121600.0,59400.0,21910.0,2902.0
12,2.416,113400.0,55120.0,18290.0,2286.0
13,1.276,2977.0,1543.0,1963.0,0.0
14,1.744,43060.0,21510.0,40630.0,364.1
15,1.425,37530.0,17780.0,83920.0,87.86
16,1.587,30900.0,14860.0,75010.0,231.1
17,1.474,46790.0,24810.0,39790.0,0.0
18,1.236,14790.0,7349.0,13190.0,0.0
19,1.531,23750.0,12830.0,19210.0,0.0
20,1.045,1720.0,1010.0,3716.0,0.0
21,1.303,20030.0,9691.0,42060.0,0.0
22,1.175,17850.0,9243.0,22790.0,0.0
23,1.477,6332.0,3406.0,1094.0,0.0
24,0.9373,7125.0,3789.0,15220.0,0.0
25,1.123,18970.0,8877.0,35360.0,0.0
26,0.8783,7166.0,3402.0,22550.0,0.0
27,2.761,376400.0,164900.0,465300.0,35840.0
28,2.743,339800.0,159900.0,406600.0,20240.0
29,2.653,260100.0,123800.0,275100.0,14960.0
30,1.987,76890.0,37380.0,120100.0,987.0
31,1.409,57930.0,24430.0,65780.0,0.0
32,2.614,213800.0,103500.0,219000.0,6575.0
1,3.085,440400.0,218900.0,1843.0,3967.0
2,2.933,316700.0,157400.0,1316.0,3218.0
3,2.777,222900.0,108800.0,802.2,1169.0
4,2.612,159600.0,78350.0,519.4,0.0
5,2.412,96550.0,51780.0,411.5,0.0
6,2.827,283700.0,137700.0,1000.0,1502.0
7,2.13,54300.0,27400.0,202.8,0.0
8,2.044,34810.0,17980.0,214.7,0.0
9,2.301,70650.0,33320.0,257.8,0.0
10,2.63,208200.0,97730.0,543.0,0.0
11,3.361,799500.0,398500.0,3643.0,12580.0
12,3.287,728900.0,358400.0,2971.0,9462.0
13,2.226,40960.0,23900.0,388.7,0.0
14,2.648,296000.0,150300.0,2924.0,3569.0
15,2.584,382400.0,187200.0,7988.0,969.1
16,2.443,213700.0,104300.0,3614.0,761.4
17,2.311,229400.0,119800.0,2974.0,0.0
18,2.142,95850.0,46520.0,721.7,0.0
19,2.441,177200.0,96420.0,1470.0,0.0
20,1.912,7025.0,4468.0,452.0,0.0
21,2.16,132900.0,65160.0,1566.0,0.0
22,2.159,138500.0,72160.0,1434.0,0.0
23,2.334,41380.0,22910.0,354.8,0.0
24,1.933,74660.0,41390.0,950.7,0.0
25,2.339,185800.0,88020.0,5572.0,0.0
26,2.032,85650.0,41290.0,1221.0,0.0
27,3.65,2562000.0,1177000.0,42670.0,181800.0
28,3.638,2359000.0,1143000.0,34340.0,104600.0
29,3.553,1811000.0,885600.0,24890.0,75840.0
30,2.87,530700.0,262600.0,7320.0,6082.0
31,2.193,329000.0,133800.0,4176.0,0.0
32,3.523,1582000.0,787800.0,18800.0,32390.0
1,2.824,98370.0,47480.0,1176.0,928.1
2,2.682,71670.0,34520.0,829.9,812.9
3,2.485,49710.0,23550.0,532.4,289.4
4,2.318,38080.0,18330.0,342.7,0.0
5,2.24,22330.0,11580.0,288.0,0.0
6,2.616,77040.0,36540.0,686.9,203.2
7,1.81,9582.0,4608.0,126.3,0.0
8,1.85,9380.0,4791.0,151.7,0.0
9,1.992,15730.0,7294.0,169.0,0.0
10,2.409,57860.0,26480.0,362.2,0.0
11,3.14,195800.0,95030.0,2465.0,2887.0
12,3.048,177300.0,84820.0,1963.0,2048.0
13,2.081,11300.0,6587.0,290.1,0.0
14,2.541,91420.0,44380.0,2612.0,506.2
15,2.416,108000.0,51610.0,15650.0,512.1
16,2.356,103600.0,50160.0,2757.0,259.7
17,2.244,89780.0,46280.0,2874.0,0.0
18,2.025,35250.0,16380.0,511.5,0.0
19,2.331,46580.0,24450.0,1554.0,0.0
20,1.828,3322.0,2143.0,350.6,0.0
21,2.072,58120.0,28500.0,1269.0,0.0
22,2.065,32970.0,17080.0,1191.0,0.0
23,2.212,10730.0,5736.0,270.9,0.0
24,1.79,21780.0,11760.0,1422.0,0.0
25,2.164,47860.0,22170.0,11940.0,0.0
26,1.867,29030.0,13810.0,1842.0,0.0
27,3.512,993400.0,427600.0,125100.0,69360.0
28,3.484,780500.0,364600.0,61930.0,33660.0
29,3.38,532600.0,253300.0,37580.0,23850.0
30,2.772,211000.0,100800.0,10480.0,1327.0
31,2.234,250500.0,99410.0,64840.0,0.0
32,3.332,413300.0,200800.0,22500.0,9289.0
1,2.32,8015.0,3754.0,340.3,125.2
2,2.171,5859.0,2747.0,236.3,106.5
3,1.962,3879.0,1800.0,150.2,41.72
4,1.802,2871.0,1344.0,98.1,0.0
5,1.752,1994.0,984.3,82.69,0.0
6,2.067,4481.0,2113.0,191.8,34.29
7,1.298,816.3,390.8,35.32,0.0
8,1.296,657.0,316.4,40.3,0.0
9,1.521,1218.0,547.4,51.72,0.0
10,1.863,3223.0,1472.0,102.6,0.0
11,2.618,14110.0,6692.0,712.6,329.7
12,2.527,12600.0,5904.0,561.4,257.2
13,1.576,741.3,399.6,89.82,0.0
14,2.122,18170.0,8527.0,672.1,256.7
15,1.783,13100.0,6099.0,742.5,50.63
16,1.874,20360.0,9834.0,732.2,97.08
17,1.688,11660.0,5723.0,676.4,0.0
18,1.577,6245.0,2810.0,158.4,0.0
19,1.938,10200.0,5048.0,365.2,0.0
20,1.345,523.3,351.1,93.23,0.0
21,1.589,11050.0,5411.0,303.3,0.0
22,1.465,4096.0,2022.0,420.9,0.0
23,1.671,1142.0,602.2,78.14,0.0
24,1.277,2820.0,1390.0,194.9,0.0
25,1.488,4713.0,2165.0,284.2,0.0
26,1.259,3702.0,1733.0,199.9,0.0
27,2.983,148200.0,61900.0,6956.0,8233.0
28,2.962,109300.0,49970.0,5952.0,3663.0
29,2.839,59670.0,27740.0,4015.0,2121.0
30,2.329,42430.0,19880.0,1637.0,536.3
31,1.647,46850.0,18010.0,1009.0,0.0
32,2.795,41080.0,19470.0,2648.0,926.8
1,2.205,3833.0,1702.0,528.8,70.88
2,2.041,2708.0,1202.0,372.4,59.21
3,1.885,2014.0,894.2,239.3,27.54
4,1.708,1442.0,642.7,148.7,0.0
5,1.52,673.2,308.9,128.3,0.0
6,1.998,2612.0,1163.0,337.9,25.93
7,1.27,463.1,214.6,61.19,0.0
8,1.209,376.0,167.9,68.27,0.0
9,1.453,680.8,296.8,81.89,0.0
10,1.809,1927.0,832.9,202.4,0.0
11,2.501,7017.0,3116.0,1064.0,185.7
12,2.427,6486.0,2869.0,900.8,149.9
13,1.4,286.0,136.3,97.98,0.0
14,1.821,5334.0,2395.0,592.2,24.69
15,1.614,6243.0,2775.0,575.7,23.09
16,1.607,7149.0,3355.0,747.5,38.93
17,1.445,4132.0,1990.0,514.9,0.0
18,1.297,2108.0,910.4,175.6,0.0
19,1.625,2439.0,1150.0,272.9,0.0
20,1.08,185.0,113.1,124.1,0.0
21,1.323,3967.0,1876.0,346.5,0.0
22,1.226,1420.0,652.3,224.0,0.0
23,1.453,369.8,178.5,89.44,0.0
24,1.103,1273.0,609.8,127.3,0.0
25,1.314,2229.0,970.3,219.8,0.0
26,1.098,1943.0,852.8,182.1,0.0
27,2.796,51420.0,21090.0,6766.0,3099.0
28,2.781,39790.0,17650.0,5622.0,1370.0
29,2.689,24380.0,10890.0,3395.0,926.2
30,2.04,13480.0,6133.0,1700.0,113.0
31,1.321,14540.0,5535.0,1224.0,0.0
32,2.655,18890.0,8451.0,2481.0,451.8
1,2.015,1512.0,664.2,629.7,17.72
2,1.853,1058.0,464.6,447.1,13.33
3,1.67,724.9,317.0,294.4,4.162
4,1.502,547.1,244.0,197.7,0.0
5,1.388,321.3,146.6,149.5,0.0
6,1.797,1002.0,439.2,354.1,6.757
7,1.026,129.5,56.43,64.15,0.0
8,1.046,150.8,63.41,72.85,0.0
9,1.245,244.0,103.2,97.27,0.0
10,1.582,683.1,289.4,204.7,0.0
11,2.329,2927.0,1304.0,1222.0,60.73
12,2.236,2563.0,1123.0,1018.0,44.92
13,1.34,173.3,87.02,115.7,0.0
14,1.766,3542.0,1585.0,581.6,53.56
15,1.588,4422.0,2014.0,520.4,36.79
16,1.54,3414.0,1667.0,749.6,18.27
17,1.442,3575.0,1777.0,464.6,0.0
18,1.216,1585.0,669.3,174.7,0.0
19,1.583,1647.0,778.4,258.1,0.0
20,1.017,119.6,75.33,128.9,0.0
21,1.26,1795.0,888.1,354.8,0.0
22,1.229,1375.0,665.7,177.0,0.0
23,1.369,239.0,119.0,117.7,0.0
24,1.06,874.7,424.4,113.3,0.0
25,1.301,1584.0,712.1,194.4,0.0
26,1.065,1388.0,626.6,182.8,0.0
27,2.694,37850.0,15720.0,5654.0,1806.0
28,2.677,26510.0,12000.0,4985.0,914.1
29,2.574,17270.0,7940.0,3236.0,594.2
30,1.981,7669.0,3531.0,1466.0,103.8
31,1.285,13080.0,5001.0,777.2,0.0
32,2.53,12140.0,5573.0,2522.0,237.9
1,1.609,45.38,15.72,269.6,7.931
2,1.427,28.71,10.24,191.1,6.535
3,1.218,20.21,7.491,121.3,1.805
4,1.076,10.39,4.223,90.2,0.0
5,1.007,7.305,2.657,68.9,0.0
6,1.418,28.92,9.899,139.8,2.013
7,0.5051,5.865,2.368,23.09,0.0
8,0.6624,7.355,2.182,23.75,0.0
9,0.8598,4.75,1.832,42.97,0.0
10,1.186,9.105,3.451,87.88,0.0
11,1.956,92.76,29.62,506.4,22.96
12,1.847,78.92,26.19,424.7,17.37
13,1.088,6.114,1.498,56.63,0.0
14,1.496,88.2,33.38,316.5,2.635
15,1.133,81.91,28.6,161.9,2.021
16,1.211,122.3,54.27,529.8,1.642
17,1.088,112.3,49.86,455.4,0.0
18,0.8563,31.26,11.63,84.66,0.0
19,1.356,35.85,13.38,100.8,0.0
20,0.709,9.108,3.661,93.98,0.0
21,0.9396,64.86,29.08,219.7,0.0
22,0.9064,20.06,6.231,72.76,0.0
23,1.001,8.769,2.642,40.13,0.0
24,0.7995,14.91,4.656,43.27,0.0
25,0.767,31.27,12.16,62.95,0.0
26,0.6355,28.4,9.182,51.97,0.0
27,2.35,1286.0,471.3,3477.0,179.8
28,2.338,687.7,263.6,2951.0,128.0
29,2.223,370.8,138.4,1844.0,96.98
30,1.687,239.8,97.48,924.5,7.305
31,0.7649,667.3,254.2,512.1,0.0
32,2.178,249.1,84.85,1078.0,54.03
1,2.397,830500.0,415600.0,18390.0,7942.0
2,2.246,623200.0,312800.0,12330.0,6697.0
3,2.076,467500.0,233100.0,7543.0,2359.0
4,1.909,254800.0,125000.0,5161.0,0.0
5,1.755,160000.0,85310.0,4473.0,0.0
6,2.165,520700.0,254600.0,15280.0,2682.0
7,1.426,197600.0,103400.0,1750.0,0.0
8,1.386,66480.0,34070.0,2209.0,0.0
9,1.603,116700.0,54860.0,2695.0,0.0
10,1.966,376800.0,178400.0,9244.0,0.0
11,2.69,1484000.0,743100.0,42160.0,24250.0
12,2.61,1359000.0,672900.0,34900.0,18290.0
13,1.591,68360.0,39750.0,4114.0,0.0
14,2.039,690000.0,343700.0,76750.0,6257.0
15,1.91,866200.0,415400.0,121200.0,3931.0
16,1.837,488500.0,236100.0,250000.0,1566.0
17,1.699,536700.0,276900.0,144300.0,0.0
18,1.521,229300.0,109900.0,23620.0,0.0
19,1.835,406200.0,216500.0,29620.0,0.0
20,1.305,17310.0,10840.0,7437.0,0.0
21,1.553,299400.0,145400.0,142200.0,0.0
22,1.518,287500.0,147700.0,29680.0,0.0
23,1.697,75800.0,41710.0,3217.0,0.0
24,1.3,154800.0,84700.0,19790.0,0.0
25,1.652,445600.0,206900.0,58990.0,0.0
26,1.365,193900.0,92440.0,30480.0,0.0
27,3.012,5686000.0,2559000.0,1535000.0,405400.0
28,2.993,5079000.0,2430000.0,1081000.0,221600.0
29,2.898,3765000.0,1824000.0,645600.0,160000.0
30,2.262,1234000.0,600800.0,371100.0,11670.0
31,1.634,862800.0,348000.0,472100.0,0.0
32,2.86,3195000.0,1578000.0,377100.0,67450.0
1,1.449,468.8,200.3,134.0,9.348
2,1.275,393.3,172.0,94.43,7.885
3,1.087,363.6,162.6,67.63,2.036
4,0.9279,65.69,27.25,46.36,0.0
5,0.8202,41.09,17.02,26.06,0.0
6,1.227,111.3,43.86,65.86,1.86
7,0.405,291.0,134.8,14.83,0.0
8,0.4854,24.73,9.374,11.93,0.0
9,0.6755,22.66,8.503,21.46,0.0
10,0.9883,42.62,16.61,38.53,0.0
11,1.773,616.0,252.9,246.4,30.7
12,1.671,571.7,237.0,207.0,22.04
13,0.8445,14.71,4.874,20.57,0.0
14,1.317,2477.0,1131.0,233.4,22.51
15,1.032,1554.0,742.7,149.3,6.704
16,1.123,2304.0,1027.0,276.1,6.626
17,1.097,5202.0,2354.0,494.9,0.0
18,0.7807,1069.0,484.7,76.02,0.0
19,1.126,1197.0,592.4,90.73,0.0
20,0.594,88.39,39.99,50.64,0.0
21,0.8434,1377.0,615.4,120.0,0.0
22,0.7334,508.6,235.8,96.14,0.0
23,0.8403,49.11,20.32,24.31,0.0
24,0.5854,234.8,118.8,24.25,0.0
25,0.6854,605.0,307.7,52.54,0.0
26,0.5714,623.5,278.0,70.99,0.0
27,2.199,17540.0,7227.0,2656.0,1096.0
28,2.18,14580.0,6400.0,2390.0,501.3
29,2.059,9354.0,4165.0,1804.0,285.3
30,1.544,5029.0,2245.0,538.2,45.52
31,0.8469,4589.0,1817.0,276.0,0.0
32,1.997,4255.0,1954.0,952.7,95.77
1,1.848,7042.0,3170.0,800.4,73.54
2,1.731,6334.0,2873.0,467.2,67.12
3,1.557,5388.0,2457.0,238.9,19.46
4,1.395,1426.0,636.3,110.8,0.0
5,1.247,964.6,451.2,218.6,0.0
6,1.592,2347.0,996.0,204.7,10.12
7,0.9146,3894.0,1809.0,60.32,0.0
8,0.8863,343.6,150.6,55.56,0.0
9,1.028,461.7,195.6,85.87,0.0
10,1.402,1721.0,716.4,47.06,0.0
11,2.126,10110.0,4470.0,1447.0,183.4
12,2.048,9406.0,4152.0,1069.0,140.5
13,1.053,426.6,199.8,255.5,0.0
14,1.388,8240.0,3930.0,4027.0,25.75
15,1.498,13910.0,6998.0,3923.0,37.9
16,1.219,5344.0,2417.0,6319.0,7.252
17,1.137,6585.0,3066.0,6837.0,0.0
18,0.9328,2685.0,1251.0,1445.0,0.0
19,1.141,4753.0,2424.0,1096.0,0.0
20,0.6829,197.6,99.37,955.8,0.0
21,0.9327,3286.0,1488.0,3086.0,0.0
22,0.9725,4275.0,2134.0,1793.0,0.0
23,1.139,463.5,216.7,262.9,0.0
24,0.7829,1986.0,1053.0,414.9,0.0
25,1.275,7922.0,4098.0,1730.0,0.0
26,0.9032,2922.0,1365.0,1586.0,0.0
27,2.455,64130.0,27890.0,54170.0,4106.0
28,2.435,55720.0,25610.0,37060.0,2152.0
29,2.355,40730.0,18970.0,21230.0,1523.0
30,1.626,14110.0,6536.0,11700.0,62.82
31,1.106,10930.0,4374.0,19060.0,0.0
32,2.319,34220.0,16400.0,11350.0,549.3
1,1.943,11270.0,5153.0,2446.0,89.1
2,1.802,9318.0,4287.0,1744.0,77.33
3,1.625,7678.0,3543.0,1145.0,31.96
4,1.459,2692.0,1221.0,760.5,0.0
5,1.326,1657.0,782.6,580.3,0.0
6,1.717,4548.0,2044.0,2632.0,12.36
7,0.9748,4741.0,2230.0,279.5,0.0
8,0.9934,761.7,359.9,497.3,0.0
9,1.135,1142.0,490.6,345.8,0.0
10,1.508,3068.0,1320.0,1325.0,0.0
11,2.242,17170.0,7840.0,6102.0,226.7
12,2.157,15880.0,7203.0,5283.0,171.8
13,1.232,765.9,385.6,713.4,0.0
14,1.605,10070.0,4992.0,5085.0,65.3
15,1.581,17130.0,8910.0,5886.0,26.35
16,1.39,4962.0,2329.0,7175.0,19.81
17,1.292,5965.0,2918.0,5675.0,0.0
18,1.082,3169.0,1521.0,1387.0,0.0
19,1.406,6298.0,3291.0,1891.0,0.0
20,0.8622,380.4,199.8,1072.0,0.0
21,1.106,2893.0,1356.0,3291.0,0.0
22,1.115,3824.0,2003.0,1439.0,0.0
23,1.264,872.7,432.1,444.5,0.0
24,0.9758,2721.0,1491.0,898.1,0.0
25,1.314,9322.0,4948.0,2415.0,0.0
26,1.042,3786.0,1851.0,2036.0,0.0
27,2.586,77360.0,35000.0,59060.0,4641.0
28,2.57,68650.0,32740.0,45420.0,2323.0
29,2.479,51760.0,24940.0,28050.0,1624.0
30,1.825,15730.0,7596.0,13590.0,126.3
31,1.161,11280.0,4587.0,12540.0,0.0
32,2.441,45400.0,22310.0,18600.0,642.7
1,1.858,17880.0,8126.0,833.6,308.0
2,1.703,14030.0,6401.0,543.0,298.6
3,1.557,11640.0,5338.0,312.6,143.1
4,1.396,5303.0,2361.0,187.8,0.0
5,1.158,2507.0,1173.0,226.1,0.0
6,1.581,5655.0,2542.0,636.3,62.06
7,0.9162,5929.0,2833.0,92.77,0.0
8,0.8319,1118.0,523.7,136.4,0.0
9,1.09,2211.0,959.7,146.1,0.0
10,1.375,3531.0,1523.0,300.2,0.0
11,2.131,24960.0,11310.0,2199.0,562.7
12,2.054,23530.0,10640.0,1577.0,482.5
13,1.086,782.9,357.8,522.0,0.0
14,1.488,6065.0,3126.0,5594.0,27.06
15,1.453,12850.0,6872.0,6649.0,116.4
16,1.306,4250.0,2039.0,7339.0,45.14
17,1.256,7797.0,4085.0,5729.0,0.0
18,0.9387,2133.0,1058.0,1608.0,0.0
19,1.298,3442.0,1906.0,2165.0,0.0
20,0.7615,336.1,180.2,1066.0,0.0
21,1.021,2502.0,1205.0,3358.0,0.0
22,1.044,2386.0,1341.0,1907.0,0.0
23,1.104,1051.0,514.8,370.9,0.0
24,0.8481,1589.0,886.9,904.2,0.0
25,1.188,7740.0,4203.0,3022.0,0.0
26,0.9171,2776.0,1425.0,2176.0,0.0
27,2.485,70560.0,32030.0,57840.0,5682.0
28,2.467,64580.0,31090.0,44040.0,3111.0
29,2.376,53110.0,25710.0,25300.0,2427.0
30,1.721,10700.0,5313.0,14450.0,132.6
31,1.105,9141.0,3877.0,14190.0,0.0
32,2.331,45400.0,22140.0,15630.0,1288.0
1,2.083,71180.0,32380.0,1530.0,671.3
2,1.936,50360.0,22950.0,1053.0,627.5
3,1.804,40800.0,18640.0,675.4,312.6
4,1.658,28490.0,12900.0,453.3,0.0
5,1.387,11670.0,5532.0,389.0,0.0
6,1.693,26830.0,11710.0,1084.0,149.1
7,1.169,12560.0,6053.0,190.0,0.0
8,0.9383,3849.0,1797.0,157.7,0.0
9,1.324,13170.0,5758.0,234.3,0.0
10,1.497,20010.0,8428.0,589.4,0.0
11,2.298,100200.0,44940.0,3235.0,1817.0
12,2.235,95860.0,42910.0,2708.0,1440.0
13,1.175,3569.0,1652.0,404.5,0.0
14,1.573,13450.0,7135.0,52960.0,102.7
15,1.563,23130.0,12200.0,78060.0,181.7
16,1.35,9374.0,4441.0,118400.0,59.44
17,1.239,9415.0,5215.0,29730.0,0.0
18,1.081,5491.0,2806.0,27630.0,0.0
19,1.363,7199.0,4285.0,11920.0,0.0
20,0.8078,1419.0,727.2,3274.0,0.0
21,1.066,5311.0,2553.0,70570.0,0.0
22,1.09,5432.0,3203.0,19070.0,0.0
23,1.219,3939.0,1941.0,273.3,0.0
24,0.9424,3293.0,1820.0,24460.0,0.0
25,1.312,14630.0,7794.0,29950.0,0.0
26,1.008,4909.0,2558.0,7517.0,0.0
27,2.567,155600.0,66900.0,445400.0,16630.0
28,2.565,159100.0,73250.0,398600.0,10030.0
29,2.484,137100.0,63170.0,210300.0,8063.0
30,1.789,23630.0,11800.0,182000.0,275.3
31,1.179,13400.0,5876.0,90360.0,0.0
32,2.461,135100.0,63190.0,169100.0,4316.0
1,2.269,115300.0,53350.0,4110.0,1148.0
2,2.144,90960.0,42230.0,2722.0,932.5
3,1.961,61250.0,27830.0,1814.0,218.5
4,1.821,46800.0,21340.0,1273.0,0.0
5,1.67,29870.0,15030.0,850.2,0.0
6,2.027,75430.0,33540.0,5433.0,361.7
7,1.238,11670.0,5638.0,483.1,0.0
8,1.247,10240.0,5032.0,492.8,0.0
9,1.405,12780.0,5535.0,493.7,0.0
10,1.838,57220.0,24560.0,3203.0,0.0
11,2.542,207500.0,95040.0,11620.0,3567.0
12,2.478,192700.0,87480.0,10010.0,2597.0
13,1.382,8810.0,4590.0,1391.0,0.0
14,1.949,46080.0,26540.0,11660.0,793.2
15,1.788,39540.0,21560.0,44030.0,179.3
16,1.563,19080.0,9666.0,10390.0,83.3
17,1.424,16140.0,9135.0,8198.0,0.0
18,1.383,12940.0,6803.0,4083.0,0.0
19,1.783,31590.0,19650.0,3111.0,0.0
20,1.02,2856.0,1616.0,1476.0,0.0
21,1.278,10840.0,5562.0,3467.0,0.0
22,1.258,9507.0,5758.0,5590.0,0.0
23,1.43,8689.0,4498.0,649.2,0.0
24,1.099,5785.0,3467.0,1508.0,0.0
25,1.551,22830.0,12500.0,33640.0,0.0
26,1.233,9710.0,5192.0,4574.0,0.0
27,2.851,372700.0,166900.0,239400.0,42360.0
28,2.83,358400.0,170400.0,152300.0,25410.0
29,2.732,291800.0,135900.0,107500.0,19700.0
30,2.108,66720.0,36710.0,24820.0,1157.0
31,1.358,27070.0,11650.0,49190.0,0.0
32,2.7,278900.0,132700.0,79240.0,9767.0
1,2.815,306200.0,141500.0,1843.0,3062.0
2,2.665,221400.0,102300.0,1388.0,2640.0
3,2.519,167300.0,76890.0,715.5,1148.0
4,2.356,129000.0,60250.0,488.2,0.0
5,2.119,56670.0,27900.0,334.7,0.0
6,2.554,183900.0,83610.0,1220.0,789.1
7,1.864,32090.0,15010.0,178.9,0.0
8,1.742,21420.0,10650.0,168.6,0.0
9,2.03,50930.0,22470.0,226.9,0.0
10,2.366,139700.0,61320.0,799.1,0.0
11,3.087,531600.0,245900.0,3683.0,9010.0
12,3.016,492300.0,225400.0,3161.0,6771.0
13,1.897,18040.0,9568.0,312.1,0.0
14,2.315,68440.0,37300.0,91820.0,425.5
15,2.24,87140.0,46820.0,68810.0,447.8
16,2.135,56740.0,27970.0,39500.0,215.5
17,1.745,27600.0,15780.0,24790.0,0.0
18,1.834,25490.0,13280.0,11300.0,0.0
19,2.09,37610.0,22620.0,73190.0,0.0
20,1.604,5263.0,3061.0,434.0,0.0
21,1.852,31670.0,15840.0,25010.0,0.0
22,1.718,22090.0,13310.0,27280.0,0.0
23,2.057,25190.0,13090.0,282.0,0.0
24,1.589,18140.0,10590.0,21330.0,0.0
25,1.993,45510.0,24240.0,18110.0,0.0
26,1.688,20760.0,11090.0,15390.0,0.0
27,3.333,848700.0,375700.0,313700.0,92490.0
28,3.325,837300.0,391800.0,307700.0,56420.0
29,3.241,705100.0,328800.0,171300.0,45460.0
30,2.547,131400.0,67620.0,133800.0,1195.0
31,1.746,64700.0,27100.0,7160.0,0.0
32,3.223,691300.0,329500.0,145800.0,23330.0
1,3.064,173600.0,79970.0,1126.0,2200.0
2,2.961,145800.0,66780.0,782.0,2022.0
3,2.889,130800.0,59830.0,529.4,1022.0
4,2.817,119500.0,55210.0,343.0,0.0
5,2.149,15850.0,7836.0,236.9,0.0
6,2.607,49840.0,22940.0,671.5,269.4
7,1.842,7571.0,3499.0,123.9,0.0
8,1.812,6469.0,3171.0,130.3,0.0
9,2.015,11330.0,5074.0,147.3,0.0
10,2.416,37320.0,16590.0,347.5,0.0
11,3.262,239200.0,110600.0,2315.0,4693.0
12,3.202,224100.0,102900.0,1889.0,3720.0
13,2.001,6852.0,3788.0,235.0,0.0
14,2.413,44730.0,23440.0,12540.0,575.5
15,2.486,85360.0,45550.0,5772.0,539.6
16,2.176,41120.0,19670.0,5310.0,179.5
17,2.062,45650.0,25050.0,31630.0,0.0
18,1.875,15770.0,7874.0,2156.0,0.0
19,2.222,25630.0,14550.0,9815.0,0.0
20,1.646,2289.0,1372.0,311.7,0.0
21,1.894,22470.0,10910.0,3286.0,0.0
22,1.846,18980.0,10980.0,1079.0,0.0
23,2.186,10810.0,5586.0,230.3,0.0
24,1.704,12330.0,6943.0,1745.0,0.0
25,2.279,40950.0,22190.0,725.5,0.0
26,1.914,27050.0,14140.0,2779.0,0.0
27,3.518,670800.0,296200.0,124900.0,55380.0
28,3.5,558000.0,265600.0,90780.0,29670.0
29,3.432,449500.0,216100.0,58250.0,22460.0
30,2.626,96580.0,47610.0,21840.0,1181.0
31,2.136,145400.0,58820.0,35330.0,0.0
32,3.406,389700.0,189900.0,24980.0,11260.0
1,2.567,13310.0,5938.0,743.3,193.7
2,2.422,9746.0,4326.0,514.5,178.2
3,2.25,6477.0,2816.0,340.5,69.59
4,2.085,4702.0,2053.0,208.6,0.0
5,1.932,3263.0,1562.0,163.5,0.0
6,2.292,7931.0,3540.0,446.8,55.52
7,1.589,1277.0,579.4,89.79,0.0
8,1.542,1102.0,517.1,88.06,0.0
9,1.765,2034.0,880.6,108.2,0.0
10,2.08,5569.0,2380.0,229.3,0.0
11,2.853,24700.0,11190.0,1523.0,524.3
12,2.765,21540.0,9587.0,1253.0,408.8
13,1.779,1547.0,802.8,142.7,0.0
14,2.215,14100.0,6993.0,1137.0,67.45
15,2.196,21230.0,10710.0,1060.0,102.4
16,2.021,20110.0,9303.0,1497.0,96.18
17,1.967,21730.0,11610.0,1091.0,0.0
18,1.687,5127.0,2457.0,280.0,0.0
19,2.014,7032.0,3732.0,558.6,0.0
20,1.487,832.1,518.0,173.9,0.0
21,1.737,10520.0,4933.0,628.6,0.0
22,1.818,9486.0,5184.0,574.0,0.0
23,1.905,2157.0,1092.0,149.2,0.0
24,1.51,4292.0,2256.0,199.3,0.0
25,1.957,7081.0,3650.0,381.3,0.0
26,1.651,7732.0,3824.0,408.4,0.0
27,3.208,182900.0,79550.0,26190.0,11190.0
28,3.191,139800.0,66500.0,10090.0,5137.0
29,3.1,96770.0,47260.0,6324.0,3455.0
30,2.442,37500.0,17620.0,2908.0,312.1
31,1.825,53710.0,21000.0,16070.0,0.0
32,3.057,68880.0,33830.0,4475.0,1472.0
1,1.923,666.8,283.5,175.8,18.04
2,1.752,482.6,204.4,118.0,13.76
3,1.551,318.1,132.2,73.92,3.907
4,1.41,233.7,98.06,49.04,0.0
5,1.318,156.5,70.97,42.34,0.0
6,1.702,361.9,155.7,115.3,4.217
7,0.8379,61.06,26.21,17.3,0.0
8,0.9407,51.93,21.51,19.86,0.0
9,1.16,103.4,43.85,29.33,0.0
10,1.477,235.1,98.43,63.71,0.0
11,2.253,1182.0,505.6,383.3,56.84
12,2.148,1056.0,449.0,306.5,42.18
13,1.331,53.38,26.18,46.56,0.0
14,1.781,717.7,354.1,334.5,13.91
15,1.416,522.8,241.8,352.3,3.29
16,1.508,922.6,427.8,418.0,2.985
17,1.331,227.8,109.2,334.1,0.0
18,1.149,303.2,146.0,75.54,0.0
19,1.633,321.7,167.3,192.0,0.0
20,0.9883,27.85,16.82,38.81,0.0
21,1.23,423.0,201.2,175.1,0.0
22,1.186,109.9,55.56,200.1,0.0
23,1.295,79.27,35.69,39.35,0.0
24,1.029,95.06,44.98,72.15,0.0
25,1.064,177.5,84.01,128.5,0.0
26,0.9211,190.1,86.99,128.6,0.0
27,2.65,9592.0,3828.0,3202.0,926.8
28,2.626,5762.0,2547.0,2854.0,402.6
29,2.508,3065.0,1354.0,1930.0,289.7
30,1.977,1819.0,856.3,819.1,26.82
31,1.07,2343.0,891.8,274.8,0.0
32,2.463,2249.0,1004.0,1407.0,140.4
1,2.067,2241.0,1010.0,217.1,35.68
2,1.899,1532.0,685.6,143.6,29.9
3,1.64,703.8,303.4,80.0,10.73
4,1.437,421.2,181.0,46.7,0.0
5,1.55,817.2,384.3,59.72,0.0
6,1.802,1241.0,577.8,223.5,6.88
7,0.9568,152.5,68.58,20.56,0.0
8,1.22,320.9,149.0,48.47,0.0
9,1.16,234.1,96.59,28.57,0.0
10,1.445,535.9,221.6,116.7,0.0
11,2.388,4484.0,2093.0,574.6,80.55
12,2.274,3571.0,1632.0,467.0,63.14
13,1.488,483.4,246.8,88.21,0.0
14,1.876,3627.0,1853.0,489.4,13.84
15,1.645,4670.0,2368.0,574.1,12.66
16,1.699,7383.0,3420.0,608.1,18.7
17,1.653,6434.0,3542.0,434.8,0.0
18,1.334,1054.0,530.0,122.5,0.0
19,1.682,1860.0,997.1,215.3,0.0
20,1.172,259.4,168.6,94.89,0.0
21,1.416,3694.0,1739.0,269.5,0.0
22,1.421,2444.0,1333.0,197.3,0.0
23,1.515,611.4,301.0,55.22,0.0
24,1.23,1393.0,736.2,91.64,0.0
25,1.146,469.8,237.5,188.0,0.0
26,1.278,2140.0,1066.0,262.5,0.0
27,2.812,60850.0,26700.0,5013.0,2166.0
28,2.789,42200.0,20300.0,4163.0,970.3
29,2.678,26700.0,13330.0,2663.0,609.3
30,2.111,12300.0,5816.0,1220.0,69.14
31,1.527,20810.0,8080.0,872.8,0.0
32,2.621,16370.0,8210.0,1909.0,225.0
1,1.497,0.0004532,0.001359,134.2,6.601
2,1.316,2.526e-06,7.578e-06,86.74,5.452
3,1.099,0.0001543,0.0004629,56.1,1.401
4,0.9617,0.001076,0.003228,40.99,0.0
5,0.9079,0.0008188,0.002456,30.42,0.0
6,1.293,0.0003963,0.001189,82.14,1.579
7,0.3678,0.0003859,0.001158,10.54,0.0
8,0.5451,0.000379,0.001137,12.61,0.0
9,0.7349,0.0005786,0.001736,27.6,0.0
10,1.055,0.001234,0.003701,52.43,0.0
11,1.843,0.000434,0.001302,288.2,19.51
12,1.73,0.0001583,0.0004749,226.5,14.74
13,0.9726,0.0006373,0.001912,36.01,0.0
14,1.406,24.05,8.116,200.1,2.373
15,0.9814,0.0002499,0.0007498,93.89,1.34
16,1.165,95.13,35.92,263.6,1.233
17,1.041,55.07,21.69,205.4,0.0
18,0.7642,4.911,1.568,53.54,0.0
19,1.262,0.0009454,0.002696,94.5,0.0
20,0.664,10.61,3.459,54.42,0.0
21,0.8909,47.58,18.22,122.8,0.0
22,0.8342,0.0005861,0.001758,60.26,0.0
23,0.9132,0.0007501,0.00225,32.22,0.0
24,0.6798,0.0003793,0.001138,28.59,0.0
25,0.5538,0.000851,0.002553,36.69,0.0
26,0.5325,0.0004614,0.001384,31.13,0.0
27,2.261,542.6,198.4,2679.0,135.0
28,2.246,295.0,112.3,2000.0,101.7
29,2.125,95.38,38.9,1114.0,77.19
30,1.614,133.8,49.44,583.9,6.212
31,0.7646,271.2,104.7,675.8,0.0
32,2.073,7.148,2.785,695.6,44.23
1,2.398,719200.0,331100.0,14090.0,7816.0
2,2.268,550300.0,253200.0,9656.0,6901.0
3,2.143,432700.0,197900.0,6049.0,2983.0
4,2.027,338700.0,156300.0,4009.0,0.0
5,1.665,123500.0,60730.0,3158.0,0.0
6,2.067,358200.0,161700.0,12820.0,1724.0
7,1.338,80240.0,37880.0,1561.0,0.0
8,1.298,45700.0,22380.0,1820.0,0.0
9,1.515,94420.0,41510.0,1895.0,0.0
10,1.865,269000.0,117200.0,7112.0,0.0
11,2.648,1162000.0,534100.0,33610.0,20770.0
12,2.575,1080000.0,492600.0,28150.0,15870.0
13,1.51,41350.0,21620.0,4167.0,0.0
14,1.936,218000.0,116800.0,186100.0,2135.0
15,1.888,307000.0,163000.0,215400.0,1655.0
16,1.716,171700.0,82740.0,197500.0,735.7
17,1.573,152800.0,82890.0,115100.0,0.0
18,1.407,75230.0,38210.0,50220.0,0.0
19,1.741,126900.0,74220.0,104300.0,0.0
20,1.185,13960.0,8002.0,9002.0,0.0
21,1.433,95030.0,46420.0,113400.0,0.0
22,1.407,79050.0,45540.0,59280.0,0.0
23,1.625,53910.0,27720.0,2813.0,0.0
24,1.228,51870.0,29410.0,51680.0,0.0
25,1.642,157200.0,84250.0,90370.0,0.0
26,1.345,82600.0,42870.0,36960.0,0.0
27,2.946,2531000.0,1118000.0,1334000.0,236800.0
28,2.93,2304000.0,1086000.0,1097000.0,136200.0
29,2.845,1865000.0,879800.0,635700.0,106000.0
30,2.154,415700.0,209800.0,408300.0,4589.0
31,1.519,363600.0,148200.0,246000.0,0.0
32,2.814,1712000.0,821200.0,474200.0,53130.0
1,1.23,142.0,59.36,137.2,6.847
2,1.046,123.1,52.87,95.97,5.82
3,0.813,103.6,46.0,63.46,1.481
4,0.6625,20.54,8.436,42.5,0.0
5,0.6596,20.7,8.357,31.81,0.0
6,1.013,46.62,17.12,87.49,2.067
7,0.09667,80.7,37.39,14.58,0.0
8,0.2882,8.244,2.953,15.85,0.0
9,0.4464,8.555,3.123,21.59,0.0
10,0.7549,29.84,11.27,47.92,0.0
11,1.575,202.3,79.53,281.6,23.22
12,1.459,188.4,75.28,232.4,17.31
13,0.6894,6.109,1.604,24.96,0.0
14,1.161,436.1,203.0,144.4,4.11
15,0.762,443.8,203.1,196.4,1.065
16,0.9431,494.6,217.5,84.13,1.331
17,0.8315,1107.0,493.0,89.46,0.0
18,0.5598,180.6,84.25,32.32,0.0
19,0.9975,167.5,86.29,97.32,0.0
20,0.4429,19.22,7.971,17.59,0.0
21,0.6697,313.4,140.3,42.51,0.0
22,0.5534,101.6,48.47,83.85,0.0
23,0.6686,11.79,4.461,32.03,0.0
24,0.3979,72.27,32.52,32.97,0.0
25,0.3702,221.7,106.0,82.08,0.0
26,0.3088,110.3,50.59,70.81,0.0
27,2.01,2849.0,1136.0,2113.0,379.9
28,1.992,2836.0,1212.0,1659.0,210.0
29,1.865,1931.0,823.8,1066.0,138.5
30,1.376,944.7,423.1,346.7,10.22
31,0.5445,370.2,127.2,468.5,0.0
32,1.809,958.1,415.5,701.5,56.53
1,1.985,13980.0,6180.0,1540.0,119.1
2,1.848,12070.0,5383.0,1093.0,103.2
3,1.781,11480.0,5175.0,607.2,33.14
4,1.625,3368.0,1461.0,378.2,0.0
5,1.019,714.9,312.0,480.9,0.0
6,1.7,4092.0,1693.0,879.8,11.88
7,1.213,8120.0,3753.0,176.1,0.0
8,0.6036,262.2,109.1,181.3,0.0
9,1.338,1664.0,701.9,206.8,0.0
10,1.63,3658.0,1520.0,402.7,0.0
11,2.201,18320.0,7901.0,3097.0,307.1
12,2.168,17950.0,7774.0,2494.0,231.2
13,0.7326,205.0,76.47,341.5,0.0
14,1.072,4058.0,2013.0,3153.0,52.88
15,1.616,16200.0,7873.0,4741.0,79.55
16,0.8672,1606.0,728.2,4934.0,10.19
17,0.8486,3064.0,1409.0,3743.0,0.0
18,0.6549,1251.0,607.8,813.5,0.0
19,0.8068,2662.0,1411.0,1181.0,0.0
20,0.3267,94.3,44.62,689.7,0.0
21,0.5781,1054.0,486.5,2443.0,0.0
22,0.7596,2563.0,1343.0,1543.0,0.0
23,0.9222,345.7,152.1,376.3,0.0
24,0.4899,1091.0,528.4,546.0,0.0
25,1.525,12750.0,6277.0,2838.0,0.0
26,0.7289,1883.0,933.2,1035.0,0.0
27,2.395,46210.0,19560.0,36490.0,4420.0
28,2.391,45900.0,20430.0,29430.0,2738.0
29,2.355,40700.0,18140.0,18910.0,2103.0
30,1.293,5781.0,2769.0,8883.0,89.22
31,0.6525,3242.0,1102.0,8486.0,0.0
32,2.342,39070.0,17840.0,13150.0,919.4
1,2.214,32650.0,14620.0,3888.0,253.3
2,2.068,25670.0,11500.0,2765.0,231.9
3,1.932,21150.0,9452.0,1980.0,76.98
4,1.775,10830.0,4720.0,1317.0,0.0
5,1.495,4573.0,2156.0,748.4,0.0
6,1.951,16180.0,7068.0,2924.0,62.98
7,1.286,9813.0,4578.0,527.2,0.0
8,1.178,2580.0,1208.0,371.9,0.0
9,1.445,3835.0,1655.0,608.3,0.0
10,1.768,11570.0,4873.0,1745.0,0.0
11,2.475,52800.0,23540.0,8031.0,675.0
12,2.412,49010.0,21720.0,7018.0,537.2
13,1.331,2243.0,1166.0,622.3,0.0
14,1.732,19700.0,10410.0,7229.0,84.64
15,1.801,30610.0,15400.0,8063.0,140.3
16,1.565,14580.0,7027.0,9032.0,23.59
17,1.516,21580.0,10630.0,11160.0,0.0
18,1.253,7484.0,3771.0,1904.0,0.0
19,1.501,10330.0,5925.0,3043.0,0.0
20,1.024,1220.0,645.6,1296.0,0.0
21,1.278,8855.0,4328.0,4169.0,0.0
22,1.282,7947.0,4353.0,2887.0,0.0
23,1.393,2820.0,1376.0,611.3,0.0
24,1.095,4714.0,2465.0,1067.0,0.0
25,1.57,16200.0,8133.0,3751.0,0.0
26,1.239,7616.0,3949.0,2569.0,0.0
27,2.791,192300.0,85260.0,82050.0,10530.0
28,2.771,168300.0,79530.0,63710.0,5407.0
29,2.689,128800.0,60690.0,41130.0,3994.0
30,1.972,36150.0,18110.0,17910.0,190.1
31,1.44,30620.0,11420.0,18150.0,0.0
32,2.65,105600.0,50270.0,25580.0,1788.0
1,1.52,698.2,287.6,681.6,23.64
2,1.344,512.7,215.0,429.5,19.54
3,1.162,526.4,226.7,308.9,5.977
4,1.03,316.7,131.8,205.3,0.0
5,0.8865,28.44,9.914,119.5,0.0
6,1.307,424.3,166.5,565.8,9.069
7,0.4604,231.9,108.7,87.92,0.0
8,0.4952,21.54,6.822,60.56,0.0
9,0.8035,105.7,41.22,124.5,0.0
10,1.112,342.8,136.0,335.7,0.0
11,1.849,1086.0,427.7,1586.0,73.71
12,1.746,1085.0,433.0,1305.0,56.86
13,0.9576,12.88,3.033,203.6,0.0
14,1.378,38.96,13.34,1835.0,4.603
15,1.152,1298.0,633.5,1872.0,4.253
16,1.088,55.22,23.7,2738.0,1.64
17,1.013,101.5,46.33,2256.0,0.0
18,0.7356,11.71,3.449,348.3,0.0
19,1.238,13.15,4.245,702.0,0.0
20,0.5673,12.58,4.891,444.0,0.0
21,0.8144,27.13,12.12,1163.0,0.0
22,0.8815,265.0,129.5,828.4,0.0
23,0.8862,19.27,6.907,137.7,0.0
24,0.6869,22.19,8.935,187.6,0.0
25,0.8775,1035.0,526.9,905.3,0.0
26,0.5985,261.5,122.0,711.4,0.0
27,2.245,2490.0,978.0,21660.0,568.4
28,2.235,2506.0,1052.0,16530.0,419.4
29,2.126,2458.0,1052.0,10190.0,339.1
30,1.567,104.0,39.93,5153.0,10.59
31,0.6566,178.8,70.98,5719.0,0.0
32,2.082,2567.0,1135.0,6282.0,163.7
1,1.804,34180.0,14720.0,1055.0,264.4
2,1.64,22780.0,9883.0,720.3,232.2
3,1.527,18870.0,8233.0,514.2,74.3
4,1.361,12760.0,5487.0,344.4,0.0
5,1.011,4560.0,2074.0,208.6,0.0
6,1.619,28760.0,12050.0,866.8,79.51
7,0.9072,5323.0,2491.0,144.7,0.0
8,0.7433,3444.0,1554.0,109.4,0.0
9,1.06,6450.0,2643.0,166.5,0.0
10,1.462,22740.0,9259.0,520.2,0.0
11,2.087,63910.0,26950.0,2316.0,895.8
12,2.03,62130.0,26260.0,1987.0,604.1
13,0.8886,1100.0,437.2,233.2,0.0
14,1.266,2535.0,1371.0,10230.0,35.56
15,1.293,8599.0,4257.0,44020.0,90.53
16,1.059,2132.0,1052.0,21650.0,3.928
17,0.9832,2611.0,1478.0,2060.0,0.0
18,0.7,1178.0,616.1,3978.0,0.0
19,1.086,1108.0,697.0,3001.0,0.0
20,0.5038,243.2,119.0,395.2,0.0
21,0.7759,1188.0,618.6,14860.0,0.0
22,0.8618,1502.0,878.2,11460.0,0.0
23,0.9537,1956.0,895.1,170.3,0.0
24,0.6402,849.5,461.4,8575.0,0.0
25,1.056,5401.0,2666.0,24290.0,0.0
26,0.7324,2127.0,1121.0,5438.0,0.0
27,2.337,69670.0,28060.0,108700.0,9166.0
28,2.33,74460.0,31290.0,110500.0,6295.0
29,2.261,71620.0,30070.0,80640.0,5178.0
30,1.487,4776.0,2440.0,31080.0,65.09
31,0.7576,1942.0,828.0,3789.0,0.0
32,2.235,73990.0,31730.0,78280.0,2515.0
1,2.367,198100.0,86840.0,9285.0,1345.0
2,2.223,146500.0,64340.0,5226.0,1028.0
3,2.079,111100.0,48490.0,3151.0,352.4
4,1.922,83410.0,36440.0,1481.0,0.0
5,1.675,37360.0,17440.0,1464.0,0.0
6,2.225,161700.0,70120.0,15160.0,617.9
7,1.409,22480.0,10410.0,1395.0,0.0
8,1.414,19290.0,9042.0,1417.0,0.0
9,1.556,29990.0,12630.0,1446.0,0.0
10,2.05,122600.0,51410.0,6628.0,0.0
11,2.681,385800.0,168800.0,29840.0,5593.0
12,2.613,360600.0,156700.0,25950.0,4024.0
13,1.529,14580.0,7108.0,3047.0,0.0
14,1.802,29860.0,17120.0,150000.0,296.8
15,2.137,86730.0,45550.0,90540.0,551.7
16,1.719,21190.0,10940.0,54920.0,119.9
17,1.672,32690.0,19330.0,102100.0,0.0
18,1.36,10650.0,5854.0,35630.0,0.0
19,1.537,16030.0,10570.0,104500.0,0.0
20,1.172,3117.0,1673.0,3665.0,0.0
21,1.433,11940.0,6361.0,14970.0,0.0
22,1.649,25160.0,15250.0,25860.0,0.0
23,1.635,16220.0,7957.0,1400.0,0.0
24,1.286,11740.0,6995.0,20820.0,0.0
25,1.933,55250.0,28070.0,32710.0,0.0
26,1.578,19590.0,10710.0,28120.0,0.0
27,2.988,615400.0,260600.0,1297000.0,69500.0
28,2.975,599700.0,274700.0,696900.0,40790.0
29,2.912,548800.0,250700.0,354800.0,32680.0
30,2.077,53070.0,28690.0,233400.0,697.3
31,1.61,40850.0,17220.0,616100.0,0.0
32,2.882,530200.0,245200.0,191600.0,15680.0
1,3.259,1278000.0,573700.0,4223.0,8900.0
2,3.13,951100.0,426300.0,2949.0,7236.0
3,2.939,658000.0,288900.0,2026.0,2719.0
4,2.788,508400.0,224400.0,1325.0,0.0
5,2.68,302800.0,146100.0,844.9,0.0
6,2.952,648500.0,289400.0,4868.0,2431.0
7,2.249,119100.0,53950.0,661.1,0.0
8,2.242,102000.0,48960.0,515.5,0.0
9,2.421,194700.0,84460.0,773.2,0.0
10,2.73,453600.0,193400.0,3692.0,0.0
11,3.526,2132000.0,966400.0,10490.0,28270.0
12,3.445,1944000.0,869900.0,9427.0,20850.0
13,2.523,150600.0,80420.0,1460.0,0.0
14,3.212,296500.0,176900.0,7948.0,1787.0
15,2.881,295600.0,154300.0,7690.0,1196.0
16,2.764,184700.0,97520.0,7470.0,423.8
17,2.722,183300.0,108600.0,5132.0,0.0
18,2.912,73090.0,40090.0,1272.0,0.0
19,2.873,210600.0,133100.0,4816.0,0.0
20,2.234,17940.0,10530.0,888.2,0.0
21,2.482,97410.0,52870.0,3011.0,0.0
22,2.556,110600.0,65600.0,2498.0,0.0
23,2.51,98960.0,50360.0,445.6,0.0
24,2.293,79770.0,46760.0,1975.0,0.0
25,2.624,158300.0,77480.0,2911.0,0.0
26,2.318,69820.0,37180.0,1782.0,0.0
27,3.94,3669000.0,1685000.0,114100.0,289500.0
28,3.924,3502000.0,1676000.0,63770.0,181100.0
29,3.784,2984000.0,1402000.0,37590.0,145300.0
30,3.351,503300.0,283100.0,19850.0,3589.0
31,2.509,313400.0,130100.0,45010.0,0.0
32,3.738,2813000.0,1329000.0,28470.0,75160.0
1,2.812,92310.0,40490.0,1008.0,839.7
2,2.672,66790.0,29240.0,688.8,654.0
3,2.478,46090.0,19750.0,434.2,215.4
4,2.313,34930.0,15110.0,258.3,0.0
5,2.225,21270.0,10100.0,240.8,0.0
6,2.586,60770.0,26210.0,671.7,247.3
7,1.808,8647.0,3832.0,121.3,0.0
8,1.797,6602.0,3088.0,134.0,0.0
9,1.983,14890.0,6319.0,147.6,0.0
10,2.387,47100.0,19590.0,333.3,0.0
11,3.115,169000.0,74240.0,2268.0,2707.0
12,3.029,154700.0,67270.0,1783.0,1991.0
13,1.993,6594.0,3295.0,284.5,0.0
14,2.517,20660.0,11630.0,2635.0,137.6
15,2.323,21870.0,11330.0,2620.0,98.56
16,2.281,26900.0,13850.0,3623.0,109.6
17,2.147,13810.0,8433.0,2501.0,0.0
18,1.987,7307.0,3772.0,566.9,0.0
19,2.321,11150.0,6803.0,1334.0,0.0
20,1.749,1954.0,1183.0,389.9,0.0
21,1.997,13070.0,6974.0,1562.0,0.0
22,1.942,6139.0,3575.0,1295.0,0.0
23,2.164,8908.0,4328.0,247.9,0.0
24,1.688,4073.0,2233.0,597.7,0.0
25,2.069,9367.0,4653.0,901.4,0.0
26,1.768,7752.0,4152.0,882.3,0.0
27,3.457,366700.0,157200.0,43810.0,32640.0
28,3.434,305600.0,140600.0,40300.0,17520.0
29,3.329,240200.0,109200.0,25120.0,13570.0
30,2.727,53670.0,28010.0,9733.0,482.2
31,2.056,74990.0,30330.0,3427.0,0.0
32,3.286,213500.0,96990.0,12410.0,7261.0
1,2.922,41070.0,17910.0,896.2,476.0
2,2.792,30530.0,13270.0,620.8,410.4
3,2.599,19630.0,8364.0,395.7,147.9
4,2.447,14600.0,6267.0,229.9,0.0
5,2.345,11130.0,5146.0,209.1,0.0
6,2.586,19240.0,8382.0,557.4,83.31
7,1.91,3864.0,1689.0,110.9,0.0
8,1.859,2943.0,1356.0,120.0,0.0
9,2.086,6312.0,2666.0,124.5,0.0
10,2.365,13250.0,5464.0,267.1,0.0
11,3.188,69300.0,30630.0,1948.0,1177.0
12,3.099,61030.0,26580.0,1545.0,897.3
13,2.09,4030.0,2039.0,226.9,0.0
14,2.665,17920.0,10160.0,1741.0,161.9
15,2.445,17750.0,9342.0,1575.0,89.79
16,2.442,31690.0,16060.0,2221.0,68.19
17,2.198,11500.0,7006.0,1451.0,0.0
18,2.151,6971.0,3609.0,415.4,0.0
19,2.462,8412.0,5191.0,812.3,0.0
20,1.91,2105.0,1301.0,303.8,0.0
21,2.159,14760.0,7726.0,963.6,0.0
22,2.018,4822.0,2863.0,711.1,0.0
23,2.257,5460.0,2625.0,213.7,0.0
24,1.802,3631.0,1980.0,331.9,0.0
25,2.197,7058.0,3573.0,551.8,0.0
26,1.896,6524.0,3524.0,567.3,0.0
27,3.546,282500.0,123900.0,16220.0,15810.0
28,3.525,207500.0,99110.0,14070.0,8108.0
29,3.404,133900.0,63860.0,8815.0,5908.0
30,2.882,58300.0,29840.0,4505.0,394.6
31,2.225,88500.0,35450.0,2192.0,0.0
32,3.365,105800.0,50250.0,6151.0,2992.0
1,2.361,4622.0,1945.0,464.4,47.26
2,2.223,3414.0,1434.0,322.1,40.14
3,2.006,2121.0,873.4,203.4,13.42
4,1.849,1559.0,648.0,126.4,0.0
5,1.816,1301.0,578.9,112.1,0.0
6,2.049,1934.0,836.6,297.9,8.718
7,1.318,393.0,166.2,51.74,0.0
8,1.346,412.3,176.3,60.11,0.0
9,1.535,677.2,276.8,71.86,0.0
10,1.808,1111.0,452.8,153.2,0.0
11,2.656,7898.0,3396.0,1026.0,132.1
12,2.549,6687.0,2833.0,806.1,99.48
13,1.668,527.1,250.4,129.7,0.0
14,2.198,3199.0,1780.0,865.1,26.42
15,1.972,3648.0,1854.0,784.8,16.19
16,1.976,5864.0,3002.0,1077.0,13.42
17,1.894,3464.0,2133.0,810.6,0.0
18,1.641,1123.0,562.3,203.4,0.0
19,2.016,1539.0,919.1,416.4,0.0
20,1.447,483.1,288.6,152.6,0.0
21,1.694,2628.0,1406.0,477.8,0.0
22,1.674,1204.0,680.4,354.3,0.0
23,1.778,849.7,393.1,117.6,0.0
24,1.39,587.6,305.9,163.8,0.0
25,1.702,1560.0,761.0,290.3,0.0
26,1.442,1373.0,726.4,274.6,0.0
27,3.084,63750.0,27520.0,8334.0,3006.0
28,3.058,38850.0,18680.0,7108.0,1204.0
29,2.935,23100.0,11350.0,4506.0,818.4
30,2.415,10590.0,5411.0,2183.0,71.42
31,1.851,27670.0,11110.0,1223.0,0.0
32,2.879,15570.0,7475.0,3114.0,378.1
1,2.171,2197.0,859.1,584.6,27.36
2,2.001,1499.0,579.8,417.0,22.67
3,1.811,1032.0,399.7,258.2,8.35
4,1.612,647.7,250.5,160.6,0.0
5,1.549,465.4,186.4,153.0,0.0
6,1.995,1731.0,695.1,427.5,11.61
7,1.224,284.0,115.5,60.3,0.0
8,1.248,268.5,100.3,97.21,0.0
9,1.417,381.3,150.7,78.6,0.0
10,1.79,1187.0,471.4,202.8,0.0
11,2.5,4555.0,1797.0,1344.0,90.45
12,2.406,3995.0,1570.0,1064.0,68.38
13,1.492,293.6,119.0,168.7,0.0
14,1.943,1281.0,656.3,908.2,10.62
15,1.816,1865.0,875.4,881.6,9.144
16,1.795,2753.0,1377.0,1223.0,9.037
17,1.677,1440.0,849.7,1024.0,0.0
18,1.423,492.6,230.4,222.2,0.0
19,1.734,480.6,260.5,382.2,0.0
20,1.265,257.3,139.6,210.3,0.0
21,1.511,1264.0,650.8,546.3,0.0
22,1.424,457.4,224.5,329.2,0.0
23,1.566,378.8,159.6,159.0,0.0
24,1.245,333.0,155.3,162.1,0.0
25,1.531,678.3,308.0,337.6,0.0
26,1.299,767.8,367.8,333.6,0.0
27,2.896,26430.0,11230.0,10450.0,1304.0
28,2.873,17890.0,8179.0,8161.0,638.9
29,2.763,11180.0,5093.0,5205.0,456.8
30,2.191,4811.0,2361.0,2379.0,35.52
31,1.605,9710.0,3918.0,2380.0,0.0
32,2.712,8174.0,3560.0,3570.0,227.4
1,1.78,118.9,37.5,286.6,10.77
2,1.621,105.9,34.72,214.4,9.136
3,1.434,95.77,32.61,142.0,2.811
4,1.317,87.1,31.74,108.8,0.0
5,1.163,10.36,2.731,71.44,0.0
6,1.562,21.98,5.734,173.1,2.544
7,0.6568,7.303,1.507,22.15,0.0
8,0.8287,6.159,1.272,36.91,0.0
9,0.9902,5.403,1.424,38.71,0.0
10,1.324,8.744,2.513,86.15,0.0
11,2.118,155.8,45.66,638.7,29.02
12,2.006,143.4,43.22,484.0,22.3
13,1.26,9.338,2.089,98.63,0.0
14,1.635,30.19,11.88,343.0,3.494
15,1.366,63.91,21.26,256.8,1.824
16,1.404,29.78,14.12,356.6,1.427
17,1.294,23.92,11.54,284.6,0.0
18,1.004,8.736,3.085,71.28,0.0
19,1.485,14.74,5.796,190.8,0.0
20,0.8811,4.472,1.914,63.38,0.0
21,1.127,13.16,6.383,157.4,0.0
22,1.126,13.29,4.057,113.0,0.0
23,1.181,6.503,1.527,79.2,0.0
24,0.9829,7.389,1.818,71.25,0.0
25,1.025,35.53,13.31,109.6,0.0
26,0.8533,18.48,5.507,80.33,0.0
27,2.529,502.7,176.3,3789.0,184.1
28,2.514,384.3,133.8,3144.0,144.5
29,2.403,292.2,95.74,2108.0,113.2
30,1.848,70.81,30.01,818.2,7.574
31,1.032,129.8,53.63,643.0,0.0
32,2.354,260.7,80.58,1433.0,64.19
1,2.562,1698000.0,757700.0,24050.0,12310.0
2,2.426,1261000.0,562200.0,15540.0,9993.0
3,2.242,890200.0,390000.0,10080.0,3651.0
4,2.086,671000.0,294900.0,5978.0,0.0
5,1.964,384300.0,184100.0,4685.0,0.0
6,2.284,943400.0,416700.0,27480.0,3568.0
7,1.565,178400.0,81130.0,3373.0,0.0
8,1.539,137800.0,65600.0,3120.0,0.0
9,1.741,259000.0,111500.0,3808.0,0.0
10,2.076,677200.0,286600.0,14410.0,0.0
11,2.841,2905000.0,1304000.0,62870.0,39980.0
12,2.758,2661000.0,1181000.0,54090.0,29400.0
13,1.79,180200.0,94910.0,6841.0,0.0
14,2.387,396200.0,232200.0,187000.0,2606.0
15,2.158,484700.0,251700.0,163200.0,2279.0
16,2.058,292000.0,151800.0,109300.0,786.1
17,1.961,274700.0,160400.0,132600.0,0.0
18,2.004,109700.0,59210.0,45450.0,0.0
19,2.115,262500.0,165000.0,120500.0,0.0
20,1.527,27450.0,15940.0,8516.0,0.0
21,1.775,152500.0,81580.0,44370.0,0.0
22,1.786,160800.0,94950.0,47960.0,0.0
23,1.859,135900.0,68260.0,3991.0,0.0
24,1.535,106900.0,61930.0,34530.0,0.0
25,1.909,267800.0,132600.0,69690.0,0.0
26,1.598,117800.0,62840.0,41860.0,0.0
27,3.22,5338000.0,2401000.0,1745000.0,437000.0
28,3.202,4966000.0,2351000.0,1055000.0,264600.0
29,3.082,4187000.0,1953000.0,590100.0,210600.0
30,2.564,731600.0,401300.0,336300.0,5643.0
31,1.834,591600.0,241800.0,707600.0,0.0
32,3.038,3909000.0,1833000.0,370700.0,107200.0
1,1.592,1.135,0.2883,138.0,7.118
2,1.435,1.135,0.2886,105.2,5.966
3,1.242,0.07542,0.009523,68.56,1.77
4,1.108,0.001076,0.003228,51.88,0.0
5,0.985,1.093,0.2958,36.05,0.0
6,1.385,0.004288,0.002788,75.23,1.729
7,0.5118,0.0003859,0.001158,11.27,0.0
8,0.6651,0.000379,0.001137,16.16,0.0
9,0.8076,0.0005786,0.001736,19.46,0.0
10,1.149,0.001234,0.003701,41.06,0.0
11,1.93,4.7,1.36,325.6,20.32
12,1.821,1.501,0.3239,223.2,15.41
13,1.063,0.0006373,0.001912,37.92,0.0
14,1.393,122.1,52.53,1204.0,5.231
15,1.214,0.0002499,0.0007498,118.8,1.618
16,1.174,68.52,28.97,3010.0,1.251
17,1.079,20.98,8.486,1335.0,0.0
18,0.7854,30.96,12.5,154.3,0.0
19,1.232,73.35,33.62,224.0,0.0
20,0.6549,5.792,2.048,466.8,0.0
21,0.897,42.24,18.56,1275.0,0.0
22,0.9282,0.0005861,0.001758,50.09,0.0
23,0.9968,3.22,1.061,75.33,0.0
24,0.7773,0.0003793,0.001138,29.48,0.0
25,0.8972,0.000851,0.002553,56.26,0.0
26,0.694,0.0004614,0.001384,33.58,0.0
27,2.326,545.4,191.0,24690.0,137.8
28,2.31,288.0,118.1,14150.0,106.5
29,2.207,34.41,13.81,5050.0,79.33
30,1.61,204.3,86.41,5396.0,9.297
31,0.8169,165.3,68.13,10550.0,0.0
32,2.161,5.106,1.52,685.5,45.86
1,1.679,3901.0,1672.0,164.3,38.49
2,1.534,3306.0,1436.0,110.9,33.96
3,1.38,2981.0,1314.0,67.75,10.99
4,1.217,743.5,300.4,41.87,0.0
5,1.026,431.2,181.5,40.68,0.0
6,1.45,1418.0,572.5,157.6,4.516
7,0.7308,2224.0,1018.0,16.92,0.0
8,0.7638,175.9,71.6,30.82,0.0
9,0.8645,328.3,128.6,17.8,0.0
10,1.212,997.4,389.3,56.42,0.0
11,1.976,5552.0,2327.0,453.4,96.78
12,1.889,5242.0,2202.0,342.2,72.87
13,0.9332,172.9,64.68,41.05,0.0
14,1.366,5667.0,2687.0,750.0,23.65
15,1.436,7305.0,3223.0,771.1,24.44
16,1.262,3934.0,1909.0,1956.0,7.519
17,1.172,4782.0,2310.0,3268.0,0.0
18,0.9516,2200.0,1030.0,71.34,0.0
19,1.092,2990.0,1490.0,130.1,0.0
20,0.707,144.6,69.5,298.7,0.0
21,0.9706,2540.0,1243.0,772.8,0.0
22,0.949,1961.0,968.7,296.4,0.0
23,1.058,309.9,136.2,78.77,0.0
24,0.7344,1025.0,453.4,78.67,0.0
25,1.192,3945.0,1680.0,300.9,0.0
26,0.8986,1923.0,935.9,364.5,0.0
27,2.349,35130.0,15260.0,25020.0,1999.0
28,2.335,32420.0,14650.0,16170.0,1087.0
29,2.235,22190.0,9938.0,10830.0,750.4
30,1.632,9928.0,4720.0,3202.0,53.42
31,1.074,5546.0,2352.0,9028.0,0.0
32,2.194,17940.0,8020.0,5106.0,279.2
1,2.137,25310.0,11010.0,3432.0,163.0
2,1.999,20580.0,9016.0,2367.0,142.4
3,1.85,17440.0,7687.0,1537.0,43.26
4,1.689,7204.0,3034.0,972.1,0.0
5,1.464,3287.0,1467.0,817.5,0.0
6,1.842,8806.0,3700.0,2765.0,31.1
7,1.217,9722.0,4481.0,434.7,0.0
8,1.09,1446.0,637.7,402.0,0.0
9,1.352,2880.0,1179.0,513.1,0.0
10,1.655,6303.0,2560.0,1499.0,0.0
11,2.386,36740.0,15850.0,7467.0,475.1
12,2.323,34210.0,14710.0,6410.0,355.0
13,1.268,1623.0,724.8,729.8,0.0
14,1.635,11810.0,5810.0,7391.0,46.84
15,1.719,19000.0,8591.0,6463.0,65.52
16,1.404,6464.0,3233.0,9858.0,17.28
17,1.427,10780.0,5614.0,7550.0,0.0
18,1.135,3360.0,1601.0,1858.0,0.0
19,1.419,7387.0,3796.0,3161.0,0.0
20,0.87,458.8,230.5,1458.0,0.0
21,1.117,4066.0,2054.0,4758.0,0.0
22,1.206,5402.0,2754.0,2754.0,0.0
23,1.305,1731.0,794.2,623.5,0.0
24,1.008,3134.0,1467.0,845.5,0.0
25,1.489,10870.0,4796.0,2730.0,0.0
26,1.15,3754.0,1851.0,2430.0,0.0
27,2.694,112100.0,49380.0,73440.0,6946.0
28,2.676,102400.0,46820.0,57470.0,3969.0
29,2.6,81640.0,37040.0,34110.0,3004.0
30,1.849,19070.0,9377.0,18880.0,108.4
31,1.367,14660.0,6415.0,17860.0,0.0
32,2.563,71070.0,32100.0,22980.0,1354.0
1,1.652,5317.0,2214.0,1401.0,88.35
2,1.505,4108.0,1738.0,902.6,82.6
3,1.325,3208.0,1376.0,638.4,32.23
4,1.173,1753.0,721.6,347.6,0.0
5,1.02,832.2,349.9,239.9,0.0
6,1.365,2027.0,819.8,1113.0,14.62
7,0.6222,1164.0,541.6,222.1,0.0
8,0.6455,479.4,205.6,208.0,0.0
9,0.8467,700.0,268.3,227.7,0.0
10,1.127,1225.0,473.6,498.3,0.0
11,1.949,8480.0,3495.0,3464.0,215.5
12,1.85,7414.0,3044.0,2664.0,168.8
13,0.9874,155.7,59.01,531.0,0.0
14,1.41,2003.0,978.3,3642.0,15.48
15,1.284,4653.0,2107.0,4175.0,36.55
16,1.194,1402.0,714.4,6425.0,3.842
17,1.177,3601.0,1973.0,4292.0,0.0
18,0.8081,682.2,324.8,773.2,0.0
19,1.244,1081.0,555.6,1064.0,0.0
20,0.6608,165.8,79.95,981.4,0.0
21,0.9091,836.4,435.2,2787.0,0.0
22,0.9709,1459.0,776.5,1221.0,0.0
23,1.002,877.5,391.1,448.3,0.0
24,0.7173,213.7,91.75,582.1,0.0
25,1.033,3525.0,1604.0,1819.0,0.0
26,0.7216,881.6,426.6,1407.0,0.0
27,2.373,28460.0,12400.0,44010.0,2516.0
28,2.344,24660.0,11180.0,35360.0,1528.0
29,2.241,20350.0,9193.0,21610.0,1195.0
30,1.63,3620.0,1786.0,11130.0,30.34
31,1.007,3575.0,1616.0,7805.0,0.0
32,2.182,16180.0,7152.0,13890.0,577.5
1,1.752,12520.0,5211.0,1261.0,228.8
2,1.601,9950.0,4178.0,842.9,207.8
3,1.447,8415.0,3579.0,594.2,79.24
4,1.297,5260.0,2167.0,394.7,0.0
5,1.08,1694.0,722.0,245.4,0.0
6,1.443,4777.0,1870.0,1095.0,45.96
7,0.7819,2823.0,1317.0,167.6,0.0
8,0.6582,525.3,217.4,136.7,0.0
9,0.969,1425.0,565.8,203.1,0.0
10,1.239,3654.0,1402.0,621.1,0.0
11,2.017,17840.0,7217.0,2900.0,558.3
12,1.938,17180.0,6975.0,2456.0,436.7
13,0.9864,234.7,81.96,317.3,0.0
14,1.399,1713.0,850.3,2275.0,28.13
15,1.206,2560.0,1140.0,2217.0,37.15
16,1.137,876.4,440.2,3240.0,3.697
17,1.043,858.2,461.3,2689.0,0.0
18,0.8098,655.7,310.9,469.4,0.0
19,1.238,933.5,501.6,878.1,0.0
20,0.6145,117.9,54.43,522.0,0.0
21,0.8594,519.7,267.1,1365.0,0.0
22,0.8611,483.4,243.9,800.0,0.0
23,0.9712,606.3,267.9,220.8,0.0
24,0.7188,209.4,90.97,298.8,0.0
25,0.9185,1820.0,829.7,963.4,0.0
26,0.6637,521.1,241.0,791.2,0.0
27,2.347,23410.0,9083.0,25680.0,3878.0
28,2.332,23540.0,9502.0,20500.0,2775.0
29,2.238,21020.0,8347.0,12860.0,2329.0
30,1.599,2682.0,1327.0,6072.0,47.4
31,0.8253,1170.0,546.7,4971.0,0.0
32,2.2,21140.0,8581.0,8510.0,1318.0
1,2.795,432200.0,186500.0,9366.0,4950.0
2,2.646,307700.0,133700.0,6131.0,4175.0
3,2.495,243500.0,105300.0,3594.0,1812.0
4,2.332,180800.0,78670.0,1679.0,0.0
5,2.116,68050.0,31490.0,1582.0,0.0
6,2.495,250600.0,105800.0,12500.0,1298.0
7,1.853,49920.0,22290.0,1657.0,0.0
8,1.718,28600.0,13190.0,1347.0,0.0
9,2.017,82400.0,34110.0,1699.0,0.0
10,2.301,191400.0,77720.0,5555.0,0.0
11,3.057,749800.0,323600.0,29860.0,13220.0
12,2.982,686000.0,293100.0,22840.0,10120.0
13,1.929,32720.0,16130.0,4518.0,0.0
14,2.347,88890.0,48270.0,194100.0,994.8
15,2.47,153700.0,73460.0,356900.0,613.1
16,2.162,53520.0,28940.0,195600.0,216.7
17,2.108,63280.0,36480.0,148400.0,0.0
18,1.844,27450.0,14030.0,53460.0,0.0
19,2.133,55820.0,32770.0,116200.0,0.0
20,1.627,8880.0,4752.0,7809.0,0.0
21,1.879,30290.0,16870.0,109400.0,0.0
22,2.048,44080.0,24930.0,132400.0,0.0
23,2.054,44040.0,21150.0,3800.0,0.0
24,1.686,23260.0,12420.0,37730.0,0.0
25,2.254,91120.0,42470.0,187500.0,0.0
26,1.925,40380.0,20510.0,112000.0,0.0
27,3.386,1228000.0,529200.0,1660000.0,121900.0
28,3.375,1212000.0,547000.0,1364000.0,76020.0
29,3.295,1068000.0,475200.0,901200.0,60770.0
30,2.577,147700.0,79280.0,416300.0,1883.0
31,1.961,69100.0,31990.0,360900.0,0.0
32,3.261,1024000.0,459800.0,705100.0,30930.0
1,2.707,220900.0,95350.0,4744.0,2434.0
2,2.565,159000.0,68700.0,3260.0,2083.0
3,2.386,124200.0,52740.0,1849.0,900.4
4,2.219,93540.0,40000.0,970.8,0.0
5,2.092,36340.0,17450.0,1335.0,0.0
6,2.47,128200.0,54660.0,4556.0,1045.0
7,1.721,23390.0,10360.0,749.4,0.0
8,1.737,16410.0,7622.0,368.2,0.0
9,1.895,40070.0,16690.0,725.6,0.0
10,2.256,94930.0,38840.0,2880.0,0.0
11,3.014,390100.0,169200.0,11240.0,7621.0
12,2.919,352500.0,151100.0,9954.0,5842.0
13,2.02,17360.0,8437.0,1702.0,0.0
14,2.409,48980.0,26440.0,11800.0,349.1
15,2.479,86220.0,41020.0,55790.0,444.3
16,2.287,45550.0,24830.0,9822.0,187.2
17,2.256,49650.0,29140.0,52470.0,0.0
18,1.913,16090.0,8083.0,3522.0,0.0
19,2.183,28800.0,16720.0,5127.0,0.0
20,1.755,5776.0,3192.0,687.7,0.0
21,2.003,25370.0,14150.0,4095.0,0.0
22,2.082,26500.0,14820.0,10520.0,0.0
23,2.102,25260.0,12170.0,267.1,0.0
24,1.794,17260.0,9193.0,18890.0,0.0
25,2.234,48260.0,22080.0,16990.0,0.0
26,1.929,22200.0,11130.0,4300.0,0.0
27,3.44,796800.0,349800.0,331100.0,77640.0
28,3.41,725500.0,335000.0,248700.0,44640.0
29,3.313,611200.0,277900.0,199000.0,35720.0
30,2.669,101900.0,54720.0,27870.0,957.4
31,2.215,101900.0,46010.0,28930.0,0.0
32,3.26,556100.0,252000.0,104800.0,18520.0
1,2.853,71230.0,30480.0,784.2,760.3
2,2.718,49180.0,21050.0,546.3,600.9
3,2.522,34150.0,14260.0,333.7,231.6
4,2.361,25200.0,10630.0,195.9,0.0
5,2.276,15580.0,7286.0,201.0,0.0
6,2.583,42660.0,18100.0,510.2,350.2
7,1.854,7202.0,3087.0,94.74,0.0
8,1.854,5901.0,2676.0,108.8,0.0
9,2.028,14710.0,6062.0,101.5,0.0
10,2.367,32150.0,13200.0,236.6,0.0
11,3.145,127500.0,54900.0,1760.0,2552.0
12,3.053,114900.0,48900.0,1377.0,1938.0
13,2.109,6315.0,3235.0,222.4,0.0
14,2.615,33990.0,18510.0,2692.0,392.9
15,2.436,28160.0,14140.0,2122.0,246.2
16,2.424,41400.0,22640.0,3760.0,180.6
17,2.325,25080.0,15050.0,2673.0,0.0
18,2.101,11570.0,5814.0,592.3,0.0
19,2.408,18480.0,10710.0,1277.0,0.0
20,1.893,3395.0,2033.0,432.5,0.0
21,2.141,21600.0,12170.0,1555.0,0.0
22,2.055,9010.0,5114.0,872.8,0.0
23,2.228,8331.0,3938.0,202.5,0.0
24,1.85,6788.0,3582.0,509.3,0.0
25,2.165,12200.0,5816.0,717.6,0.0
26,1.897,8572.0,4570.0,678.1,0.0
27,3.536,402800.0,183800.0,24600.0,30350.0
28,3.511,330400.0,159800.0,21010.0,16950.0
29,3.396,231500.0,109400.0,12500.0,12530.0
30,2.844,83780.0,45170.0,7343.0,902.0
31,2.274,91460.0,40370.0,3422.0,0.0
32,3.345,190000.0,87950.0,7456.0,6390.0
1,1.968,1712.0,691.7,182.0,41.74
2,1.794,1189.0,475.3,123.1,33.3
3,1.635,1062.0,428.4,81.3,9.663
4,1.486,810.6,332.0,52.16,0.0
5,1.278,127.1,51.87,38.84,0.0
6,1.709,784.6,312.4,105.9,13.08
7,0.9695,238.4,101.1,20.67,0.0
8,0.9016,42.5,14.77,19.36,0.0
9,1.231,327.8,131.6,29.49,0.0
10,1.504,637.6,248.4,57.11,0.0
11,2.26,2574.0,1023.0,387.0,120.3
12,2.175,2511.0,1004.0,304.7,93.02
13,1.276,31.62,10.84,50.96,0.0
14,1.692,180.5,84.85,710.7,9.464
15,1.436,397.9,177.9,624.9,5.745
16,1.421,108.9,52.49,938.6,4.012
17,1.297,32.93,15.55,724.3,0.0
18,1.049,62.74,27.59,145.4,0.0
19,1.55,93.94,48.54,407.5,0.0
20,0.9065,14.13,6.234,71.95,0.0
21,1.145,53.54,26.74,389.8,0.0
22,1.17,77.39,36.86,253.7,0.0
23,1.222,36.62,13.61,39.32,0.0
24,1.0,28.18,11.16,165.8,0.0
25,1.127,206.2,93.73,211.5,0.0
26,0.9201,154.6,72.08,180.5,0.0
27,2.607,3292.0,1238.0,6180.0,780.5
28,2.595,3383.0,1324.0,5447.0,592.9
29,2.495,3067.0,1193.0,3384.0,479.2
30,1.889,294.4,138.2,1889.0,21.92
31,1.0,21.29,10.12,642.1,0.0
32,2.456,3117.0,1249.0,2029.0,268.4
1,1.766,445.4,148.6,202.0,19.03
2,1.605,316.9,105.1,138.9,15.65
3,1.419,233.7,80.08,88.47,4.673
4,1.265,149.8,54.35,51.6,0.0
5,1.149,81.14,26.15,47.61,0.0
6,1.586,350.7,133.7,135.7,5.758
7,0.7274,60.57,20.42,23.92,0.0
8,0.8743,82.37,27.73,32.45,0.0
9,0.982,62.17,22.11,28.2,0.0
10,1.356,189.0,73.42,58.91,0.0
11,2.11,996.3,353.2,470.1,59.32
12,2.004,822.7,287.6,359.7,44.34
13,1.216,110.8,43.9,61.21,0.0
14,1.542,386.9,178.8,457.3,6.811
15,1.468,858.2,402.7,422.0,5.465
16,1.34,668.5,362.5,619.6,3.537
17,1.254,462.4,266.1,487.4,0.0
18,0.9381,133.0,54.34,106.8,0.0
19,1.377,144.1,64.6,210.7,0.0
20,0.8124,74.49,39.11,83.08,0.0
21,1.056,318.9,178.0,269.8,0.0
22,1.103,215.4,104.3,171.8,0.0
23,1.185,113.9,45.46,61.81,0.0
24,0.9593,163.0,75.82,87.6,0.0
25,1.183,322.9,150.1,160.4,0.0
26,0.9306,308.7,146.2,141.8,0.0
27,2.507,6482.0,2869.0,4161.0,614.8
28,2.49,4933.0,2301.0,3736.0,399.3
29,2.392,3369.0,1551.0,2362.0,295.7
30,1.767,1222.0,618.1,1199.0,19.21
31,1.102,1935.0,855.6,422.9,0.0
32,2.348,2657.0,1168.0,1590.0,147.8
1,1.995,1629.0,664.3,242.8,20.85
2,1.85,1165.0,476.1,169.9,18.34
3,1.641,706.1,284.1,101.3,3.646
4,1.458,489.7,200.3,57.59,0.0
5,1.432,458.6,197.5,65.44,0.0
6,1.748,866.4,366.3,148.5,8.136
7,0.9911,128.4,51.77,28.17,0.0
8,1.063,155.2,62.48,33.94,0.0
9,1.172,261.5,102.4,34.25,0.0
10,1.502,506.9,202.8,71.7,0.0
11,2.32,3055.0,1278.0,533.9,67.47
12,2.206,2559.0,1055.0,413.5,52.0
13,1.374,312.8,155.9,61.94,0.0
14,1.761,1650.0,861.0,360.1,20.38
15,1.688,2125.0,1067.0,311.3,16.53
16,1.63,2955.0,1587.0,434.9,11.71
17,1.562,1531.0,936.9,341.9,0.0
18,1.255,607.0,285.4,97.02,0.0
19,1.543,722.2,395.3,157.2,0.0
20,1.1,231.5,137.9,71.33,0.0
21,1.346,1407.0,774.4,196.2,0.0
22,1.322,642.5,362.9,122.6,0.0
23,1.473,306.5,134.7,71.56,0.0
24,1.105,481.6,247.3,61.31,0.0
25,1.421,813.3,390.1,119.9,0.0
26,1.145,665.1,349.0,111.0,0.0
27,2.733,23710.0,11130.0,3448.0,1152.0
28,2.712,17630.0,8840.0,2974.0,627.0
29,2.608,10990.0,5525.0,1914.0,429.0
30,2.015,5368.0,2810.0,881.7,50.99
31,1.403,6941.0,3016.0,473.7,0.0
32,2.554,7668.0,3737.0,1351.0,198.2
1,1.433,0.0004532,0.001359,115.1,6.56
2,1.25,2.526e-06,7.578e-06,73.88,5.397
3,1.031,0.0001543,0.0004629,48.51,1.5
4,0.8694,0.001076,0.003228,33.48,0.0
5,0.8482,0.0008188,0.002456,25.15,0.0
6,1.252,0.0003963,0.001189,74.05,1.501
7,0.3614,0.0003859,0.001158,10.85,0.0
8,0.5156,0.000379,0.001137,12.36,0.0
9,0.6968,0.0005786,0.001736,23.45,0.0
10,1.018,0.001234,0.003701,47.96,0.0
11,1.798,0.000434,0.001302,255.6,19.1
12,1.676,0.0001583,0.0004749,198.4,14.36
13,0.9378,0.0006373,0.001912,33.08,0.0
14,1.305,0.0001312,0.0003937,131.3,2.234
15,0.966,0.0002499,0.0007498,93.13,1.265
16,1.064,0.0001853,0.0005509,112.8,0.8216
17,0.9243,0.001053,0.00316,108.4,0.0
18,0.6733,0.0005249,0.001575,30.62,0.0
19,1.16,0.0008936,0.002681,83.28,0.0
20,0.5649,0.0003399,0.00102,19.93,0.0
21,0.7941,0.0006133,0.00184,57.05,0.0
22,0.787,0.0005861,0.001758,45.23,0.0
23,0.8962,0.0007501,0.00225,29.9,0.0
24,0.6344,0.0003793,0.001138,28.07,0.0
25,0.5961,0.000851,0.002553,38.42,0.0
26,0.478,0.0004614,0.001384,26.94,0.0
27,2.187,4.477,1.541,1090.0,117.3
28,2.177,3.317,1.126,1044.0,95.01
29,2.068,0.0042,0.002382,706.5,74.74
30,1.511,1.368,0.3803,285.3,4.971
31,0.5185,0.2564,0.106,51.11,0.0
32,2.025,0.0007596,0.002279,553.6,43.39
1,2.312,775200.0,334000.0,22030.0,8758.0
2,2.168,556500.0,240800.0,14770.0,7403.0
3,1.993,435900.0,187000.0,9002.0,3131.0
4,1.83,315900.0,136100.0,4849.0,0.0
5,1.689,126900.0,59220.0,4675.0,0.0
6,2.046,440500.0,186400.0,23230.0,2820.0
7,1.334,96870.0,43260.0,3437.0,0.0
8,1.304,53820.0,24720.0,2716.0,0.0
9,1.512,143200.0,59260.0,3623.0,0.0
10,1.835,332000.0,135100.0,11620.0,0.0
11,2.602,1343000.0,579200.0,59120.0,25020.0
12,2.513,1223000.0,522300.0,47550.0,19160.0
13,1.571,59040.0,28940.0,8307.0,0.0
14,2.001,195400.0,104700.0,225500.0,1895.0
15,1.97,304900.0,145300.0,430000.0,1498.0
16,1.824,156900.0,84750.0,235800.0,638.2
17,1.758,160100.0,92260.0,224300.0,0.0
18,1.482,62840.0,31580.0,61280.0,0.0
19,1.795,116500.0,67080.0,128900.0,0.0
20,1.293,19260.0,10600.0,12900.0,0.0
21,1.541,87050.0,48180.0,126900.0,0.0
22,1.577,89830.0,50110.0,149500.0,0.0
23,1.655,81620.0,39040.0,5919.0,0.0
24,1.321,52560.0,27640.0,59300.0,0.0
25,1.721,173100.0,79910.0,211600.0,0.0
26,1.426,79360.0,40230.0,122500.0,0.0
27,2.981,2660000.0,1164000.0,2224000.0,248000.0
28,2.96,2478000.0,1136000.0,1791000.0,148800.0
29,2.862,2073000.0,935300.0,1205000.0,117700.0
30,2.236,375800.0,200000.0,500400.0,4088.0
31,1.667,296500.0,133200.0,445100.0,0.0
32,2.816,1909000.0,861800.0,874000.0,60070.0
1,1.228,303.5,131.0,132.1,12.73
2,1.042,274.8,120.9,94.43,11.54
3,0.8208,272.8,123.4,59.5,3.348
4,0.6316,30.56,11.51,41.72,0.0
5,0.648,29.67,11.82,38.37,0.0
6,1.035,52.8,19.91,83.92,1.438
7,0.2202,254.4,119.1,13.97,0.0
8,0.2921,14.07,5.185,15.26,0.0
9,0.499,12.73,4.61,19.48,0.0
10,0.8176,18.31,6.437,39.29,0.0
11,1.574,363.0,149.2,318.3,29.89
12,1.462,337.8,141.1,223.6,23.02
13,0.6014,6.658,2.053,65.87,0.0
14,1.11,909.3,389.9,2014.0,9.853
15,0.8065,873.7,406.3,626.9,2.56
16,0.9262,828.3,371.6,4190.0,2.002
17,0.7563,1017.0,477.5,2093.0,0.0
18,0.5637,442.8,187.1,238.6,0.0
19,0.9266,383.5,179.2,235.9,0.0
20,0.4279,41.93,18.34,704.6,0.0
21,0.6587,588.1,264.4,1246.0,0.0
22,0.5403,134.9,59.42,605.9,0.0
23,0.7016,36.48,14.71,47.24,0.0
24,0.4475,322.9,156.8,160.2,0.0
25,0.452,189.7,89.86,176.3,0.0
26,0.2779,183.4,79.54,215.9,0.0
27,1.98,5528.0,2257.0,27880.0,371.7
28,1.962,4625.0,2030.0,19500.0,220.7
29,1.837,2836.0,1286.0,9889.0,140.9
30,1.341,1838.0,800.7,7304.0,19.26
31,0.6792,1875.0,793.2,9700.0,0.0
32,1.792,2179.0,1005.0,3497.0,68.93
1,1.514,3124.0,1342.0,127.0,30.33
2,1.354,2626.0,1148.0,95.21,26.65
3,1.218,2432.0,1084.0,48.64,6.8
4,1.011,556.1,227.7,24.86,0.0
5,0.7952,226.6,91.75,43.05,0.0
6,1.232,789.2,307.8,97.87,3.447
7,0.6403,1853.0,857.2,13.87,0.0
8,0.5793,142.4,54.94,19.43,0.0
9,0.7171,271.3,104.3,12.86,0.0
10,0.9669,490.6,186.9,26.15,0.0
11,1.787,4173.0,1734.0,519.8,90.13
12,1.708,3921.0,1641.0,289.6,65.52
13,0.5747,103.7,36.71,101.3,0.0
14,1.236,4595.0,2042.0,2741.0,29.43
15,1.245,4524.0,2030.0,1015.0,18.44
16,1.246,3737.0,1730.0,5179.0,7.44
17,1.241,6371.0,3087.0,3311.0,0.0
18,0.8508,1751.0,752.3,706.1,0.0
19,0.912,2217.0,1070.0,769.3,0.0
20,0.7051,253.8,121.7,772.5,0.0
21,0.9533,2326.0,1075.0,2433.0,0.0
22,0.7122,1530.0,694.7,613.3,0.0
23,0.8832,213.6,89.12,157.8,0.0
24,0.5015,512.2,236.9,158.6,0.0
25,0.9915,2540.0,1178.0,287.6,0.0
26,0.7366,1277.0,555.9,478.0,0.0
27,2.241,36380.0,15620.0,34970.0,2478.0
28,2.215,31500.0,14150.0,24600.0,1224.0
29,2.098,21950.0,10000.0,11320.0,794.6
30,1.56,8743.0,3940.0,9238.0,61.67
31,1.075,6457.0,2768.0,9579.0,0.0
32,2.022,15160.0,6903.0,5200.0,267.7
1,1.672,4797.0,2094.0,1334.0,43.65
2,1.536,4157.0,1831.0,964.8,37.88
3,1.351,3642.0,1623.0,452.5,10.11
4,1.18,1058.0,440.1,289.8,0.0
5,1.071,502.1,219.4,500.2,0.0
6,1.528,2217.0,915.0,1255.0,11.17
7,0.7185,2481.0,1153.0,104.5,0.0
8,0.8012,300.0,129.6,261.3,0.0
9,0.8852,404.0,164.2,165.4,0.0
10,1.341,1703.0,689.5,542.6,0.0
11,2.004,7566.0,3234.0,3445.0,137.9
12,1.918,7050.0,3008.0,2707.0,102.3
13,1.093,447.6,215.1,522.3,0.0
14,1.194,1288.0,595.2,2568.0,13.39
15,1.414,6595.0,3093.0,3561.0,14.14
16,0.9266,24.73,8.463,2597.0,1.225
17,0.8108,13.31,5.532,1684.0,0.0
18,0.5587,186.6,76.4,621.8,0.0
19,1.044,1004.0,487.5,1180.0,0.0
20,0.413,4.913,1.412,412.0,0.0
21,0.6533,10.42,3.719,1128.0,0.0
22,0.903,1214.0,611.4,1171.0,0.0
23,0.9752,286.3,129.6,392.9,0.0
24,0.7727,724.0,353.8,441.5,0.0
25,1.176,3961.0,1879.0,1617.0,0.0
26,0.8453,1621.0,764.4,1273.0,0.0
27,2.316,17790.0,7519.0,24580.0,1788.0
28,2.305,17830.0,7765.0,20370.0,1123.0
29,2.244,16470.0,7212.0,13670.0,877.6
30,1.392,1335.0,611.2,5535.0,24.18
31,0.5048,62.04,29.62,4146.0,0.0
32,2.218,16540.0,7415.0,10710.0,376.8
1,1.833,14510.0,6296.0,1197.0,151.0
2,1.692,11870.0,5212.0,767.8,135.8
3,1.521,9655.0,4267.0,493.7,45.3
4,1.348,4361.0,1821.0,291.6,0.0
5,1.211,2367.0,1061.0,267.6,0.0
6,1.539,5873.0,2389.0,1254.0,21.13
7,0.892,5058.0,2381.0,161.5,0.0
8,0.8459,1075.0,472.4,166.6,0.0
9,1.032,1524.0,609.6,192.6,0.0
10,1.313,4113.0,1604.0,674.7,0.0
11,2.113,22570.0,9637.0,3090.0,384.2
12,2.022,20420.0,8677.0,2565.0,287.7
13,1.035,759.1,311.4,354.5,0.0
14,1.494,7277.0,3591.0,3194.0,65.85
15,1.557,11370.0,5450.0,2569.0,41.24
16,1.37,5236.0,2613.0,4850.0,12.05
17,1.294,8495.0,4513.0,6362.0,0.0
18,1.021,2727.0,1255.0,761.1,0.0
19,1.255,3926.0,2112.0,1149.0,0.0
20,0.8214,828.5,415.7,748.1,0.0
21,1.081,3089.0,1535.0,2208.0,0.0
22,1.136,3940.0,2094.0,982.8,0.0
23,1.201,1848.0,844.2,281.0,0.0
24,0.8038,988.3,509.8,333.8,0.0
25,1.339,7233.0,3487.0,1004.0,0.0
26,0.996,2949.0,1401.0,1044.0,0.0
27,2.502,71700.0,32210.0,45950.0,5026.0
28,2.478,64720.0,30300.0,31690.0,2817.0
29,2.38,50960.0,23750.0,19110.0,2111.0
30,1.754,13140.0,6488.0,9063.0,112.7
31,1.326,11750.0,5395.0,15020.0,0.0
32,2.334,42810.0,19740.0,9771.0,987.7
1,2.025,37270.0,15710.0,2650.0,343.2
2,1.87,27980.0,11890.0,1896.0,292.7
3,1.735,24000.0,10260.0,1080.0,107.8
4,1.563,14790.0,6127.0,671.7,0.0
5,1.3,4439.0,1962.0,488.8,0.0
6,1.771,21330.0,8675.0,1820.0,57.22
7,1.131,8342.0,3880.0,343.6,0.0
8,0.9604,2819.0,1227.0,260.4,0.0
9,1.269,5352.0,2138.0,376.6,0.0
10,1.598,16310.0,6435.0,1016.0,0.0
11,2.289,62090.0,25790.0,5199.0,1042.0
12,2.225,58210.0,24100.0,4566.0,720.0
13,1.132,1732.0,763.9,445.4,0.0
14,1.546,9909.0,4639.0,102300.0,37.67
15,1.591,16120.0,7586.0,56640.0,106.3
16,1.36,6152.0,3060.0,64820.0,60.07
17,1.256,7571.0,4113.0,60390.0,0.0
18,1.052,3618.0,1680.0,41630.0,0.0
19,1.327,4809.0,2582.0,52160.0,0.0
20,0.8238,1056.0,523.2,778.6,0.0
21,1.075,3595.0,1833.0,38230.0,0.0
22,1.106,3747.0,1944.0,51500.0,0.0
23,1.211,3314.0,1496.0,359.7,0.0
24,0.9033,2212.0,1111.0,1748.0,0.0
25,1.361,9576.0,4610.0,30830.0,0.0
26,1.028,3699.0,1758.0,23450.0,0.0
27,2.587,114100.0,45790.0,646600.0,12600.0
28,2.572,109200.0,46660.0,466000.0,7784.0
29,2.492,92440.0,39360.0,258400.0,6171.0
30,1.777,16700.0,7920.0,179700.0,177.0
31,1.104,6378.0,3011.0,189100.0,0.0
32,2.459,86690.0,37430.0,179800.0,3056.0
1,1.951,27820.0,11750.0,2207.0,414.1
2,1.795,20200.0,8607.0,1581.0,361.9
3,1.643,16130.0,6894.0,1111.0,160.2
4,1.474,10450.0,4391.0,782.9,0.0
5,1.266,4315.0,1948.0,455.4,0.0
6,1.729,17990.0,7471.0,2086.0,40.28
7,0.9994,4534.0,2105.0,293.3,0.0
8,1.004,2875.0,1278.0,295.9,0.0
9,1.173,4803.0,1921.0,303.6,0.0
10,1.51,13260.0,5328.0,1157.0,0.0
11,2.261,53030.0,22370.0,5425.0,1085.0
12,2.169,46060.0,19220.0,4575.0,768.6
13,1.351,4444.0,1979.0,905.8,0.0
14,1.527,6373.0,3099.0,4521.0,68.38
15,1.805,32020.0,15260.0,56350.0,278.8
16,1.432,6117.0,3101.0,18150.0,54.98
17,1.619,19450.0,10950.0,99150.0,0.0
18,0.9997,2853.0,1321.0,490.5,0.0
19,1.317,2818.0,1530.0,1068.0,0.0
20,0.885,1140.0,579.1,1566.0,0.0
21,1.148,3431.0,1771.0,12670.0,0.0
22,1.413,10660.0,5854.0,60350.0,0.0
23,1.316,5032.0,2284.0,353.9,0.0
24,1.167,5663.0,3051.0,709.6,0.0
25,1.551,19010.0,8962.0,27530.0,0.0
26,1.254,7035.0,3406.0,27630.0,0.0
27,2.678,143400.0,61500.0,290600.0,17650.0
28,2.666,144500.0,66240.0,273400.0,9878.0
29,2.6,132200.0,61070.0,235600.0,7749.0
30,1.796,12960.0,6386.0,29310.0,217.5
31,1.265,9273.0,4332.0,20440.0,0.0
32,2.544,114200.0,52820.0,127600.0,3509.0
1,2.875,182600.0,80510.0,1267.0,1837.0
2,2.752,139900.0,61860.0,893.8,1571.0
3,2.542,96960.0,42220.0,533.6,587.1
4,2.394,71480.0,31230.0,332.6,0.0
5,2.348,45690.0,21570.0,259.8,0.0
6,2.557,96040.0,41520.0,771.9,617.0
7,1.855,22170.0,10110.0,156.0,0.0
8,1.83,13190.0,6042.0,135.9,0.0
9,2.021,26590.0,11130.0,198.7,0.0
10,2.343,70110.0,29160.0,408.6,0.0
11,3.145,314200.0,138900.0,2580.0,5586.0
12,3.055,280300.0,122600.0,2132.0,4255.0
13,2.08,17800.0,8801.0,282.6,0.0
14,2.656,99800.0,51480.0,90050.0,965.0
15,2.416,70420.0,34280.0,19550.0,532.5
16,2.442,70740.0,37440.0,21940.0,230.4
17,2.311,61560.0,34990.0,2869.0,0.0
18,2.165,34950.0,16760.0,40110.0,0.0
19,2.45,58180.0,32510.0,46550.0,0.0
20,1.916,8518.0,4788.0,404.5,0.0
21,2.166,41440.0,22160.0,12980.0,0.0
22,2.041,26400.0,14270.0,2751.0,0.0
23,2.248,24560.0,11830.0,230.7,0.0
24,1.824,15140.0,8097.0,6223.0,0.0
25,2.156,36820.0,17410.0,6040.0,0.0
26,1.876,18420.0,9122.0,2137.0,0.0
27,3.511,800400.0,366400.0,282200.0,61150.0
28,3.495,722000.0,345100.0,226200.0,36300.0
29,3.373,530800.0,249700.0,56870.0,27420.0
30,2.875,180700.0,93680.0,124800.0,1804.0
31,2.309,129400.0,59680.0,53750.0,0.0
32,3.332,468500.0,218300.0,46560.0,13930.0
1,2.706,68790.0,30030.0,1030.0,801.0
2,2.582,53690.0,23400.0,762.5,752.7
3,2.363,36070.0,15500.0,368.6,357.2
4,2.198,27110.0,11770.0,217.7,0.0
5,2.16,16920.0,7846.0,241.5,0.0
6,2.365,30790.0,13510.0,576.2,62.93
7,1.66,5982.0,2630.0,101.9,0.0
8,1.649,4779.0,2184.0,117.9,0.0
9,1.837,9339.0,3963.0,118.2,0.0
10,2.129,21110.0,8950.0,266.3,0.0
11,2.989,116300.0,51460.0,2101.0,1948.0
12,2.886,101700.0,44400.0,1693.0,1438.0
13,1.974,7924.0,4005.0,246.9,0.0
14,2.539,36830.0,19360.0,9300.0,74.37
15,2.374,34990.0,16950.0,9029.0,207.9
16,2.285,33140.0,17480.0,6005.0,127.2
17,2.144,19860.0,11510.0,1852.0,0.0
18,1.987,10850.0,5184.0,5887.0,0.0
19,2.343,22050.0,12340.0,2159.0,0.0
20,1.746,3187.0,1810.0,330.9,0.0
21,1.992,16610.0,8928.0,3289.0,0.0
22,1.987,11840.0,6440.0,738.4,0.0
23,2.093,8615.0,4105.0,217.3,0.0
24,1.72,6635.0,3516.0,2324.0,0.0
25,2.119,17220.0,8121.0,4367.0,0.0
26,1.826,10510.0,5261.0,641.7,0.0
27,3.447,425600.0,193400.0,179600.0,30030.0
28,3.405,337900.0,162200.0,54110.0,15450.0
29,3.279,238300.0,113000.0,21380.0,11530.0
30,2.747,76500.0,40000.0,19790.0,431.4
31,2.203,83550.0,37570.0,127300.0,0.0
32,3.218,194900.0,91380.0,17510.0,5327.0
1,2.497,8615.0,3674.0,461.5,96.4
2,2.346,5963.0,2526.0,317.3,73.81
3,2.168,3950.0,1650.0,201.4,18.96
4,2.005,2799.0,1174.0,121.3,0.0
5,1.872,2040.0,921.8,107.7,0.0
6,2.353,7372.0,3260.0,320.1,41.85
7,1.502,869.4,380.1,54.32,0.0
8,1.572,1271.0,556.7,62.43,0.0
9,1.688,1413.0,577.7,62.74,0.0
10,2.157,4923.0,2100.0,160.1,0.0
11,2.83,18930.0,8290.0,1013.0,350.6
12,2.745,16250.0,7042.0,827.3,251.5
13,1.767,1423.0,724.0,103.2,0.0
14,2.184,6037.0,3088.0,788.5,71.64
15,2.099,8218.0,3962.0,788.5,78.21
16,2.003,8213.0,4283.0,1053.0,40.21
17,1.894,6372.0,3881.0,656.8,0.0
18,1.654,2244.0,1049.0,194.9,0.0
19,1.984,2987.0,1634.0,371.8,0.0
20,1.474,774.8,445.3,125.7,0.0
21,1.721,4042.0,2163.0,425.3,0.0
22,1.686,2619.0,1423.0,309.9,0.0
23,1.851,1809.0,823.1,97.14,0.0
24,1.485,1495.0,767.1,181.1,0.0
25,1.843,3487.0,1634.0,274.2,0.0
26,1.555,2998.0,1478.0,266.6,0.0
27,3.172,84230.0,38560.0,8320.0,6160.0
28,3.152,65310.0,31920.0,7151.0,3051.0
29,3.057,46050.0,22530.0,4675.0,2173.0
30,2.417,15950.0,8190.0,2080.0,184.5
31,1.829,23060.0,10130.0,1068.0,0.0
32,3.016,35840.0,16990.0,3194.0,1069.0
1,1.796,225.2,72.03,156.9,19.81
2,1.62,146.7,44.99,107.6,16.28
3,1.414,96.57,29.87,68.06,5.143
4,1.264,51.4,16.44,43.27,0.0
5,1.198,48.8,15.93,37.59,0.0
6,1.71,473.4,193.8,128.0,5.594
7,0.733,31.74,10.28,17.23,0.0
8,0.9246,66.07,23.7,22.83,0.0
9,1.027,28.85,10.0,21.78,0.0
10,1.511,326.3,133.3,71.46,0.0
11,2.169,785.9,291.6,362.0,61.02
12,2.074,715.6,268.8,299.6,45.33
13,1.241,66.76,25.6,38.9,0.0
14,1.653,237.2,99.58,277.0,7.687
15,1.458,654.2,283.3,319.1,7.468
16,1.388,256.5,126.8,355.5,3.563
17,1.25,156.0,80.67,275.1,0.0
18,1.037,89.01,34.27,81.89,0.0
19,1.501,102.4,44.02,135.8,0.0
20,0.8671,32.8,15.23,47.93,0.0
21,1.111,123.3,62.15,153.1,0.0
22,1.13,107.6,47.08,121.5,0.0
23,1.169,37.57,13.12,31.38,0.0
24,0.9696,92.92,38.35,71.54,0.0
25,1.154,263.8,117.0,111.9,0.0
26,0.9498,255.1,112.0,111.5,0.0
27,2.547,2651.0,1073.0,3815.0,523.5
28,2.535,2510.0,1046.0,2921.0,383.1
29,2.43,1941.0,798.1,1875.0,296.2
30,1.852,533.5,242.3,762.4,18.38
31,0.9558,302.9,142.8,875.4,0.0
32,2.39,1815.0,742.2,1222.0,154.5
1,1.732,305.4,108.3,147.7,12.5
2,1.58,228.2,82.67,101.4,10.44
3,1.372,133.9,46.14,66.79,3.101
4,1.212,85.0,30.58,41.6,0.0
5,1.16,92.45,37.03,33.22,0.0
6,1.536,198.9,79.4,99.03,3.574
7,0.6905,34.31,11.09,18.06,0.0
8,0.8301,50.43,19.27,18.86,0.0
9,0.9338,38.31,13.61,21.86,0.0
10,1.295,95.14,35.4,53.53,0.0
11,2.065,605.4,228.3,311.9,37.68
12,1.964,517.6,191.7,257.5,28.62
13,1.147,65.12,28.56,32.63,0.0
14,1.544,424.1,195.6,234.0,7.038
15,1.452,737.8,343.9,255.0,6.204
16,1.317,649.8,330.6,284.8,2.744
17,1.261,590.1,334.4,267.2,0.0
18,0.9794,167.7,68.75,68.69,0.0
19,1.369,174.0,84.14,116.0,0.0
20,0.7852,59.08,31.7,53.39,0.0
21,1.037,304.9,159.0,135.6,0.0
22,1.109,240.4,119.6,111.1,0.0
23,1.123,56.8,24.21,30.75,0.0
24,0.8947,118.1,53.87,43.92,0.0
25,1.171,305.4,144.0,89.05,0.0
26,0.9328,259.1,121.8,107.9,0.0
27,2.479,6340.0,2910.0,3702.0,417.9
28,2.459,4655.0,2258.0,2595.0,268.4
29,2.356,3139.0,1540.0,1646.0,197.6
30,1.759,1202.0,586.6,610.2,15.62
31,1.103,1934.0,866.0,1111.0,0.0
32,2.308,2210.0,1035.0,1088.0,96.86
1,1.431,2.567,0.322,66.7,6.914
2,1.249,1.814,0.2119,44.25,5.775
3,1.069,1.853,0.2202,33.03,1.547
4,0.9298,0.9192,0.1017,21.52,0.0
5,0.7772,0.0008188,0.002456,11.05,0.0
6,1.251,1.119,0.2112,37.51,1.697
7,0.3779,0.9779,0.1297,9.206,0.0
8,0.4416,0.000379,0.001137,5.069,0.0
9,0.6944,0.5731,0.09635,13.69,0.0
10,1.055,1.134,0.22,26.77,0.0
11,1.769,3.607,0.5121,126.0,20.71
12,1.671,3.637,0.519,107.1,15.55
13,0.8683,0.0006373,0.001912,11.09,0.0
14,1.247,1.843,0.5452,119.7,2.351
15,0.9241,0.0002499,0.0007498,74.59,1.164
16,0.9555,6.024,1.916,205.6,0.8529
17,0.8221,0.001053,0.00316,80.91,0.0
18,0.6165,0.0005249,0.001575,23.77,0.0
19,1.106,0.0008936,0.002681,49.95,0.0
20,0.4493,1.202,0.3058,35.14,0.0
21,0.6884,2.74,0.892,97.34,0.0
22,0.7303,0.0005861,0.001758,36.37,0.0
23,0.7599,0.0007501,0.00225,10.71,0.0
24,0.5819,0.0003793,0.001138,17.13,0.0
25,0.5488,0.000851,0.002553,30.57,0.0
26,0.4489,0.0004614,0.001384,23.64,0.0
27,2.134,39.73,12.07,1731.0,127.0
28,2.124,20.67,6.467,1157.0,103.0
29,2.02,3.281,0.4451,490.7,81.0
30,1.434,12.19,4.058,422.3,5.287
31,0.4278,17.24,7.727,798.0,0.0
32,1.981,3.48,0.4938,357.8,46.96
1,2.242,348400.0,151700.0,10780.0,3768.0
2,2.107,267000.0,116700.0,7626.0,3296.0
3,1.909,193300.0,83700.0,4517.0,1307.0
4,1.75,132800.0,57230.0,2881.0,0.0
5,1.67,76670.0,35690.0,2484.0,0.0
6,1.977,183100.0,78330.0,8529.0,867.3
7,1.234,51610.0,23640.0,1287.0,0.0
8,1.237,26580.0,11990.0,1382.0,0.0
9,1.411,49780.0,20630.0,1508.0,0.0
10,1.764,132500.0,54630.0,4443.0,0.0
11,2.535,600600.0,262100.0,24490.0,10770.0
12,2.443,535500.0,231200.0,20240.0,8002.0
13,1.503,34770.0,16890.0,3111.0,0.0
14,2.003,173700.0,88580.0,218100.0,1353.0
15,1.867,186500.0,89640.0,150800.0,1295.0
16,1.789,135100.0,70550.0,129600.0,542.8
17,1.682,131400.0,73950.0,179000.0,0.0
18,1.48,59880.0,28370.0,90810.0,0.0
19,1.803,98650.0,54570.0,105900.0,0.0
20,1.258,15900.0,8749.0,5980.0,0.0
21,1.507,75560.0,39950.0,75000.0,0.0
22,1.476,62440.0,33560.0,119300.0,0.0
23,1.606,45810.0,21650.0,2211.0,0.0
24,1.25,33910.0,17890.0,12410.0,0.0
25,1.61,100600.0,47630.0,72360.0,0.0
26,1.324,49210.0,24060.0,57380.0,0.0
27,2.923,1708000.0,767200.0,1550000.0,138300.0
28,2.9,1505000.0,709700.0,1130000.0,78600.0
29,2.789,1137000.0,530300.0,634800.0,59540.0
30,2.223,329700.0,168900.0,388600.0,3072.0
31,1.647,274000.0,124700.0,432800.0,0.0
32,2.742,980900.0,453800.0,406500.0,28890.0
1,1.091,60.84,24.24,120.0,5.47
2,0.907,55.19,22.79,85.72,4.543
3,0.7354,51.65,22.44,49.08,1.402
4,0.5953,6.176,2.061,32.36,0.0
5,0.4145,4.397,1.192,35.77,0.0
6,0.9283,6.405,1.489,87.66,1.139
7,0.05485,45.32,20.87,11.67,0.0
8,0.08501,1.383,0.1943,14.06,0.0
9,0.3559,2.307,0.7504,14.31,0.0
10,0.7464,0.006743,0.005911,13.66,0.0
11,1.428,74.02,26.55,285.8,18.36
12,1.337,68.2,25.38,218.0,13.43
13,0.4954,1.999,0.4329,24.12,0.0
14,0.8814,686.3,303.3,1041.0,1.259
15,0.5779,181.5,81.62,394.4,1.417
16,0.5907,443.7,190.2,1547.0,0.6093
17,0.4699,485.6,210.7,1328.0,0.0
18,0.2891,292.9,128.4,225.5,0.0
19,0.7205,308.4,147.6,240.7,0.0
20,0.08638,19.44,7.99,274.5,0.0
21,0.3155,297.8,128.9,422.2,0.0
22,0.3406,66.4,28.46,245.6,0.0
23,0.3835,5.001,1.332,54.19,0.0
24,0.2066,24.11,10.85,49.71,0.0
25,0.2256,94.96,45.62,144.4,0.0
26,0.09457,44.68,18.88,173.6,0.0
27,1.798,4113.0,1457.0,6900.0,334.6
28,1.774,2930.0,1191.0,5850.0,146.4
29,1.664,1207.0,487.0,2914.0,98.47
30,1.089,1501.0,637.4,2751.0,4.599
31,0.4199,1482.0,452.5,821.9,0.0
32,1.622,620.9,255.0,1292.0,46.45
1,1.685,4952.0,2128.0,402.5,39.91
2,1.563,4439.0,1929.0,305.3,35.74
3,1.459,4108.0,1810.0,167.9,10.65
4,1.322,968.4,389.6,117.8,0.0
5,0.8917,345.1,141.0,133.0,0.0
6,1.329,995.4,390.6,366.5,4.156
7,0.7583,3098.0,1417.0,27.06,0.0
8,0.6035,169.4,65.46,95.27,0.0
9,0.8395,293.8,114.7,30.8,0.0
10,1.121,623.3,240.2,139.9,0.0
11,1.909,6279.0,2624.0,1264.0,112.3
12,1.849,5953.0,2504.0,827.1,82.9
13,0.5989,123.4,44.25,301.7,0.0
14,1.18,7227.0,3318.0,2979.0,35.84
15,1.267,8018.0,3780.0,2310.0,20.99
16,1.051,3467.0,1542.0,3585.0,7.873
17,0.9393,4520.0,2040.0,4123.0,0.0
18,0.7703,2671.0,1188.0,832.4,0.0
19,0.8985,3999.0,1975.0,1095.0,0.0
20,0.4984,204.5,94.11,530.1,0.0
21,0.7641,2208.0,984.6,1444.0,0.0
22,0.6603,1810.0,840.5,931.1,0.0
23,0.9043,281.7,116.4,263.7,0.0
24,0.5399,1296.0,627.8,350.1,0.0
25,1.025,4446.0,2150.0,998.5,0.0
26,0.714,1672.0,750.8,737.6,0.0
27,2.226,42390.0,16910.0,30280.0,2681.0
28,2.204,36880.0,15970.0,21580.0,1392.0
29,2.116,25370.0,10990.0,13350.0,951.9
30,1.433,10930.0,4928.0,6926.0,72.11
31,0.9509,7432.0,2277.0,9040.0,0.0
32,2.078,20670.0,9162.0,7394.0,336.9
1,1.623,4658.0,1979.0,1267.0,48.88
2,1.461,3927.0,1697.0,844.3,43.07
3,1.276,3430.0,1509.0,517.0,10.12
4,1.057,719.5,289.0,264.9,0.0
5,1.006,529.5,222.2,314.4,0.0
6,1.4,1516.0,603.4,1029.0,7.603
7,0.7674,2670.0,1219.0,202.0,0.0
8,0.6565,289.3,121.1,151.6,0.0
9,0.8971,480.8,186.6,212.6,0.0
10,1.226,1047.0,407.0,543.6,0.0
11,1.894,6409.0,2649.0,2799.0,142.9
12,1.835,6155.0,2556.0,2396.0,104.4
13,0.8555,331.1,149.8,327.0,0.0
14,1.205,2324.0,1133.0,3767.0,12.2
15,1.252,6443.0,3197.0,2735.0,30.06
16,0.9023,763.8,354.4,5115.0,4.876
17,0.8332,1333.0,648.3,3487.0,0.0
18,0.6535,920.0,435.2,983.7,0.0
19,1.03,1283.0,676.3,1468.0,0.0
20,0.3625,98.27,44.51,749.5,0.0
21,0.6187,450.1,211.2,2405.0,0.0
22,0.7303,1062.0,545.6,945.5,0.0
23,0.7071,164.5,68.13,206.5,0.0
24,0.6028,883.1,470.8,326.8,0.0
25,1.002,3738.0,1869.0,1209.0,0.0
26,0.7098,1414.0,679.0,998.7,0.0
27,2.214,22470.0,9292.0,41890.0,2151.0
28,2.196,20380.0,9095.0,29240.0,1346.0
29,2.116,16960.0,7593.0,15820.0,1041.0
30,1.391,3185.0,1519.0,10220.0,33.49
31,0.878,3338.0,1134.0,12880.0,0.0
32,2.087,16170.0,7402.0,9296.0,442.6
1,2.258,37500.0,16420.0,3014.0,502.4
2,2.108,28660.0,12570.0,2035.0,431.1
3,1.955,22050.0,9686.0,1345.0,176.8
4,1.778,10050.0,4266.0,797.7,0.0
5,1.581,6874.0,3117.0,666.4,0.0
6,1.961,16360.0,7102.0,2412.0,23.49
7,1.326,11000.0,5073.0,414.2,0.0
8,1.254,2829.0,1288.0,338.3,0.0
9,1.479,4827.0,2005.0,470.9,0.0
10,1.737,10520.0,4345.0,1303.0,0.0
11,2.531,64520.0,28610.0,6614.0,935.0
12,2.447,54650.0,23870.0,5631.0,759.2
13,1.424,4504.0,2256.0,536.5,0.0
14,1.758,25830.0,13690.0,5441.0,150.3
15,1.832,31010.0,16090.0,3964.0,50.82
16,1.616,16990.0,8398.0,7291.0,113.2
17,1.448,17740.0,9142.0,4792.0,0.0
18,1.295,10230.0,5154.0,1471.0,0.0
19,1.514,13470.0,7736.0,2178.0,0.0
20,1.071,3626.0,1774.0,1055.0,0.0
21,1.328,9876.0,4911.0,3460.0,0.0
22,1.304,10620.0,5811.0,1345.0,0.0
23,1.571,6432.0,2995.0,592.7,0.0
24,1.118,4863.0,2742.0,529.4,0.0
25,1.601,17150.0,8919.0,1883.0,0.0
26,1.271,7997.0,3953.0,1290.0,0.0
27,2.828,215900.0,97640.0,61700.0,15220.0
28,2.811,201600.0,97280.0,43760.0,7980.0
29,2.731,156300.0,75230.0,25500.0,5564.0
30,2.007,44010.0,22520.0,14290.0,449.0
31,1.517,26200.0,9512.0,19020.0,0.0
32,2.703,140700.0,68830.0,17130.0,2328.0
1,2.049,34930.0,15150.0,2281.0,237.7
2,1.913,27360.0,11990.0,1539.0,191.8
3,1.7,16760.0,7311.0,923.4,48.47
4,1.529,10330.0,4442.0,545.8,0.0
5,1.499,10800.0,4877.0,552.7,0.0
6,1.812,14460.0,6250.0,2199.0,47.53
7,1.042,5009.0,2318.0,292.6,0.0
8,1.079,2762.0,1239.0,309.7,0.0
9,1.218,4194.0,1685.0,327.2,0.0
10,1.598,8839.0,3637.0,1210.0,0.0
11,2.352,59490.0,26020.0,5451.0,777.8
12,2.261,49940.0,21600.0,4644.0,551.7
13,1.263,3342.0,1551.0,473.5,0.0
14,1.835,27330.0,15220.0,37600.0,80.43
15,1.525,12270.0,6255.0,75670.0,75.33
16,1.6,15180.0,7789.0,119200.0,33.96
17,1.375,10170.0,5595.0,57810.0,0.0
18,1.321,10050.0,5262.0,12530.0,0.0
19,1.631,15820.0,9574.0,6991.0,0.0
20,1.058,3408.0,1714.0,1801.0,0.0
21,1.314,8626.0,4547.0,68740.0,0.0
22,1.114,3695.0,2045.0,10100.0,0.0
23,1.424,7312.0,3382.0,461.5,0.0
24,0.9499,2276.0,1265.0,26400.0,0.0
25,1.249,5895.0,3041.0,24530.0,0.0
26,0.9864,3623.0,1749.0,13070.0,0.0
27,2.713,161900.0,71830.0,445200.0,13820.0
28,2.686,148000.0,70560.0,409600.0,6672.0
29,2.562,101600.0,46790.0,221800.0,4923.0
30,2.047,43780.0,23430.0,163800.0,253.6
31,1.44,17400.0,7040.0,49480.0,0.0
32,2.518,90050.0,41750.0,162800.0,2291.0
1,2.439,105700.0,45410.0,8427.0,1258.0
2,2.283,77170.0,33060.0,4762.0,1045.0
3,2.129,57190.0,24350.0,2602.0,375.6
4,1.957,39900.0,16880.0,1481.0,0.0
5,1.764,21150.0,9588.0,1978.0,0.0
6,2.268,73550.0,31350.0,9404.0,388.9
7,1.492,13870.0,6284.0,996.3,0.0
8,1.473,10060.0,4507.0,765.2,0.0
9,1.655,16260.0,6755.0,1762.0,0.0
10,2.081,51750.0,21200.0,6378.0,0.0
11,2.75,204700.0,88310.0,20220.0,3742.0
12,2.674,180800.0,77270.0,18430.0,2837.0
13,1.642,14190.0,6790.0,1414.0,0.0
14,1.982,41210.0,22690.0,104500.0,381.7
15,1.91,41330.0,22010.0,74620.0,199.7
16,1.817,26480.0,13600.0,54390.0,137.1
17,1.7,33410.0,18600.0,76810.0,0.0
18,1.491,17050.0,8889.0,45500.0,0.0
19,1.763,21610.0,13240.0,50230.0,0.0
20,1.279,7113.0,3599.0,2555.0,0.0
21,1.537,15070.0,7837.0,25640.0,0.0
22,1.442,12460.0,7167.0,33010.0,0.0
23,1.741,16820.0,7786.0,877.0,0.0
24,1.36,9607.0,5556.0,6890.0,0.0
25,1.628,20400.0,10720.0,42530.0,0.0
26,1.366,10950.0,5474.0,20390.0,0.0
27,3.018,411900.0,180800.0,777300.0,40760.0
28,3.012,409400.0,192400.0,505500.0,23760.0
29,2.933,343000.0,159400.0,285600.0,18350.0
30,2.218,68960.0,36590.0,177500.0,882.9
31,1.532,21890.0,8576.0,320300.0,0.0
32,2.903,316900.0,148500.0,195100.0,9401.0
1,3.118,222800.0,97440.0,1299.0,2499.0
2,3.004,171800.0,74570.0,888.8,2162.0
3,2.947,143600.0,62250.0,585.1,964.7
4,2.863,120100.0,52480.0,363.4,0.0
5,2.101,29500.0,13520.0,266.5,0.0
6,3.181,122900.0,51810.0,933.0,818.9
7,1.88,14690.0,6497.0,146.7,0.0
8,2.056,18610.0,8406.0,169.0,0.0
9,2.049,22130.0,9284.0,164.1,0.0
10,3.135,95680.0,39270.0,518.8,0.0
11,3.481,372400.0,161700.0,2815.0,6470.0
12,3.453,346600.0,149300.0,2330.0,5192.0
13,2.309,28680.0,14080.0,364.9,0.0
14,3.447,175100.0,99120.0,14090.0,827.0
15,2.864,103600.0,59130.0,24010.0,600.9
16,3.252,115800.0,65370.0,5381.0,368.3
17,3.311,157600.0,94250.0,7041.0,0.0
18,3.092,59150.0,31190.0,1092.0,0.0
19,3.133,105200.0,62150.0,9661.0,0.0
20,2.724,14220.0,8329.0,718.6,0.0
21,2.973,62250.0,35410.0,2322.0,0.0
22,2.752,78750.0,46520.0,2822.0,0.0
23,2.093,15950.0,7555.0,231.9,0.0
24,2.251,35950.0,20850.0,6770.0,0.0
25,2.326,48890.0,26490.0,6510.0,0.0
26,2.611,16910.0,10040.0,5663.0,0.0
27,4.085,1497000.0,709000.0,273200.0,77960.0
28,4.068,1154000.0,595200.0,139300.0,42330.0
29,3.854,861100.0,435300.0,79990.0,31480.0
30,3.663,298200.0,167500.0,25110.0,1914.0
31,2.802,391700.0,156800.0,82920.0,0.0
32,3.713,710000.0,352400.0,51790.0,15060.0
1,3.311,86110.0,36730.0,1480.0,947.1
2,3.236,59910.0,25290.0,1024.0,788.1
3,3.172,42950.0,17830.0,691.0,318.9
4,3.12,31930.0,13320.0,439.9,0.0
5,2.366,17020.0,7772.0,308.9,0.0
6,2.817,59880.0,25630.0,979.6,294.1
7,1.988,7079.0,3077.0,167.2,0.0
8,2.013,8918.0,4051.0,190.7,0.0
9,2.161,12410.0,5105.0,188.7,0.0
10,2.612,42080.0,17180.0,481.1,0.0
11,3.503,175400.0,76000.0,3205.0,2958.0
12,3.443,149500.0,63820.0,2598.0,2172.0
13,2.206,10770.0,5287.0,338.4,0.0
14,2.662,32500.0,17760.0,10310.0,317.8
15,2.709,52900.0,26470.0,17420.0,280.0
16,2.487,38690.0,20670.0,5496.0,110.7
17,2.365,16230.0,9977.0,2185.0,0.0
18,2.143,9824.0,4927.0,567.4,0.0
19,2.456,19310.0,11210.0,8477.0,0.0
20,1.939,4444.0,2427.0,500.3,0.0
21,2.186,18930.0,10280.0,2729.0,0.0
22,2.202,7625.0,4389.0,10150.0,0.0
23,2.42,17520.0,8164.0,327.3,0.0
24,1.926,6589.0,3532.0,1629.0,0.0
25,2.493,27340.0,13540.0,12830.0,0.0
26,2.129,18550.0,9351.0,2156.0,0.0
27,3.803,476400.0,214400.0,156300.0,38830.0
28,3.77,424900.0,199100.0,66190.0,21920.0
29,3.696,319400.0,147300.0,45400.0,16580.0
30,2.901,81050.0,43000.0,17850.0,734.4
31,2.437,56960.0,26000.0,95310.0,0.0
32,3.655,271600.0,124900.0,39860.0,8189.0
1,2.719,14610.0,6041.0,762.7,252.4
2,2.568,10010.0,4116.0,513.2,209.3
3,2.409,6923.0,2794.0,341.1,82.39
4,2.244,4682.0,1893.0,199.3,0.0
5,2.058,3177.0,1412.0,162.2,0.0
6,2.422,7704.0,3285.0,509.7,59.19
7,1.771,1806.0,765.7,101.9,0.0
8,1.675,1421.0,598.0,99.84,0.0
9,1.947,2804.0,1135.0,115.1,0.0
10,2.217,4803.0,1938.0,256.8,0.0
11,2.989,26290.0,11110.0,1637.0,591.1
12,2.907,22610.0,9426.0,1338.0,480.8
13,1.926,2055.0,973.4,180.9,0.0
14,2.364,7896.0,4291.0,1244.0,111.7
15,2.217,8590.0,4230.0,1096.0,50.17
16,2.19,11050.0,5932.0,1657.0,41.1
17,2.055,4641.0,2971.0,1101.0,0.0
18,1.856,2456.0,1219.0,285.9,0.0
19,2.154,4275.0,2430.0,572.4,0.0
20,1.661,1414.0,784.6,242.1,0.0
21,1.909,5673.0,3099.0,723.8,0.0
22,1.799,1509.0,853.6,485.7,0.0
23,2.015,2467.0,1113.0,156.0,0.0
24,1.665,1642.0,836.3,226.2,0.0
25,1.941,3354.0,1620.0,377.1,0.0
26,1.682,3658.0,1799.0,416.3,0.0
27,3.315,81990.0,36900.0,66230.0,7274.0
28,3.303,76460.0,36460.0,10820.0,3842.0
29,3.203,50840.0,23690.0,6869.0,2827.0
30,2.599,21340.0,11300.0,3337.0,249.0
31,1.909,9564.0,4430.0,51460.0,0.0
32,3.166,42120.0,19210.0,4689.0,1439.0
1,2.29,3200.0,1271.0,477.9,67.4
2,2.142,2316.0,916.1,324.4,56.94
3,1.967,1558.0,605.4,214.4,21.8
4,1.809,1128.0,440.8,131.2,0.0
5,1.64,702.8,297.6,101.7,0.0
6,2.055,1728.0,721.2,345.8,15.36
7,1.273,293.1,119.1,59.56,0.0
8,1.28,316.0,125.1,57.28,0.0
9,1.486,496.0,194.6,72.1,0.0
10,1.845,1031.0,412.7,198.6,0.0
11,2.588,5752.0,2336.0,1019.0,154.9
12,2.507,5093.0,2055.0,862.5,126.0
13,1.54,342.2,149.9,91.89,0.0
14,1.975,1421.0,733.1,571.4,20.17
15,1.71,1282.0,594.2,520.1,15.61
16,1.707,1476.0,778.8,715.1,10.45
17,1.509,450.9,259.3,482.6,0.0
18,1.391,456.9,213.0,146.3,0.0
19,1.802,730.0,397.8,275.7,0.0
20,1.168,170.7,90.24,117.0,0.0
21,1.416,692.7,370.9,325.9,0.0
22,1.308,158.1,73.97,212.1,0.0
23,1.545,399.2,170.5,80.07,0.0
24,1.246,209.0,98.87,104.8,0.0
25,1.378,481.9,221.6,187.1,0.0
26,1.175,481.2,220.4,191.1,0.0
27,2.931,16160.0,7091.0,6231.0,1602.0
28,2.906,14410.0,6505.0,5262.0,872.0
29,2.805,10050.0,4372.0,3401.0,657.2
30,2.175,3228.0,1663.0,1482.0,49.06
31,1.353,1280.0,607.2,855.6,0.0
32,2.76,8410.0,3584.0,2453.0,364.9
1,1.928,608.0,229.5,396.7,17.1
2,1.771,467.4,177.5,272.3,14.53
3,1.555,252.1,92.01,194.3,4.042
4,1.404,180.1,66.63,129.1,0.0
5,1.366,220.5,89.65,78.6,0.0
6,1.699,264.7,106.5,290.6,3.813
7,0.8714,53.33,20.42,45.43,0.0
8,0.9758,68.43,24.87,54.13,0.0
9,1.138,72.66,27.06,60.14,0.0
10,1.467,121.4,47.51,163.5,0.0
11,2.255,1097.0,425.2,821.5,47.05
12,2.147,890.1,340.5,705.7,35.68
13,1.344,102.2,41.89,72.5,0.0
14,1.813,686.7,357.4,453.8,7.31
15,1.571,734.5,345.6,440.1,5.269
16,1.61,1121.0,591.9,655.9,4.16
17,1.499,608.0,389.7,534.4,0.0
18,1.241,234.6,111.6,123.0,0.0
19,1.636,318.0,171.3,187.7,0.0
20,1.08,148.8,76.97,111.9,0.0
21,1.329,536.5,287.5,313.4,0.0
22,1.268,174.8,93.86,173.3,0.0
23,1.352,154.2,64.26,62.83,0.0
24,1.086,107.8,49.74,73.5,0.0
25,1.272,283.5,135.4,175.6,0.0
26,1.05,323.2,149.6,172.8,0.0
27,2.692,8136.0,3811.0,5354.0,632.6
28,2.67,6726.0,3279.0,4490.0,322.5
29,2.546,3829.0,1860.0,2968.0,225.7
30,2.038,2144.0,1109.0,1244.0,21.1
31,1.406,1833.0,877.9,900.0,0.0
32,2.491,2433.0,1099.0,2024.0,119.3
1,1.644,14.52,4.929,153.4,7.887
2,1.468,12.41,4.191,102.8,6.482
3,1.266,8.0,2.705,64.42,1.815
4,1.123,3.92,1.272,44.61,0.0
5,1.033,0.09779,0.04331,35.19,0.0
6,1.449,9.715,3.05,100.3,1.83
7,0.5548,0.2397,0.1077,12.78,0.0
8,0.6879,0.9152,0.08076,16.53,0.0
9,0.8909,0.4262,0.1532,27.33,0.0
10,1.226,5.831,1.881,61.19,0.0
11,1.989,34.34,11.42,331.8,22.7
12,1.88,30.24,10.05,267.4,17.15
13,1.122,0.01336,0.007287,38.09,0.0
14,1.526,0.6204,0.2611,130.9,2.848
15,1.198,14.69,5.853,117.8,1.7
16,1.265,0.01376,0.005088,133.9,1.104
17,1.144,0.001074,0.003166,130.5,0.0
18,0.889,0.001747,0.002106,42.29,0.0
19,1.382,0.002303,0.003333,70.87,0.0
20,0.7526,0.00034,0.00102,28.46,0.0
21,0.994,0.0006133,0.00184,69.99,0.0
22,0.967,0.03745,0.02069,54.47,0.0
23,1.038,0.007389,0.004879,31.07,0.0
24,0.8473,0.06015,0.02962,31.52,0.0
25,0.8295,8.047,3.042,49.7,0.0
26,0.6954,0.1521,0.06926,35.56,0.0
27,2.399,175.4,60.58,1494.0,155.7
28,2.383,136.6,48.19,1317.0,121.3
29,2.269,115.1,40.46,955.2,94.94
30,1.726,0.7936,0.3306,295.7,6.205
31,0.8453,0.2296,0.09447,133.0,0.0
32,2.221,75.76,26.7,710.9,53.17
1,2.613,515200.0,222800.0,20080.0,5883.0
2,2.505,386100.0,166300.0,12700.0,4988.0
3,2.417,298900.0,128300.0,7694.0,2017.0
4,2.332,220000.0,94470.0,4547.0,0.0
5,1.767,90330.0,41040.0,4634.0,0.0
6,2.406,299400.0,127300.0,18660.0,1666.0
7,1.451,59610.0,26810.0,2477.0,0.0
8,1.488,45440.0,20430.0,2262.0,0.0
9,1.627,63960.0,26490.0,3445.0,0.0
10,2.288,216500.0,88680.0,11270.0,0.0
11,2.886,922500.0,399800.0,46460.0,15970.0
12,2.83,822300.0,352800.0,40250.0,12370.0
13,1.717,64440.0,31320.0,4163.0,0.0
14,2.522,322200.0,178600.0,182100.0,1948.0
15,2.164,266300.0,142200.0,203300.0,1332.0
16,2.329,231400.0,125200.0,205100.0,833.5
17,2.34,247200.0,144100.0,159800.0,0.0
18,2.126,113300.0,58720.0,63800.0,0.0
19,2.243,186300.0,109700.0,81450.0,0.0
20,1.798,34870.0,18940.0,8683.0,0.0
21,2.046,124600.0,68080.0,108600.0,0.0
22,1.884,117900.0,68370.0,60480.0,0.0
23,1.764,67500.0,31420.0,3345.0,0.0
24,1.526,63440.0,36040.0,43380.0,0.0
25,1.817,132100.0,68760.0,91430.0,0.0
26,1.761,65620.0,34190.0,45300.0,0.0
27,3.32,2938000.0,1349000.0,1872000.0,201400.0
28,3.299,2496000.0,1227000.0,1243000.0,110700.0
29,3.154,1890000.0,913000.0,704600.0,82800.0
30,2.742,578300.0,314300.0,424800.0,4669.0
31,1.989,539100.0,217700.0,643100.0,0.0
32,3.074,1620000.0,777100.0,494600.0,40070.0
1,1.419,19.5,7.698,93.78,7.222
2,1.246,17.76,7.389,60.4,6.108
3,1.056,18.05,7.648,42.49,1.669
4,0.9064,1.101,0.1345,26.71,0.0
5,0.7945,0.0008188,0.002456,17.44,0.0
6,1.224,1.948,0.3597,62.24,1.542
7,0.3722,16.94,7.678,11.71,0.0
8,0.4647,0.3058,0.02532,9.538,0.0
9,0.6732,0.6807,0.1545,16.76,0.0
10,1.009,1.266,0.2866,37.4,0.0
11,1.758,20.97,7.78,190.2,20.91
12,1.653,21.15,7.887,160.2,15.71
13,0.8751,0.0006373,0.001912,16.59,0.0
14,1.261,0.0001312,0.0003937,61.75,2.211
15,0.97,0.0002499,0.0007498,73.19,1.26
16,0.9941,0.0001836,0.0005509,55.4,0.7991
17,0.872,0.001053,0.00316,70.34,0.0
18,0.6367,0.0005249,0.001575,21.12,0.0
19,1.113,0.0008936,0.002681,33.23,0.0
20,0.4832,0.0003399,0.00102,10.38,0.0
21,0.7246,0.0006133,0.00184,30.54,0.0
22,0.7235,0.0005861,0.001758,32.27,0.0
23,0.8015,0.001585,0.002582,17.44,0.0
24,0.5958,0.0003793,0.001138,16.5,0.0
25,0.6218,0.000851,0.002553,32.96,0.0
26,0.4674,0.0004614,0.001384,22.52,0.0
27,2.147,16.82,5.58,683.0,127.1
28,2.133,18.19,6.278,627.8,103.3
29,2.025,18.67,6.527,481.6,81.7
30,1.458,8.321e-05,0.0002496,127.3,5.025
31,0.5503,0.0006751,0.002025,49.17,0.0
32,1.981,19.95,7.213,382.7,47.33
1,1.106,408.3,173.4,250.3,15.63
2,0.9462,367.3,159.5,201.7,14.37
3,0.7682,342.0,152.3,62.52,4.724
4,0.6155,60.35,23.92,38.34,0.0
5,0.47,30.38,11.77,137.9,0.0
6,0.9216,93.43,34.16,170.2,1.636
7,0.1017,280.8,130.2,15.26,0.0
8,0.1563,15.53,5.242,31.65,0.0
9,0.3286,26.16,9.316,16.56,0.0
10,0.7126,56.28,20.42,63.69,0.0
11,1.44,520.7,210.3,1003.0,35.59
12,1.342,498.8,204.0,449.6,28.14
13,0.506,11.1,3.303,284.0,0.0
14,0.8814,421.8,187.4,9629.0,0.9959
15,0.7097,940.6,445.3,4021.0,0.6225
16,0.5918,191.7,75.99,14410.0,2.623
17,0.4782,214.4,94.11,7073.0,0.0
18,0.2802,123.5,55.05,2521.0,0.0
19,0.7269,229.7,118.2,3470.0,0.0
20,0.1076,11.7,4.684,1893.0,0.0
21,0.323,108.6,47.77,6793.0,0.0
22,0.3696,167.7,81.42,2635.0,0.0
23,0.4758,18.57,7.345,358.7,0.0
24,0.2265,82.25,42.03,556.4,0.0
25,0.4259,591.9,287.7,1325.0,0.0
26,0.1714,217.0,100.3,1740.0,0.0
27,1.803,3485.0,1213.0,105200.0,427.8
28,1.787,2820.0,1136.0,66010.0,249.4
29,1.689,2128.0,879.2,29080.0,181.1
30,1.069,648.4,270.9,27110.0,7.291
31,0.2209,320.7,111.4,39770.0,0.0
32,1.652,1882.0,839.8,15840.0,77.16
1,2.003,17720.0,7709.0,2513.0,122.8
2,1.863,15020.0,6596.0,1683.0,107.4
3,1.729,12850.0,5676.0,1135.0,37.85
4,1.571,4607.0,1912.0,671.0,0.0
5,1.288,2264.0,1014.0,530.9,0.0
6,1.703,6009.0,2507.0,2013.0,18.25
7,1.077,8007.0,3705.0,358.3,0.0
8,0.9413,877.5,374.9,252.8,0.0
9,1.209,1482.0,594.9,395.3,0.0
10,1.512,4240.0,1715.0,1058.0,0.0
11,2.241,25570.0,11010.0,5534.0,346.0
12,2.187,23840.0,10230.0,4721.0,253.8
13,0.9634,801.6,385.8,481.5,0.0
14,1.424,10090.0,5275.0,6899.0,51.96
15,1.23,7662.0,3941.0,4134.0,22.1
16,1.128,3834.0,1900.0,8484.0,13.54
17,0.6465,2205.0,1091.0,4110.0,0.0
18,0.9309,3338.0,1604.0,1776.0,0.0
19,1.216,6248.0,3535.0,2916.0,0.0
20,0.5763,579.4,282.9,1218.0,0.0
21,0.8387,2350.0,1168.0,3888.0,0.0
22,0.4295,986.6,520.3,984.1,0.0
23,1.104,1216.0,549.0,455.9,0.0
24,0.619,1417.0,786.6,560.6,0.0
25,0.9507,3739.0,1877.0,1661.0,0.0
26,0.6903,1787.0,893.5,1558.0,0.0
27,2.43,55070.0,24410.0,59890.0,4585.0
28,2.424,55170.0,25430.0,44430.0,2762.0
29,2.348,40840.0,18340.0,23210.0,2087.0
30,1.612,14260.0,7303.0,17100.0,108.5
31,0.6169,1918.0,728.0,16250.0,0.0
32,2.337,39310.0,17980.0,16120.0,935.0
1,2.022,23540.0,10200.0,2651.0,176.4
2,1.877,18580.0,8141.0,1843.0,153.5
3,1.686,12920.0,5632.0,1187.0,61.2
4,1.505,5894.0,2439.0,738.7,0.0
5,1.427,5794.0,2635.0,643.9,0.0
6,1.818,15060.0,6200.0,2038.0,52.2
7,1.06,6232.0,2903.0,339.6,0.0
8,1.091,2331.0,1011.0,337.4,0.0
9,1.213,2841.0,1130.0,381.7,0.0
10,1.607,10800.0,4271.0,1038.0,0.0
11,2.33,45400.0,19550.0,5768.0,521.6
12,2.245,39080.0,16600.0,4892.0,378.5
13,1.259,2870.0,1392.0,535.6,0.0
14,1.702,21550.0,11780.0,5305.0,153.0
15,1.612,18250.0,9590.0,4577.0,166.6
16,1.472,11220.0,5769.0,7233.0,55.92
17,1.369,16850.0,8919.0,5433.0,0.0
18,1.19,7370.0,3704.0,1273.0,0.0
19,1.497,12980.0,7669.0,2167.0,0.0
20,0.9289,2712.0,1328.0,1055.0,0.0
21,1.185,6572.0,3433.0,3296.0,0.0
22,1.11,6373.0,3631.0,1563.0,0.0
23,1.362,4382.0,2012.0,505.7,0.0
24,0.9831,2691.0,1510.0,611.3,0.0
25,1.355,10270.0,5323.0,2021.0,0.0
26,1.064,5165.0,2719.0,1615.0,0.0
27,2.663,140600.0,65150.0,60500.0,10980.0
28,2.643,135500.0,66130.0,45140.0,5482.0
29,2.547,100800.0,48300.0,26270.0,3895.0
30,1.915,33520.0,17830.0,14350.0,373.2
31,1.335,11850.0,5044.0,16140.0,0.0
32,2.509,84080.0,40280.0,16840.0,1675.0
1,2.672,211800.0,90350.0,3416.0,2193.0
2,2.523,151300.0,64930.0,2229.0,1847.0
3,2.38,109100.0,46170.0,1569.0,698.5
4,2.219,72410.0,30380.0,1006.0,0.0
5,1.969,43720.0,19930.0,660.4,0.0
6,2.4,113500.0,47630.0,2942.0,453.9
7,1.732,30090.0,13410.0,447.9,0.0
8,1.625,16840.0,7539.0,412.2,0.0
9,1.895,37890.0,15270.0,581.8,0.0
10,2.205,77370.0,30580.0,1687.0,0.0
11,2.936,372500.0,160000.0,7581.0,5248.0
12,2.868,329900.0,140100.0,6564.0,4136.0
13,1.816,23460.0,11550.0,743.6,0.0
14,2.185,103300.0,56580.0,20120.0,880.4
15,2.191,92180.0,47760.0,33450.0,377.7
16,1.963,66110.0,34110.0,161300.0,273.0
17,1.843,61640.0,32990.0,109300.0,0.0
18,1.673,37550.0,18710.0,1797.0,0.0
19,1.98,60950.0,36220.0,1885.0,0.0
20,1.428,20130.0,10210.0,1443.0,0.0
21,1.679,38330.0,19880.0,89600.0,0.0
22,1.677,29730.0,17140.0,10790.0,0.0
23,1.869,29420.0,13780.0,540.5,0.0
24,1.556,16610.0,9312.0,805.4,0.0
25,1.937,50540.0,25340.0,8424.0,0.0
26,1.643,26800.0,13820.0,25670.0,0.0
27,3.222,809500.0,371800.0,526000.0,59110.0
28,3.208,800600.0,380600.0,393300.0,34790.0
29,3.13,628200.0,291700.0,189600.0,26730.0
30,2.401,171800.0,91500.0,184600.0,1731.0
31,1.746,35230.0,15840.0,141400.0,0.0
32,3.101,574700.0,267900.0,77450.0,12970.0
1,2.63,255100.0,106800.0,16020.0,2291.0
2,2.476,183300.0,76820.0,9997.0,1760.0
3,2.34,136400.0,56140.0,6496.0,680.5
4,2.178,103900.0,42990.0,3638.0,0.0
5,1.907,49120.0,22360.0,2558.0,0.0
6,2.366,132300.0,56050.0,19080.0,698.2
7,1.693,25540.0,10900.0,2641.0,0.0
8,1.602,23520.0,10440.0,1860.0,0.0
9,1.861,42010.0,17020.0,2442.0,0.0
10,2.168,85290.0,34240.0,11290.0,0.0
11,2.904,451100.0,192600.0,38820.0,6576.0
12,2.829,393400.0,165400.0,36010.0,4991.0
13,1.819,28930.0,13700.0,2981.0,0.0
14,2.136,70310.0,37810.0,75380.0,348.5
15,2.311,118800.0,58850.0,182900.0,743.5
16,2.009,60660.0,31370.0,44910.0,307.3
17,1.942,76650.0,41210.0,42200.0,0.0
18,1.637,28460.0,13960.0,23720.0,0.0
19,1.912,36760.0,21970.0,41390.0,0.0
20,1.473,19850.0,9863.0,3305.0,0.0
21,1.726,33500.0,17550.0,23230.0,0.0
22,1.868,41690.0,23730.0,84280.0,0.0
23,1.88,38110.0,18000.0,1260.0,0.0
24,1.578,18100.0,10160.0,18590.0,0.0
25,2.085,70620.0,34270.0,96320.0,0.0
26,1.769,35300.0,17220.0,54640.0,0.0
27,3.23,877500.0,390200.0,691100.0,76950.0
28,3.218,883500.0,408200.0,548800.0,44050.0
29,3.143,753200.0,343100.0,414000.0,34510.0
30,2.391,133300.0,70050.0,126200.0,1154.0
31,1.823,37070.0,17090.0,169300.0,0.0
32,3.109,688400.0,314400.0,360700.0,16640.0
1,3.091,429200.0,179800.0,3490.0,3608.0
2,2.944,302800.0,127000.0,2213.0,2977.0
3,2.762,202500.0,83330.0,1506.0,922.7
4,2.591,151700.0,63170.0,875.0,0.0
5,2.477,104200.0,46950.0,501.6,0.0
6,2.867,274400.0,115000.0,2494.0,1381.0
7,2.113,41040.0,17280.0,548.1,0.0
8,2.096,42640.0,18870.0,260.3,0.0
9,2.286,79640.0,32100.0,770.0,0.0
10,2.666,193500.0,77740.0,1858.0,0.0
11,3.393,813000.0,344400.0,7132.0,12430.0
12,3.308,711200.0,297400.0,6213.0,9233.0
13,2.299,54820.0,26150.0,889.0,0.0
14,2.763,127600.0,68730.0,14230.0,918.6
15,2.646,135000.0,65410.0,95490.0,843.2
16,2.565,93850.0,50200.0,11240.0,426.5
17,2.418,83730.0,45990.0,4035.0,0.0
18,2.254,42660.0,20990.0,2824.0,0.0
19,2.554,78190.0,45420.0,8988.0,0.0
20,2.034,22240.0,11480.0,734.8,0.0
21,2.282,52430.0,28250.0,5685.0,0.0
22,2.226,47600.0,26680.0,14730.0,0.0
23,2.438,67480.0,30900.0,369.3,0.0
24,2.014,27800.0,15120.0,24330.0,0.0
25,2.388,73770.0,34190.0,52080.0,0.0
26,2.103,40490.0,19870.0,2091.0,0.0
27,3.725,1442000.0,625100.0,303300.0,142800.0
28,3.707,1419000.0,640800.0,193300.0,85590.0
29,3.609,1185000.0,523000.0,161500.0,67580.0
30,2.988,229600.0,122500.0,27440.0,2258.0
31,2.324,91090.0,42390.0,83580.0,0.0
32,3.571,1110000.0,491800.0,149800.0,34240.0
1,3.209,166000.0,69080.0,1421.0,1373.0
2,3.049,111700.0,46420.0,967.1,1117.0
3,2.865,74630.0,30300.0,607.7,426.1
4,2.673,52800.0,21600.0,337.7,0.0
5,2.585,38270.0,17130.0,333.7,0.0
6,3.021,111000.0,46030.0,1002.0,455.5
7,2.252,16510.0,6893.0,182.2,0.0
8,2.273,17840.0,7813.0,215.3,0.0
9,2.427,32820.0,13160.0,185.7,0.0
10,2.808,77760.0,30680.0,464.0,0.0
11,3.535,326400.0,137500.0,3256.0,4564.0
12,3.441,281400.0,116900.0,2590.0,3350.0
13,2.512,27740.0,12920.0,406.6,0.0
14,2.88,57360.0,31240.0,3034.0,513.4
15,2.716,54190.0,28060.0,2636.0,290.2
16,2.708,60710.0,33200.0,4265.0,175.3
17,2.557,38910.0,23570.0,2874.0,0.0
18,2.376,21220.0,10540.0,675.9,0.0
19,2.665,30690.0,17890.0,1332.0,0.0
20,2.178,9909.0,5275.0,553.4,0.0
21,2.426,31600.0,17460.0,1710.0,0.0
22,2.268,14240.0,8420.0,1188.0,0.0
23,2.606,26810.0,12050.0,332.0,0.0
24,2.225,15420.0,8368.0,630.3,0.0
25,2.41,23710.0,11550.0,860.7,0.0
26,2.175,17870.0,9353.0,915.1,0.0
27,3.861,714400.0,322700.0,47580.0,55300.0
28,3.844,652600.0,305900.0,42610.0,32510.0
29,3.748,509600.0,232700.0,21710.0,24960.0
30,3.115,127200.0,68830.0,12790.0,1110.0
31,2.466,91250.0,41570.0,4833.0,0.0
32,3.71,458200.0,206500.0,12290.0,12320.0
1,2.503,10060.0,3996.0,562.7,172.8
2,2.353,7164.0,2859.0,382.6,147.6
3,2.192,4920.0,1940.0,251.3,55.18
4,2.035,3468.0,1390.0,151.3,0.0
5,1.843,2301.0,983.1,122.4,0.0
6,2.213,4836.0,1930.0,356.1,40.27
7,1.524,1079.0,434.3,67.9,0.0
8,1.443,748.9,306.9,68.72,0.0
9,1.715,1840.0,706.1,82.38,0.0
10,2.005,3312.0,1254.0,179.8,0.0
11,2.777,17100.0,6847.0,1203.0,420.2
12,2.696,15090.0,5981.0,972.0,336.9
13,1.702,1005.0,437.3,134.6,0.0
14,2.142,3307.0,1748.0,1055.0,48.68
15,1.965,3684.0,1828.0,955.1,24.78
16,1.897,3190.0,1721.0,1416.0,20.96
17,1.79,2502.0,1513.0,955.5,0.0
18,1.573,1159.0,559.1,227.7,0.0
19,1.967,1802.0,1017.0,526.6,0.0
20,1.365,451.5,234.6,158.0,0.0
21,1.612,1572.0,856.8,562.8,0.0
22,1.592,1178.0,663.4,448.1,0.0
23,1.766,1355.0,585.1,116.3,0.0
24,1.415,597.3,296.1,236.3,0.0
25,1.691,1837.0,886.7,326.0,0.0
26,1.427,1332.0,689.3,311.3,0.0
27,3.105,42160.0,18380.0,11130.0,4008.0
28,3.085,37300.0,16970.0,9478.0,2284.0
29,2.99,28090.0,12450.0,6043.0,1761.0
30,2.349,7097.0,3752.0,2947.0,103.9
31,1.628,5917.0,2724.0,1369.0,0.0
32,2.951,24410.0,10530.0,3962.0,955.0
1,2.52,6493.0,2602.0,460.7,71.58
2,2.376,4574.0,1833.0,317.7,61.78
3,2.189,2900.0,1128.0,205.7,21.18
4,2.029,2060.0,807.5,122.5,0.0
5,1.92,1696.0,731.7,105.6,0.0
6,2.17,2437.0,1026.0,272.5,14.8
7,1.532,631.8,251.7,56.42,0.0
8,1.433,535.3,218.0,55.2,0.0
9,1.727,1203.0,466.4,65.99,0.0
10,1.951,1406.0,558.7,136.5,0.0
11,2.78,10790.0,4446.0,954.2,183.2
12,2.693,9098.0,3694.0,772.6,143.4
13,1.722,756.5,347.6,105.1,0.0
14,2.275,4718.0,2574.0,759.6,32.78
15,2.095,4823.0,2459.0,614.5,23.5
16,2.021,5063.0,2837.0,951.4,13.17
17,1.919,3505.0,2133.0,642.0,0.0
18,1.731,1567.0,761.7,185.3,0.0
19,2.089,2565.0,1464.0,349.0,0.0
20,1.49,701.7,391.8,147.1,0.0
21,1.738,2391.0,1369.0,409.6,0.0
22,1.741,1686.0,986.6,264.5,0.0
23,1.826,1191.0,525.6,98.15,0.0
24,1.462,731.9,377.4,132.4,0.0
25,1.842,2404.0,1181.0,218.7,0.0
26,1.556,1690.0,893.3,220.9,0.0
27,3.169,55010.0,26110.0,7473.0,2705.0
28,3.146,41430.0,20610.0,6252.0,1463.0
29,3.031,27060.0,13190.0,3895.0,1040.0
30,2.48,11050.0,6036.0,1950.0,80.42
31,1.896,15470.0,7129.0,1251.0,0.0
32,2.984,20020.0,9387.0,2663.0,490.9
1,1.982,798.0,300.0,360.8,17.76
2,1.824,593.5,221.6,247.6,14.77
3,1.651,442.8,164.5,173.5,4.402
4,1.505,349.0,132.1,115.4,0.0
5,1.34,151.4,59.22,72.01,0.0
6,1.704,275.2,114.0,224.1,3.297
7,0.971,76.86,28.87,40.72,0.0
8,0.9424,47.04,17.19,38.14,0.0
9,1.214,120.0,45.27,57.25,0.0
10,1.491,162.5,66.01,123.2,0.0
11,2.266,1201.0,461.7,715.8,45.55
12,2.181,1087.0,417.8,605.0,34.75
13,1.279,73.74,31.4,67.85,0.0
14,1.718,320.6,170.8,347.6,5.312
15,1.389,264.8,127.8,300.9,4.233
16,1.435,322.9,179.8,368.7,2.882
17,1.296,169.4,102.6,294.5,0.0
18,1.124,108.9,50.68,88.87,0.0
19,1.557,161.0,91.0,183.9,0.0
20,0.9075,52.82,28.33,62.04,0.0
21,1.155,155.8,87.92,170.4,0.0
22,1.093,49.57,24.57,108.7,0.0
23,1.239,75.63,30.89,61.73,0.0
24,1.004,53.88,25.6,72.29,0.0
25,1.027,82.86,37.63,101.0,0.0
26,0.8889,112.4,54.68,107.7,0.0
27,2.609,3122.0,1383.0,3575.0,382.1
28,2.595,2790.0,1282.0,3040.0,249.7
29,2.489,1963.0,854.2,2059.0,192.7
30,1.911,713.6,383.4,795.2,13.45
31,1.081,460.8,215.5,484.2,0.0
32,2.45,1716.0,715.8,1559.0,107.0
1,1.603,18.78,5.003,269.0,7.985
2,1.427,13.71,3.645,186.9,6.705
3,1.224,6.045,1.431,112.2,2.026
4,1.08,2.569,0.6534,70.15,0.0
5,0.9974,7.262,2.232,72.93,0.0
6,1.398,21.5,7.043,199.5,1.948
7,0.5196,1.856,0.4153,25.11,0.0
8,0.6524,8.489,2.663,41.84,0.0
9,0.8524,0.9733,0.2284,33.79,0.0
10,1.169,6.37,2.112,102.6,0.0
11,1.939,56.68,16.59,605.1,22.84
12,1.833,42.5,12.34,483.7,17.33
13,1.038,7.515,2.147,65.26,0.0
14,1.449,47.64,16.5,314.7,2.591
15,1.125,40.08,14.21,322.7,1.585
16,1.166,51.51,22.67,377.7,1.151
17,1.025,34.44,15.13,285.1,0.0
18,0.8254,17.63,5.475,79.74,0.0
19,1.3,15.86,5.465,147.5,0.0
20,0.6493,9.751,3.436,59.27,0.0
21,0.8911,23.79,10.69,183.9,0.0
22,0.8364,7.886,2.617,96.14,0.0
23,0.9896,9.387,3.13,79.38,0.0
24,0.7481,4.183,1.161,49.14,0.0
25,0.7897,22.09,8.479,161.3,0.0
26,0.6032,12.14,4.224,94.82,0.0
27,2.319,341.5,126.7,3316.0,153.9
28,2.305,311.0,114.5,2783.0,119.7
29,2.193,183.6,66.39,1878.0,92.68
30,1.641,110.0,42.44,756.4,6.322
31,0.7651,46.31,24.36,529.8,0.0
32,2.151,134.3,45.06,1392.0,51.8
1,2.605,1121000.0,471100.0,31510.0,10060.0
2,2.453,795600.0,335000.0,20330.0,8213.0
3,2.28,557000.0,230600.0,13350.0,2916.0
4,2.107,397300.0,164800.0,7791.0,0.0
5,1.967,247500.0,111800.0,5757.0,0.0
6,2.373,659900.0,276500.0,30850.0,3122.0
7,1.641,129500.0,55940.0,4734.0,0.0
8,1.615,105400.0,46600.0,3583.0,0.0
9,1.818,199900.0,80500.0,5029.0,0.0
10,2.166,453900.0,181100.0,18030.0,0.0
11,2.904,2064000.0,877000.0,72770.0,30420.0
12,2.819,1805000.0,757000.0,64430.0,22920.0
13,1.843,140500.0,66910.0,6710.0,0.0
14,2.256,399000.0,216100.0,137100.0,2958.0
15,2.143,435900.0,218500.0,329500.0,2499.0
16,2.058,305200.0,161400.0,255000.0,1293.0
17,1.923,286400.0,157600.0,177300.0,0.0
18,1.739,143600.0,70940.0,35190.0,0.0
19,2.052,230600.0,135400.0,63390.0,0.0
20,1.527,76650.0,39100.0,10640.0,0.0
21,1.775,169000.0,90100.0,135600.0,0.0
22,1.712,143700.0,81890.0,117100.0,0.0
23,1.937,170100.0,78440.0,4195.0,0.0
24,1.565,83500.0,46000.0,46590.0,0.0
25,1.872,237600.0,115000.0,163500.0,0.0
26,1.602,130800.0,65610.0,88990.0,0.0
27,3.232,4143000.0,1847000.0,1820000.0,357500.0
28,3.215,4031000.0,1867000.0,1356000.0,209700.0
29,3.12,3278000.0,1484000.0,879700.0,163100.0
30,2.481,729300.0,388500.0,416200.0,6951.0
31,1.827,290600.0,132900.0,475000.0,0.0
32,3.083,3002000.0,1360000.0,659000.0,80520.0
1,2.273,547200.0,244500.0,13190.0,5193.0
2,2.138,404600.0,181200.0,8611.0,4367.0
3,1.986,298700.0,132300.0,5384.0,1691.0
4,1.849,211900.0,93550.0,3373.0,0.0
5,1.608,110100.0,52620.0,2942.0,0.0
6,2.021,309900.0,136600.0,13220.0,1512.0
7,1.251,73020.0,34290.0,1782.0,0.0
8,1.235,43800.0,20540.0,1694.0,0.0
9,1.428,84280.0,35900.0,2109.0,0.0
10,1.836,223700.0,94800.0,7445.0,0.0
11,2.556,954400.0,428000.0,32390.0,15360.0
12,2.478,863800.0,383400.0,27350.0,11580.0
13,1.473,53590.0,27340.0,3862.0,0.0
14,2.025,230800.0,122900.0,117500.0,1830.0
15,1.838,265700.0,133100.0,154000.0,1384.0
16,1.805,169200.0,86510.0,136600.0,621.9
17,1.732,171200.0,94550.0,111100.0,0.0
18,1.574,77210.0,38590.0,36190.0,0.0
19,1.788,136800.0,78600.0,60610.0,0.0
20,1.273,18790.0,10270.0,7231.0,0.0
21,1.522,96320.0,49760.0,73160.0,0.0
22,1.461,88290.0,49050.0,55590.0,0.0
23,1.56,57470.0,28090.0,2599.0,0.0
24,1.218,51040.0,28410.0,27210.0,0.0
25,1.565,140500.0,68360.0,70200.0,0.0
26,1.323,67060.0,33760.0,40520.0,0.0
27,2.924,2325000.0,1041000.0,1159000.0,189600.0
28,2.905,2125000.0,1005000.0,846900.0,108800.0
29,2.793,1679000.0,787300.0,510300.0,83110.0
30,2.24,420400.0,217800.0,278700.0,3910.0
31,1.567,303200.0,126800.0,331400.0,0.0
32,2.744,1501000.0,707800.0,350600.0,40250.0
